"CreationTime","Id","Operation","UserId","Workload","SiteUrl","ObjectId","SourceFileName","TargetUserOrGroupName","TargetUserOrGroupType"
"2026-01-04T11:57:21Z","0a64a2e2-80a7-b229-bbb4-25d68d20cf38","AnonymousLinkCreated","marlowe.quintero@example.com","OneDrive","https://example-my.sharepoint.com/personal/avery_abara_example_com/","https://example-my.sharepoint.com/personal/avery_abara_example_com/Shared Documents/Architecture Review.pptx","Architecture Review.pptx","",""
"2026-01-12T13:16:41Z","95e09080-df61-192f-b7ab-3480eeb245c8","AnonymousLinkCreated","logan.ibarra2@example.com","SharePoint","https://example.sharepoint.com/sites/vendors/","https://example.sharepoint.com/sites/vendors/Shared Documents/Statement of Work.docx","Statement of Work.docx","",""
"2026-01-13T08:04:58Z","c649ec34-0a37-0a3c-27d6-3b89dcf40ded","AnonymousLinkCreated","blair.gallagher@example.com","SharePoint","https://example.sharepoint.com/sites/northwind/","https://example.sharepoint.com/sites/northwind/Shared Documents/Security Questionnaire.docx","Security Questionnaire.docx","",""
"2026-01-13T13:03:34Z","a576c092-1b79-678d-a2bb-30437c276870","AnonymousLinkCreated","indigo.gallagher@example.com","OneDrive","https://example-my.sharepoint.com/personal/avery_abara_example_com/","https://example-my.sharepoint.com/personal/avery_abara_example_com/Shared Documents/Migration Plan.docx","Migration Plan.docx","",""
"2026-01-14T08:11:59Z","8b1bd2cc-5c84-5afc-303a-82596b6e9d16","AnonymousLinkCreated","kai.silva@example.com","SharePoint","https://example.sharepoint.com/sites/launch/","https://example.sharepoint.com/sites/launch/Shared Documents/Migration Plan.docx","Migration Plan.docx","",""
"2026-01-14T09:13:39Z","fa3ac0e6-148e-1854-85e3-d0496b13f1e8","AnonymousLinkCreated","noor.silva@example.com","SharePoint","https://example.sharepoint.com/sites/northwind/","https://example.sharepoint.com/sites/northwind/Shared Documents/Meeting Notes.docx","Meeting Notes.docx","",""
"2026-01-14T17:43:49Z","ff869dfd-6d91-c378-d4b4-0cf168c7df6d","AnonymousLinkCreated","xan.nakamura@example.com","SharePoint","https://example.sharepoint.com/sites/sunfish/","https://example.sharepoint.com/sites/sunfish/Shared Documents/Statement of Work.docx","Statement of Work.docx","",""
"2026-01-16T10:27:39Z","b43f2169-647f-33a5-9c34-6dba54b7a661","AnonymousLinkUsed","urn:spo:anon#663701","SharePoint","https://example.sharepoint.com/sites/vendors/","https://example.sharepoint.com/sites/vendors/Shared Documents/Security Questionnaire.docx","Security Questionnaire.docx","",""
"2026-01-17T15:53:51Z","be664d80-8ae6-5b0d-81c8-06a39c7fe4c5","AnonymousLinkCreated","tatum.zawadzki@example.com","SharePoint","https://example.sharepoint.com/sites/sunfish/","https://example.sharepoint.com/sites/sunfish/Shared Documents/Rollout Schedule.xlsx","Rollout Schedule.xlsx","",""
"2026-01-18T12:57:11Z","c4fb19f9-8e93-d188-5950-403e28830765","AnonymousLinkCreated","umi.xiong@example.com","SharePoint","https://example.sharepoint.com/sites/vendors/","https://example.sharepoint.com/sites/vendors/Shared Documents/Pricing Model.xlsx","Pricing Model.xlsx","",""
"2026-01-18T14:18:50Z","eb969953-4dab-2e8d-9777-11c4bedcbb8b","AnonymousLinkCreated","indigo.fontaine@example.com","SharePoint","https://example.sharepoint.com/sites/sunfish/","https://example.sharepoint.com/sites/sunfish/Shared Documents/Rollout Schedule.xlsx","Rollout Schedule.xlsx","",""
"2026-01-19T08:36:00Z","66c67f65-ea2d-b831-90eb-cf8bc3754b02","AnonymousLinkCreated","emery.silva@example.com","SharePoint","https://example.sharepoint.com/sites/northwind/","https://example.sharepoint.com/sites/northwind/Shared Documents/Statement of Work.docx","Statement of Work.docx","",""
"2026-01-21T07:17:04Z","cc90bde8-9be6-5cc7-fa0d-3e9e4d66c1b4","SharingSet","zephyr.gallagher@example.com","SharePoint","https://example.sharepoint.com/sites/vendors/","https://example.sharepoint.com/sites/vendors/Shared Documents/Architecture Review.pptx","Architecture Review.pptx","reese.ibarra@partner7.example.com","Guest"
"2026-01-21T12:46:48Z","e9652603-2f4c-ad1f-1227-2167e69dafa4","AnonymousLinkCreated","drew.okonkwo@example.com","SharePoint","https://example.sharepoint.com/sites/launch/","https://example.sharepoint.com/sites/launch/Shared Documents/Migration Plan.docx","Migration Plan.docx","",""
"2026-01-22T13:24:23Z","cde0923d-0df8-ca3e-5360-a1418b947c0a","AnonymousLinkCreated","quinn.fontaine@example.com","SharePoint","https://example.sharepoint.com/sites/vendors/","https://example.sharepoint.com/sites/vendors/Shared Documents/Security Questionnaire.docx","Security Questionnaire.docx","",""
"2026-01-23T07:30:07Z","d743ea82-baf0-5c62-7f37-dec261444c19","SharingSet","zephyr.gallagher@example.com","SharePoint","https://example.sharepoint.com/sites/sunfish/","https://example.sharepoint.com/sites/sunfish/Shared Documents/Statement of Work.docx","Statement of Work.docx","reese.ibarra@partner7.example.com","Guest"
"2026-01-24T11:46:23Z","4ab65fd4-68cc-932b-2c14-de366c6a82e0","AnonymousLinkUsed","urn:spo:anon#319878","SharePoint","https://example.sharepoint.com/sites/northwind/","https://example.sharepoint.com/sites/northwind/Shared Documents/Rollout Schedule.xlsx","Rollout Schedule.xlsx","",""
"2026-01-24T14:29:53Z","a7d2e732-cde9-dd0d-9955-4209742e419e","AnonymousLinkCreated","vale.ueda@example.com","SharePoint","https://example.sharepoint.com/sites/sunfish/","https://example.sharepoint.com/sites/sunfish/Shared Documents/Architecture Review.pptx","Architecture Review.pptx","",""
"2026-01-26T15:30:44Z","f21f9bf7-ecff-8c5d-537e-d0410b10f06a","AnonymousLinkCreated","wren.bergstrom@example.com","OneDrive","https://example-my.sharepoint.com/personal/avery_abara_example_com/","https://example-my.sharepoint.com/personal/avery_abara_example_com/Shared Documents/Rollout Schedule.xlsx","Rollout Schedule.xlsx","",""
"2026-01-27T07:08:48Z","603528c0-2b86-285c-654b-2c81288f3ba9","AnonymousLinkUsed","urn:spo:anon#483361","SharePoint","https://example.sharepoint.com/sites/sunfish/","https://example.sharepoint.com/sites/sunfish/Shared Documents/Statement of Work.docx","Statement of Work.docx","",""
"2026-01-27T12:35:09Z","6fa3071d-613b-57b8-e614-4c5c542c786b","AnonymousLinkCreated","wren.zawadzki@example.com","OneDrive","https://example-my.sharepoint.com/personal/avery_abara_example_com/","https://example-my.sharepoint.com/personal/avery_abara_example_com/Shared Documents/Meeting Notes.docx","Meeting Notes.docx","",""
"2026-01-27T14:39:54Z","c74275f9-9d4d-aec6-61ba-5e5411a1857e","SharingSet","quinn.silva2@example.com","SharePoint","https://example.sharepoint.com/sites/vendors/","https://example.sharepoint.com/sites/vendors/Shared Documents/Statement of Work.docx","Statement of Work.docx","reese.moreau@partner6.example.com","Guest"
"2026-01-27T16:36:44Z","ca4b16e7-e84b-dd15-f8ee-5caf884d1f6b","AnonymousLinkUsed","urn:spo:anon#429969","SharePoint","https://example.sharepoint.com/sites/launch/","https://example.sharepoint.com/sites/launch/Shared Documents/Meeting Notes.docx","Meeting Notes.docx","",""
"2026-01-28T10:43:51Z","403577d4-ac0b-6b66-26af-fd87247953f7","SharingSet","sage.quintero@example.com","SharePoint","https://example.sharepoint.com/sites/northwind/","https://example.sharepoint.com/sites/northwind/Shared Documents/Migration Plan.docx","Migration Plan.docx","umi.ibarra@partner10.example.com","Guest"
"2026-01-28T18:05:22Z","fa4dee0a-9fdc-4bb5-72a7-717ca4471e4c","SharingInvitationCreated","zephyr.gallagher@example.com","SharePoint","https://example.sharepoint.com/sites/sunfish/","https://example.sharepoint.com/sites/sunfish/Shared Documents/Migration Plan.docx","Migration Plan.docx","reese.ibarra@partner7.example.com","Guest"
"2026-01-28T20:05:22Z","a6c2ddf6-c433-5037-e59f-04fa244ebe30","SecureLinkCreated","zephyr.gallagher@example.com","SharePoint","https://example.sharepoint.com/sites/vendors/","https://example.sharepoint.com/sites/vendors/Shared Documents/Statement of Work.docx","Statement of Work.docx","reese.ibarra@partner7.example.com","Guest"
"2026-01-28T21:05:22Z","e1862727-5e8d-a270-acc3-805f8e67cac2","AddedToSecureLink","zephyr.gallagher@example.com","OneDrive","https://example-my.sharepoint.com/personal/avery_abara_example_com/","https://example-my.sharepoint.com/personal/avery_abara_example_com/Shared Documents/Meeting Notes.docx","Meeting Notes.docx","reese.ibarra@partner7.example.com","Guest"
"2026-01-29T00:05:22Z","c6e263e7-18c7-404f-44a8-c6e4f01c16e0","SharingInvitationAccepted","reese.ibarra@partner7.example.com","SharePoint","https://example.sharepoint.com/sites/vendors/","https://example.sharepoint.com/sites/vendors/Shared Documents/Migration Plan.docx","Migration Plan.docx","reese.ibarra@partner7.example.com","Guest"
"2026-01-29T09:07:53Z","66ff8615-3d97-3f14-4833-a9d68e601f41","AnonymousLinkCreated","drew.lindqvist@example.com","SharePoint","https://example.sharepoint.com/sites/northwind/","https://example.sharepoint.com/sites/northwind/Shared Documents/Meeting Notes.docx","Meeting Notes.docx","",""
"2026-01-29T13:36:08Z","3baf3276-8449-2577-bf6d-0db82c03144f","SecureLinkUsed","reese.ibarra@partner7.example.com","SharePoint","https://example.sharepoint.com/sites/vendors/","https://example.sharepoint.com/sites/vendors/Shared Documents/Migration Plan.docx","Migration Plan.docx","reese.ibarra@partner7.example.com","Guest"
"2026-01-31T12:52:16Z","e89ec60b-7c3e-08b0-dec2-c2652e67fd65","SharingSet","blair.rasmussen2@example.com","SharePoint","https://example.sharepoint.com/sites/sunfish/","https://example.sharepoint.com/sites/sunfish/Shared Documents/Security Questionnaire.docx","Security Questionnaire.docx","umi.xiong@partner12.example.com","Guest"
"2026-02-01T10:17:42Z","0fa27d42-65d7-40b7-7f5a-a5bacf9ddc98","AnonymousLinkUsed","urn:spo:anon#825560","SharePoint","https://example.sharepoint.com/sites/northwind/","https://example.sharepoint.com/sites/northwind/Shared Documents/Architecture Review.pptx","Architecture Review.pptx","",""
"2026-02-01T16:18:37Z","aba760fb-1bb1-e351-f84d-00b272fdee9c","SharingSet","zephyr.gallagher@example.com","SharePoint","https://example.sharepoint.com/sites/northwind/","https://example.sharepoint.com/sites/northwind/Shared Documents/Architecture Review.pptx","Architecture Review.pptx","reese.ibarra@partner7.example.com","Guest"
"2026-02-03T09:11:14Z","801cb9ae-3870-15ec-9dbf-e2bcf94239d4","SharingSet","zephyr.gallagher@example.com","SharePoint","https://example.sharepoint.com/sites/sunfish/","https://example.sharepoint.com/sites/sunfish/Shared Documents/Migration Plan.docx","Migration Plan.docx","reese.ibarra@partner7.example.com","Guest"
"2026-02-03T18:53:51Z","b779f7bf-35c6-2e5e-455f-d8bd7e34eb9e","AnonymousLinkCreated","sage.vasquez@example.com","SharePoint","https://example.sharepoint.com/sites/sunfish/","https://example.sharepoint.com/sites/sunfish/Shared Documents/Migration Plan.docx","Migration Plan.docx","",""
"2026-02-04T13:41:29Z","08fcfd67-3eeb-04f2-776e-a13eb6586f9d","AnonymousLinkCreated","blair.ueda@example.com","SharePoint","https://example.sharepoint.com/sites/sunfish/","https://example.sharepoint.com/sites/sunfish/Shared Documents/Security Questionnaire.docx","Security Questionnaire.docx","",""
"2026-02-05T09:11:29Z","3ce13702-c7f5-8cdc-8c99-c87cf34aa295","AnonymousLinkCreated","tatum.ibarra@example.com","SharePoint","https://example.sharepoint.com/sites/northwind/","https://example.sharepoint.com/sites/northwind/Shared Documents/Architecture Review.pptx","Architecture Review.pptx","",""
"2026-02-05T14:16:37Z","8ccf91e1-2e09-922c-8b5d-bac7b69df914","SharingSet","blair.rasmussen2@example.com","SharePoint","https://example.sharepoint.com/sites/sunfish/","https://example.sharepoint.com/sites/sunfish/Shared Documents/Rollout Schedule.xlsx","Rollout Schedule.xlsx","umi.xiong@partner12.example.com","Guest"
"2026-02-06T07:43:41Z","6f37d328-cede-3770-7fc9-7d5468fbda0b","SharingSet","jordan.whitfield@example.com","SharePoint","https://example.sharepoint.com/sites/northwind/","https://example.sharepoint.com/sites/northwind/Shared Documents/Meeting Notes.docx","Meeting Notes.docx","blair.jovanovic@partner10.example.com","Guest"
"2026-02-07T15:02:04Z","3eabdb4f-713f-abc2-a30d-3084e709bdca","AnonymousLinkUsed","urn:spo:anon#330842","OneDrive","https://example-my.sharepoint.com/personal/avery_abara_example_com/","https://example-my.sharepoint.com/personal/avery_abara_example_com/Shared Documents/Security Questionnaire.docx","Security Questionnaire.docx","",""
"2026-02-08T09:33:18Z","4501cf57-f245-42a2-7c3f-c889cffd6b3a","SharingSet","jordan.whitfield@example.com","SharePoint","https://example.sharepoint.com/sites/launch/","https://example.sharepoint.com/sites/launch/Shared Documents/Migration Plan.docx","Migration Plan.docx","blair.jovanovic@partner10.example.com","Guest"
"2026-02-08T12:54:14Z","80097f51-d079-8d99-f8b4-1bb22ff6e9db","SharingSet","logan.ueda@example.com","SharePoint","https://example.sharepoint.com/sites/northwind/","https://example.sharepoint.com/sites/northwind/Shared Documents/Security Questionnaire.docx","Security Questionnaire.docx","jordan.abara@partner9.example.com","Guest"
"2026-02-08T17:14:14Z","e0032374-cb17-6ec9-7083-772a018873a3","SharingSet","quinn.silva2@example.com","SharePoint","https://example.sharepoint.com/sites/sunfish/","https://example.sharepoint.com/sites/sunfish/Shared Documents/Architecture Review.pptx","Architecture Review.pptx","reese.moreau@partner6.example.com","Guest"
"2026-02-09T07:29:34Z","d3598f8c-13cb-e5e0-151f-0dba037b8cb6","SharingSet","yael.kowalski@example.com","SharePoint","https://example.sharepoint.com/sites/northwind/","https://example.sharepoint.com/sites/northwind/Shared Documents/Pricing Model.xlsx","Pricing Model.xlsx","harper.rasmussen@partner3.example.com","Guest"
"2026-02-09T09:20:13Z","caf9dcbf-4fa4-ca90-744e-1dd93fd55f81","AnonymousLinkUsed","urn:spo:anon#670861","SharePoint","https://example.sharepoint.com/sites/launch/","https://example.sharepoint.com/sites/launch/Shared Documents/Statement of Work.docx","Statement of Work.docx","",""
"2026-02-09T11:02:01Z","0adb30eb-8c8b-56a9-18a2-391dd4be066d","AnonymousLinkCreated","vale.ueda@example.com","SharePoint","https://example.sharepoint.com/sites/sunfish/","https://example.sharepoint.com/sites/sunfish/Shared Documents/Meeting Notes.docx","Meeting Notes.docx","",""
"2026-02-09T12:41:04Z","213d4cbf-dd64-ddcc-9887-009e5e512de0","SharingInvitationCreated","logan.ueda@example.com","SharePoint","https://example.sharepoint.com/sites/northwind/","https://example.sharepoint.com/sites/northwind/Shared Documents/Test Results.xlsx","Test Results.xlsx","jordan.abara@partner9.example.com","Guest"
"2026-02-09T13:31:10Z","13968a71-c436-56ce-f796-5c1af7a6d32f","AnonymousLinkRemoved","tatum.ibarra@example.com","SharePoint","https://example.sharepoint.com/sites/launch/","https://example.sharepoint.com/sites/launch/Shared Documents/Rollout Schedule.xlsx","Rollout Schedule.xlsx","",""
"2026-02-09T14:41:04Z","89b4d14f-ec7f-9ac5-b299-2c782eb35b0f","SecureLinkCreated","logan.ueda@example.com","SharePoint","https://example.sharepoint.com/sites/northwind/","https://example.sharepoint.com/sites/northwind/Shared Documents/Rollout Schedule.xlsx","Rollout Schedule.xlsx","jordan.abara@partner9.example.com","Guest"
"2026-02-09T15:41:04Z","28dab1bb-9750-ee37-a9b7-c35dd62bb971","AddedToSecureLink","logan.ueda@example.com","SharePoint","https://example.sharepoint.com/sites/launch/","https://example.sharepoint.com/sites/launch/Shared Documents/Architecture Review.pptx","Architecture Review.pptx","jordan.abara@partner9.example.com","Guest"
"2026-02-09T22:41:04Z","9b04a065-f863-4513-94ee-efcf3d418726","SharingInvitationAccepted","jordan.abara@partner9.example.com","SharePoint","https://example.sharepoint.com/sites/vendors/","https://example.sharepoint.com/sites/vendors/Shared Documents/Architecture Review.pptx","Architecture Review.pptx","jordan.abara@partner9.example.com","Guest"
"2026-02-10T09:43:37Z","920c9803-1ce0-1003-50e0-5c069fecc7f2","AnonymousLinkCreated","yael.ueda@example.com","SharePoint","https://example.sharepoint.com/sites/sunfish/","https://example.sharepoint.com/sites/sunfish/Shared Documents/Statement of Work.docx","Statement of Work.docx","",""
"2026-02-11T07:13:28Z","c3753a33-4e71-4d34-6a12-4e335eec068d","AnonymousLinkUsed","urn:spo:anon#940361","OneDrive","https://example-my.sharepoint.com/personal/avery_abara_example_com/","https://example-my.sharepoint.com/personal/avery_abara_example_com/Shared Documents/Statement of Work.docx","Statement of Work.docx","",""
"2026-02-12T07:19:53Z","40f4da67-17f8-fe5b-910c-19fd36428c39","AnonymousLinkCreated","blair.eriksen@example.com","SharePoint","https://example.sharepoint.com/sites/launch/","https://example.sharepoint.com/sites/launch/Shared Documents/Rollout Schedule.xlsx","Rollout Schedule.xlsx","",""
"2026-02-13T07:47:40Z","d0aa9584-f617-5e63-7efd-7516b1eac4f6","SharingSet","zephyr.gallagher@example.com","OneDrive","https://example-my.sharepoint.com/personal/avery_abara_example_com/","https://example-my.sharepoint.com/personal/avery_abara_example_com/Shared Documents/Migration Plan.docx","Migration Plan.docx","reese.ibarra@partner7.example.com","Guest"
"2026-02-13T11:33:57Z","229f4c7f-f6e1-296e-37d3-affd21c84eb3","AnonymousLinkUsed","urn:spo:anon#375649","OneDrive","https://example-my.sharepoint.com/personal/avery_abara_example_com/","https://example-my.sharepoint.com/personal/avery_abara_example_com/Shared Documents/Architecture Review.pptx","Architecture Review.pptx","",""
"2026-02-13T19:04:54Z","db3263c3-d53f-d8a6-49a6-4f3f1ea8eec1","SharingInvitationCreated","blair.rasmussen2@example.com","SharePoint","https://example.sharepoint.com/sites/vendors/","https://example.sharepoint.com/sites/vendors/Shared Documents/Migration Plan.docx","Migration Plan.docx","umi.xiong@partner12.example.com","Guest"
"2026-02-13T21:04:54Z","61db3c62-7806-151c-ef48-5577e4a3efbe","SecureLinkCreated","blair.rasmussen2@example.com","SharePoint","https://example.sharepoint.com/sites/vendors/","https://example.sharepoint.com/sites/vendors/Shared Documents/Meeting Notes.docx","Meeting Notes.docx","umi.xiong@partner12.example.com","Guest"
"2026-02-13T22:04:54Z","3448bae0-dd8a-c841-8fdc-fbd8cca5b20b","AddedToSecureLink","blair.rasmussen2@example.com","SharePoint","https://example.sharepoint.com/sites/sunfish/","https://example.sharepoint.com/sites/sunfish/Shared Documents/Test Results.xlsx","Test Results.xlsx","umi.xiong@partner12.example.com","Guest"
"2026-02-14T08:26:58Z","15fa82b8-6df7-511d-8310-4095d45422a9","AnonymousLinkCreated","oakley.vasquez@example.com","SharePoint","https://example.sharepoint.com/sites/launch/","https://example.sharepoint.com/sites/launch/Shared Documents/Security Questionnaire.docx","Security Questionnaire.docx","",""
"2026-02-14T10:05:13Z","531474bc-1957-a14d-0419-082fd10265ac","AnonymousLinkUsed","urn:spo:anon#158360","SharePoint","https://example.sharepoint.com/sites/launch/","https://example.sharepoint.com/sites/launch/Shared Documents/Test Results.xlsx","Test Results.xlsx","",""
"2026-02-14T12:04:54Z","a8e3e91f-a7ea-f8b5-640f-b9c954665202","SharingInvitationAccepted","umi.xiong@partner12.example.com","SharePoint","https://example.sharepoint.com/sites/vendors/","https://example.sharepoint.com/sites/vendors/Shared Documents/Architecture Review.pptx","Architecture Review.pptx","umi.xiong@partner12.example.com","Guest"
"2026-02-14T15:46:06Z","648ec4e5-e743-096f-c658-d7560ff60255","SharingSet","logan.quintero@example.com","SharePoint","https://example.sharepoint.com/sites/vendors/","https://example.sharepoint.com/sites/vendors/Shared Documents/Test Results.xlsx","Test Results.xlsx","jordan.lindqvist@partner3.example.com","Guest"
"2026-02-14T19:25:22Z","315331d7-6932-d20e-4737-e529dc3dbcaa","AnonymousLinkUsed","urn:spo:anon#493283","SharePoint","https://example.sharepoint.com/sites/launch/","https://example.sharepoint.com/sites/launch/Shared Documents/Security Questionnaire.docx","Security Questionnaire.docx","",""
"2026-02-15T16:00:56Z","5367f548-7bc8-1258-05f4-a4efa3e2b184","AnonymousLinkUsed","urn:spo:anon#753187","SharePoint","https://example.sharepoint.com/sites/launch/","https://example.sharepoint.com/sites/launch/Shared Documents/Test Results.xlsx","Test Results.xlsx","",""
"2026-02-16T12:33:16Z","0839e0e8-dedc-63ab-5bea-501eff2c290d","SharingSet","sage.quintero@example.com","OneDrive","https://example-my.sharepoint.com/personal/avery_abara_example_com/","https://example-my.sharepoint.com/personal/avery_abara_example_com/Shared Documents/Security Questionnaire.docx","Security Questionnaire.docx","umi.ibarra@partner10.example.com","Guest"
"2026-02-16T13:41:10Z","fc372fb7-fe15-9eb0-e372-0e88ae44ec55","SharingInvitationCreated","yael.kowalski@example.com","SharePoint","https://example.sharepoint.com/sites/northwind/","https://example.sharepoint.com/sites/northwind/Shared Documents/Security Questionnaire.docx","Security Questionnaire.docx","harper.rasmussen@partner3.example.com","Guest"
"2026-02-16T14:23:10Z","134446b9-d361-7ca2-5d1b-8b5af591669d","SharingSet","jordan.whitfield@example.com","OneDrive","https://example-my.sharepoint.com/personal/avery_abara_example_com/","https://example-my.sharepoint.com/personal/avery_abara_example_com/Shared Documents/Architecture Review.pptx","Architecture Review.pptx","blair.jovanovic@partner10.example.com","Guest"
"2026-02-16T15:41:10Z","2ec0d883-86cd-59bb-736b-425b7364370c","SecureLinkCreated","yael.kowalski@example.com","SharePoint","https://example.sharepoint.com/sites/launch/","https://example.sharepoint.com/sites/launch/Shared Documents/Meeting Notes.docx","Meeting Notes.docx","harper.rasmussen@partner3.example.com","Guest"
"2026-02-16T16:41:10Z","e0e11038-9c47-799e-f524-c40936e61446","AddedToSecureLink","yael.kowalski@example.com","SharePoint","https://example.sharepoint.com/sites/sunfish/","https://example.sharepoint.com/sites/sunfish/Shared Documents/Architecture Review.pptx","Architecture Review.pptx","harper.rasmussen@partner3.example.com","Guest"
"2026-02-17T09:28:04Z","83a7beb5-5dc7-77e4-07c5-f4cb5438c755","SharingSet","sage.quintero@example.com","SharePoint","https://example.sharepoint.com/sites/launch/","https://example.sharepoint.com/sites/launch/Shared Documents/Security Questionnaire.docx","Security Questionnaire.docx","umi.ibarra@partner10.example.com","Guest"
"2026-02-17T14:06:34Z","dc658cd1-2678-4140-7075-14ef83655719","AnonymousLinkUsed","urn:spo:anon#236590","SharePoint","https://example.sharepoint.com/sites/vendors/","https://example.sharepoint.com/sites/vendors/Shared Documents/Security Questionnaire.docx","Security Questionnaire.docx","",""
"2026-02-17T18:22:46Z","d2534f34-7748-0f34-79aa-78db91a2ed55","SharingSet","logan.okonkwo@example.com","OneDrive","https://example-my.sharepoint.com/personal/avery_abara_example_com/","https://example-my.sharepoint.com/personal/avery_abara_example_com/Shared Documents/Test Results.xlsx","Test Results.xlsx","drew.eriksen@partner12.example.com","Guest"
"2026-02-17T19:21:52Z","bf9dae80-29a5-0a3f-9f06-1ba5ac9e9e18","SecureLinkUsed","reese.ibarra@partner7.example.com","SharePoint","https://example.sharepoint.com/sites/vendors/","https://example.sharepoint.com/sites/vendors/Shared Documents/Test Results.xlsx","Test Results.xlsx","reese.ibarra@partner7.example.com","Guest"
"2026-02-18T14:11:20Z","3424d5bb-8b25-251b-01a5-2528c8090fb0","SharingSet","blair.rasmussen2@example.com","SharePoint","https://example.sharepoint.com/sites/sunfish/","https://example.sharepoint.com/sites/sunfish/Shared Documents/Meeting Notes.docx","Meeting Notes.docx","umi.xiong@partner12.example.com","Guest"
"2026-02-19T08:41:10Z","1e7ee6c6-1b55-61cd-1224-ee4e497e785d","SharingInvitationAccepted","harper.rasmussen@partner3.example.com","SharePoint","https://example.sharepoint.com/sites/northwind/","https://example.sharepoint.com/sites/northwind/Shared Documents/Test Results.xlsx","Test Results.xlsx","harper.rasmussen@partner3.example.com","Guest"
"2026-02-20T10:44:35Z","26398f05-5530-c0bd-5608-d58f39d0cbc5","AnonymousLinkUsed","urn:spo:anon#329987","SharePoint","https://example.sharepoint.com/sites/northwind/","https://example.sharepoint.com/sites/northwind/Shared Documents/Migration Plan.docx","Migration Plan.docx","",""
"2026-02-22T07:20:37Z","f9efa5c4-c538-6e33-f237-5b857a682d70","AnonymousLinkUsed","urn:spo:anon#184545","SharePoint","https://example.sharepoint.com/sites/northwind/","https://example.sharepoint.com/sites/northwind/Shared Documents/Rollout Schedule.xlsx","Rollout Schedule.xlsx","",""
"2026-02-22T10:40:41Z","f8aef8af-134e-0b6e-4431-d67905a7f46d","SharingSet","blair.rasmussen2@example.com","SharePoint","https://example.sharepoint.com/sites/launch/","https://example.sharepoint.com/sites/launch/Shared Documents/Statement of Work.docx","Statement of Work.docx","umi.xiong@partner12.example.com","Guest"
"2026-02-23T15:37:49Z","a935a491-a5e7-d211-eb11-7ad4085a126f","AnonymousLinkCreated","harper.rasmussen@example.com","SharePoint","https://example.sharepoint.com/sites/launch/","https://example.sharepoint.com/sites/launch/Shared Documents/Architecture Review.pptx","Architecture Review.pptx","",""
"2026-02-23T18:44:20Z","28b422f8-af0a-f93f-9e11-51d33788059c","SharingSet","logan.okonkwo@example.com","SharePoint","https://example.sharepoint.com/sites/northwind/","https://example.sharepoint.com/sites/northwind/Shared Documents/Pricing Model.xlsx","Pricing Model.xlsx","drew.eriksen@partner12.example.com","Guest"
"2026-02-25T12:33:45Z","8bc7a9c3-7cbd-2ce5-c4ef-56b0e6ba27c5","SharingSet","harper.okonkwo@example.com","SharePoint","https://example.sharepoint.com/sites/northwind/","https://example.sharepoint.com/sites/northwind/Shared Documents/Security Questionnaire.docx","Security Questionnaire.docx","blair.kowalski@partner6.example.com","Guest"
"2026-02-25T15:26:25Z","5a8adee1-350f-9131-270d-7ddc2bb8c230","SharingSet","logan.quintero@example.com","SharePoint","https://example.sharepoint.com/sites/northwind/","https://example.sharepoint.com/sites/northwind/Shared Documents/Migration Plan.docx","Migration Plan.docx","indigo.rasmussen@partner10.example.com","Guest"
"2026-02-27T08:36:42Z","7b010dd1-b7f3-69f4-77a6-8bba63d93c36","SharingSet","harper.okonkwo@example.com","SharePoint","https://example.sharepoint.com/sites/northwind/","https://example.sharepoint.com/sites/northwind/Shared Documents/Pricing Model.xlsx","Pricing Model.xlsx","blair.kowalski@partner6.example.com","Guest"
"2026-02-27T11:36:35Z","8518a7c3-c122-cccf-1530-752aec1d9d88","AnonymousLinkCreated","sage.vasquez2@example.com","SharePoint","https://example.sharepoint.com/sites/vendors/","https://example.sharepoint.com/sites/vendors/Shared Documents/Architecture Review.pptx","Architecture Review.pptx","",""
"2026-02-28T07:51:34Z","addb4dc3-bc62-7b05-c822-f08c2f6c6aef","SharingSet","blair.rasmussen2@example.com","SharePoint","https://example.sharepoint.com/sites/vendors/","https://example.sharepoint.com/sites/vendors/Shared Documents/Statement of Work.docx","Statement of Work.docx","umi.xiong@partner12.example.com","Guest"
"2026-02-28T13:48:26Z","8582f102-9ad3-22a3-26c5-61a1cb5fbb67","SharingSet","drew.jovanovic@example.com","SharePoint","https://example.sharepoint.com/sites/vendors/","https://example.sharepoint.com/sites/vendors/Shared Documents/Test Results.xlsx","Test Results.xlsx","parker.takahashi@partner7.example.com","Guest"
"2026-02-28T13:57:40Z","b696629a-28c7-d99a-9e96-4ff03f7b6cc4","AnonymousLinkCreated","avery.chaudhry@example.com","SharePoint","https://example.sharepoint.com/sites/sunfish/","https://example.sharepoint.com/sites/sunfish/Shared Documents/Pricing Model.xlsx","Pricing Model.xlsx","",""
"2026-02-28T19:19:08Z","421da6eb-7109-ae4c-f680-a144b7ea9506","SharingSet","jordan.whitfield@example.com","OneDrive","https://example-my.sharepoint.com/personal/avery_abara_example_com/","https://example-my.sharepoint.com/personal/avery_abara_example_com/Shared Documents/Rollout Schedule.xlsx","Rollout Schedule.xlsx","blair.jovanovic@partner10.example.com","Guest"
"2026-03-01T07:25:53Z","b05d3894-5ca8-e068-931a-b86664e31c1b","AnonymousLinkUsed","urn:spo:anon#144234","SharePoint","https://example.sharepoint.com/sites/vendors/","https://example.sharepoint.com/sites/vendors/Shared Documents/Statement of Work.docx","Statement of Work.docx","",""
"2026-03-01T16:09:38Z","da1e0cd9-bbe9-ad86-8819-a4c935703659","SharingSet","harper.quintero@example.com","SharePoint","https://example.sharepoint.com/sites/vendors/","https://example.sharepoint.com/sites/vendors/Shared Documents/Security Questionnaire.docx","Security Questionnaire.docx","finley.haddad@partner5.example.com","Guest"
"2026-03-02T08:39:53Z","11c62c0e-ff49-488f-b928-dc127abbe577","AnonymousLinkCreated","zephyr.bergstrom@example.com","OneDrive","https://example-my.sharepoint.com/personal/avery_abara_example_com/","https://example-my.sharepoint.com/personal/avery_abara_example_com/Shared Documents/Rollout Schedule.xlsx","Rollout Schedule.xlsx","",""
"2026-03-02T16:07:05Z","ae7d03e0-0c8e-9e24-b875-b6c003adccc0","SharingSet","zephyr.gallagher@example.com","SharePoint","https://example.sharepoint.com/sites/launch/","https://example.sharepoint.com/sites/launch/Shared Documents/Meeting Notes.docx","Meeting Notes.docx","reese.ibarra@partner7.example.com","Guest"
"2026-03-03T07:33:07Z","0868b2b5-99c8-d1de-3d83-69a6589eeecf","SharingSet","sage.quintero@example.com","SharePoint","https://example.sharepoint.com/sites/northwind/","https://example.sharepoint.com/sites/northwind/Shared Documents/Rollout Schedule.xlsx","Rollout Schedule.xlsx","umi.ibarra@partner10.example.com","Guest"
"2026-03-03T10:39:32Z","22118ee6-cd01-d137-125e-98ac6815f7e1","AnonymousLinkCreated","indigo.xiong@example.com","SharePoint","https://example.sharepoint.com/sites/launch/","https://example.sharepoint.com/sites/launch/Shared Documents/Meeting Notes.docx","Meeting Notes.docx","",""
"2026-03-04T13:16:06Z","30b73826-5d43-d854-78fc-29edfc91520f","SharingInvitationCreated","drew.lindqvist@example.com","SharePoint","https://example.sharepoint.com/sites/launch/","https://example.sharepoint.com/sites/launch/Shared Documents/Test Results.xlsx","Test Results.xlsx","avery.abara@partner6.example.com","Guest"
"2026-03-05T17:28:05Z","538953ca-1048-26b7-4ee2-eb65097699c4","SharingSet","harper.quintero@example.com","SharePoint","https://example.sharepoint.com/sites/launch/","https://example.sharepoint.com/sites/launch/Shared Documents/Rollout Schedule.xlsx","Rollout Schedule.xlsx","finley.haddad@partner5.example.com","Guest"
"2026-03-05T19:53:50Z","ddbf5049-2d92-eef5-223c-0f3321e12fd5","SharingSet","wren.zawadzki@example.com","SharePoint","https://example.sharepoint.com/sites/vendors/","https://example.sharepoint.com/sites/vendors/Shared Documents/Security Questionnaire.docx","Security Questionnaire.docx","casey.okonkwo@partner8.example.com","Guest"
"2026-03-06T09:16:12Z","cd5b598c-4950-a591-17a5-c52a89b8f9ec","AnonymousLinkCreated","noor.rasmussen@example.com","SharePoint","https://example.sharepoint.com/sites/sunfish/","https://example.sharepoint.com/sites/sunfish/Shared Documents/Migration Plan.docx","Migration Plan.docx","",""
"2026-03-06T10:34:30Z","d0cbfee7-e2a9-01e8-8820-bd3dfd142011","SharingSet","logan.quintero@example.com","SharePoint","https://example.sharepoint.com/sites/launch/","https://example.sharepoint.com/sites/launch/Shared Documents/Rollout Schedule.xlsx","Rollout Schedule.xlsx","jordan.lindqvist@partner3.example.com","Guest"
"2026-03-06T13:25:57Z","ddc36926-bcc2-a8f6-fdcd-963c24850ca4","SharingSet","wren.zawadzki@example.com","SharePoint","https://example.sharepoint.com/sites/launch/","https://example.sharepoint.com/sites/launch/Shared Documents/Meeting Notes.docx","Meeting Notes.docx","casey.okonkwo@partner8.example.com","Guest"
"2026-03-06T13:52:45Z","064a4924-9181-69b8-f0dd-8b6d7084c1a3","SharingSet","logan.quintero@example.com","SharePoint","https://example.sharepoint.com/sites/vendors/","https://example.sharepoint.com/sites/vendors/Shared Documents/Architecture Review.pptx","Architecture Review.pptx","indigo.rasmussen@partner10.example.com","Guest"
"2026-03-06T15:48:23Z","bc65a529-ef7b-bac1-e726-28e424c2aedb","SharingSet","oakley.xiong@example.com","SharePoint","https://example.sharepoint.com/sites/launch/","https://example.sharepoint.com/sites/launch/Shared Documents/Migration Plan.docx","Migration Plan.docx","harper.gallagher@partner7.example.com","Guest"
"2026-03-06T19:13:02Z","414a182c-c5aa-e62e-3e54-4a647d655663","AnonymousLinkUsed","urn:spo:anon#585137","OneDrive","https://example-my.sharepoint.com/personal/avery_abara_example_com/","https://example-my.sharepoint.com/personal/avery_abara_example_com/Shared Documents/Rollout Schedule.xlsx","Rollout Schedule.xlsx","",""
"2026-03-07T10:12:22Z","9f2b04bf-1496-b7a9-1244-876b79956462","SharingSet","oakley.xiong@example.com","SharePoint","https://example.sharepoint.com/sites/sunfish/","https://example.sharepoint.com/sites/sunfish/Shared Documents/Migration Plan.docx","Migration Plan.docx","harper.gallagher@partner7.example.com","Guest"
"2026-03-08T08:50:28Z","3d9f066b-3dda-438f-f043-4d4021ddcb3b","SharingInvitationCreated","emery.quintero@example.com","SharePoint","https://example.sharepoint.com/sites/sunfish/","https://example.sharepoint.com/sites/sunfish/Shared Documents/Pricing Model.xlsx","Pricing Model.xlsx","logan.nakamura@partner1.example.com","Guest"
"2026-03-08T10:06:31Z","fb16bc8f-eb42-fe68-c3dc-8f672284c93e","AnonymousLinkCreated","zephyr.lindqvist@example.com","SharePoint","https://example.sharepoint.com/sites/launch/","https://example.sharepoint.com/sites/launch/Shared Documents/Architecture Review.pptx","Architecture Review.pptx","",""
"2026-03-08T10:15:02Z","2ae18230-db10-7db1-b02d-741eb7d01189","AnonymousLinkUsed","urn:spo:anon#856377","SharePoint","https://example.sharepoint.com/sites/vendors/","https://example.sharepoint.com/sites/vendors/Shared Documents/Migration Plan.docx","Migration Plan.docx","",""
"2026-03-08T10:50:28Z","2db0abf2-28d6-cb4e-9df9-9a9aeab90027","SecureLinkCreated","emery.quintero@example.com","SharePoint","https://example.sharepoint.com/sites/vendors/","https://example.sharepoint.com/sites/vendors/Shared Documents/Test Results.xlsx","Test Results.xlsx","logan.nakamura@partner1.example.com","Guest"
"2026-03-08T11:50:28Z","35fb561f-56a5-e904-bd7b-41f4b4e1ce88","AddedToSecureLink","emery.quintero@example.com","OneDrive","https://example-my.sharepoint.com/personal/avery_abara_example_com/","https://example-my.sharepoint.com/personal/avery_abara_example_com/Shared Documents/Test Results.xlsx","Test Results.xlsx","logan.nakamura@partner1.example.com","Guest"
"2026-03-08T11:52:31Z","8164113a-2a87-58f0-5d0a-a608207de3c2","SharingSet","blair.ueda@example.com","OneDrive","https://example-my.sharepoint.com/personal/avery_abara_example_com/","https://example-my.sharepoint.com/personal/avery_abara_example_com/Shared Documents/Statement of Work.docx","Statement of Work.docx","avery.haddad@partner5.example.com","Guest"
"2026-03-08T16:04:18Z","041449ed-3a4b-70e3-c0dc-937db5b76281","SharingSet","sage.quintero@example.com","OneDrive","https://example-my.sharepoint.com/personal/avery_abara_example_com/","https://example-my.sharepoint.com/personal/avery_abara_example_com/Shared Documents/Security Questionnaire.docx","Security Questionnaire.docx","umi.ibarra@partner10.example.com","Guest"
"2026-03-08T17:40:32Z","3291fb5d-0721-1f3f-3cd5-a04810c98fbe","AnonymousLinkCreated","blair.ueda@example.com","SharePoint","https://example.sharepoint.com/sites/northwind/","https://example.sharepoint.com/sites/northwind/Shared Documents/Pricing Model.xlsx","Pricing Model.xlsx","",""
"2026-03-09T11:08:24Z","bd7ba551-424b-3274-e6af-9bfc4f8fd8c3","AnonymousLinkCreated","yael.takahashi@example.com","SharePoint","https://example.sharepoint.com/sites/vendors/","https://example.sharepoint.com/sites/vendors/Shared Documents/Meeting Notes.docx","Meeting Notes.docx","",""
"2026-03-10T12:56:07Z","d3e465d7-5c27-fd2f-6d76-b89d1046ae7a","AnonymousLinkUsed","urn:spo:anon#132866","SharePoint","https://example.sharepoint.com/sites/northwind/","https://example.sharepoint.com/sites/northwind/Shared Documents/Architecture Review.pptx","Architecture Review.pptx","",""
"2026-03-10T15:39:22Z","ae4f3be4-0804-c242-f04a-84781987b8f1","AnonymousLinkUsed","urn:spo:anon#876595","SharePoint","https://example.sharepoint.com/sites/northwind/","https://example.sharepoint.com/sites/northwind/Shared Documents/Rollout Schedule.xlsx","Rollout Schedule.xlsx","",""
"2026-03-10T19:04:50Z","a48a76c4-8a25-4372-1e95-7c4752f64947","AnonymousLinkUsed","urn:spo:anon#102785","SharePoint","https://example.sharepoint.com/sites/vendors/","https://example.sharepoint.com/sites/vendors/Shared Documents/Pricing Model.xlsx","Pricing Model.xlsx","",""
"2026-03-11T05:50:28Z","b04ba8de-07a3-e635-8b5a-33c70b4b6dfb","SharingInvitationAccepted","logan.nakamura@partner1.example.com","SharePoint","https://example.sharepoint.com/sites/vendors/","https://example.sharepoint.com/sites/vendors/Shared Documents/Test Results.xlsx","Test Results.xlsx","logan.nakamura@partner1.example.com","Guest"
"2026-03-11T07:23:45Z","c4b07c16-9cd9-64f6-54eb-752e737c1e3a","SecureLinkUsed","umi.xiong@partner12.example.com","SharePoint","https://example.sharepoint.com/sites/vendors/","https://example.sharepoint.com/sites/vendors/Shared Documents/Statement of Work.docx","Statement of Work.docx","umi.xiong@partner12.example.com","Guest"
"2026-03-11T14:16:24Z","6076c0b3-7adc-d2aa-5382-4ba8bae3fd72","SharingSet","logan.quintero@example.com","SharePoint","https://example.sharepoint.com/sites/launch/","https://example.sharepoint.com/sites/launch/Shared Documents/Architecture Review.pptx","Architecture Review.pptx","indigo.rasmussen@partner10.example.com","Guest"
"2026-03-12T19:27:19Z","a1a88e92-3817-454e-ef61-f7ed38da6b34","SharingSet","yael.eriksen@example.com","SharePoint","https://example.sharepoint.com/sites/sunfish/","https://example.sharepoint.com/sites/sunfish/Shared Documents/Pricing Model.xlsx","Pricing Model.xlsx","yael.silva@partner9.example.com","Guest"
"2026-03-13T09:39:13Z","309d1186-9461-8d45-6ed8-099810aede23","SecureLinkUsed","reese.ibarra@partner7.example.com","SharePoint","https://example.sharepoint.com/sites/sunfish/","https://example.sharepoint.com/sites/sunfish/Shared Documents/Migration Plan.docx","Migration Plan.docx","reese.ibarra@partner7.example.com","Guest"
"2026-03-13T11:55:10Z","1491058c-5bd1-b5a6-2a3f-fa98f4ce1ae0","SharingInvitationCreated","harper.ueda@example.com","OneDrive","https://example-my.sharepoint.com/personal/avery_abara_example_com/","https://example-my.sharepoint.com/personal/avery_abara_example_com/Shared Documents/Test Results.xlsx","Test Results.xlsx","sage.nakamura@partner5.example.com","Guest"
"2026-03-13T13:55:10Z","461b8895-48a2-ce8a-5668-4f52fe942715","SecureLinkCreated","harper.ueda@example.com","SharePoint","https://example.sharepoint.com/sites/launch/","https://example.sharepoint.com/sites/launch/Shared Documents/Architecture Review.pptx","Architecture Review.pptx","sage.nakamura@partner5.example.com","Guest"
"2026-03-13T14:55:10Z","2b8acef6-bf02-3827-c206-e31ab882dab4","AddedToSecureLink","harper.ueda@example.com","OneDrive","https://example-my.sharepoint.com/personal/avery_abara_example_com/","https://example-my.sharepoint.com/personal/avery_abara_example_com/Shared Documents/Rollout Schedule.xlsx","Rollout Schedule.xlsx","sage.nakamura@partner5.example.com","Guest"
"2026-03-14T07:00:41Z","e273b2bc-58c7-decb-0ec6-bd293c8e8e8f","AnonymousLinkCreated","quinn.silva2@example.com","SharePoint","https://example.sharepoint.com/sites/vendors/","https://example.sharepoint.com/sites/vendors/Shared Documents/Meeting Notes.docx","Meeting Notes.docx","",""
"2026-03-14T11:35:08Z","8ca26c50-44da-49a4-9adc-70f73fdd01e7","AnonymousLinkUsed","urn:spo:anon#962522","OneDrive","https://example-my.sharepoint.com/personal/avery_abara_example_com/","https://example-my.sharepoint.com/personal/avery_abara_example_com/Shared Documents/Rollout Schedule.xlsx","Rollout Schedule.xlsx","",""
"2026-03-14T17:04:35Z","4b938ea5-23c9-43cb-2187-cb2ff0b98c90","SharingSet","xan.kowalski@example.com","SharePoint","https://example.sharepoint.com/sites/northwind/","https://example.sharepoint.com/sites/northwind/Shared Documents/Test Results.xlsx","Test Results.xlsx","reese.quintero@partner3.example.com","Guest"
"2026-03-14T18:30:26Z","d2e48489-1414-a7a3-c746-fa8356ad7f4f","AnonymousLinkCreated","avery.silva@example.com","SharePoint","https://example.sharepoint.com/sites/vendors/","https://example.sharepoint.com/sites/vendors/Shared Documents/Statement of Work.docx","Statement of Work.docx","",""
"2026-03-15T07:31:05Z","837e8ca6-e85f-fca6-b0a4-ff29d9748479","AnonymousLinkCreated","parker.takahashi@example.com","SharePoint","https://example.sharepoint.com/sites/northwind/","https://example.sharepoint.com/sites/northwind/Shared Documents/Migration Plan.docx","Migration Plan.docx","",""
"2026-03-15T10:39:10Z","5733f62b-5b6e-91e9-abf3-15fd1c006d4a","SharingSet","oakley.jovanovic@example.com","SharePoint","https://example.sharepoint.com/sites/vendors/","https://example.sharepoint.com/sites/vendors/Shared Documents/Pricing Model.xlsx","Pricing Model.xlsx","wren.fontaine@partner6.example.com","Guest"
"2026-03-15T11:47:24Z","8aaf932d-ee90-eec1-f35b-1fd6e21c90cd","SharingSet","drew.jovanovic@example.com","SharePoint","https://example.sharepoint.com/sites/vendors/","https://example.sharepoint.com/sites/vendors/Shared Documents/Rollout Schedule.xlsx","Rollout Schedule.xlsx","parker.takahashi@partner7.example.com","Guest"
"2026-03-15T13:55:10Z","379638ec-e907-9ccf-7e7d-6739167d3b4c","SharingInvitationAccepted","sage.nakamura@partner5.example.com","SharePoint","https://example.sharepoint.com/sites/vendors/","https://example.sharepoint.com/sites/vendors/Shared Documents/Security Questionnaire.docx","Security Questionnaire.docx","sage.nakamura@partner5.example.com","Guest"
"2026-03-15T18:30:25Z","6183ee86-d086-2119-02c9-dcbe23da0a7a","SharingSet","oakley.xiong@example.com","OneDrive","https://example-my.sharepoint.com/personal/avery_abara_example_com/","https://example-my.sharepoint.com/personal/avery_abara_example_com/Shared Documents/Meeting Notes.docx","Meeting Notes.docx","harper.gallagher@partner7.example.com","Guest"
"2026-03-15T19:10:14Z","e24402f9-46f1-b484-4128-0ac27f16c1c2","SecureLinkUsed","sage.nakamura@partner5.example.com","SharePoint","https://example.sharepoint.com/sites/sunfish/","https://example.sharepoint.com/sites/sunfish/Shared Documents/Security Questionnaire.docx","Security Questionnaire.docx","sage.nakamura@partner5.example.com","Guest"
"2026-03-16T07:33:24Z","f0c6458c-e255-abde-a5fd-b921f99eb37b","SharingSet","drew.lindqvist@example.com","SharePoint","https://example.sharepoint.com/sites/sunfish/","https://example.sharepoint.com/sites/sunfish/Shared Documents/Statement of Work.docx","Statement of Work.docx","avery.abara@partner6.example.com","Guest"
"2026-03-16T09:47:46Z","2aaaf19f-d870-8ac4-5fd2-c9d7fd5a4ef0","AnonymousLinkUsed","urn:spo:anon#498348","SharePoint","https://example.sharepoint.com/sites/sunfish/","https://example.sharepoint.com/sites/sunfish/Shared Documents/Pricing Model.xlsx","Pricing Model.xlsx","",""
"2026-03-16T10:59:43Z","b574bf80-9b95-63a8-d04b-9348353c6a70","SharingSet","logan.ueda@example.com","SharePoint","https://example.sharepoint.com/sites/vendors/","https://example.sharepoint.com/sites/vendors/Shared Documents/Statement of Work.docx","Statement of Work.docx","jordan.abara@partner9.example.com","Guest"
"2026-03-16T11:06:00Z","621276fa-4b74-9496-a630-c44b3360751c","AnonymousLinkCreated","tatum.rasmussen@example.com","OneDrive","https://example-my.sharepoint.com/personal/avery_abara_example_com/","https://example-my.sharepoint.com/personal/avery_abara_example_com/Shared Documents/Architecture Review.pptx","Architecture Review.pptx","",""
"2026-03-16T12:06:49Z","3f026b7d-0e84-51fa-be8d-f24cff09cd40","SecureLinkUsed","reese.ibarra@partner7.example.com","SharePoint","https://example.sharepoint.com/sites/sunfish/","https://example.sharepoint.com/sites/sunfish/Shared Documents/Rollout Schedule.xlsx","Rollout Schedule.xlsx","reese.ibarra@partner7.example.com","Guest"
"2026-03-16T13:39:49Z","5a735467-23cd-9b5b-b7be-ac3edc73db9f","AnonymousLinkUsed","urn:spo:anon#798245","SharePoint","https://example.sharepoint.com/sites/vendors/","https://example.sharepoint.com/sites/vendors/Shared Documents/Migration Plan.docx","Migration Plan.docx","",""
"2026-03-16T14:17:27Z","9a6348f2-4ac2-722e-ae6f-9d10482aff6c","AnonymousLinkUsed","urn:spo:anon#492006","SharePoint","https://example.sharepoint.com/sites/northwind/","https://example.sharepoint.com/sites/northwind/Shared Documents/Architecture Review.pptx","Architecture Review.pptx","",""
"2026-03-16T15:13:26Z","6d23bc32-02e1-98d1-0bf4-c030f6dfad0e","SharingSet","yael.eriksen@example.com","SharePoint","https://example.sharepoint.com/sites/northwind/","https://example.sharepoint.com/sites/northwind/Shared Documents/Statement of Work.docx","Statement of Work.docx","yael.silva@partner9.example.com","Guest"
"2026-03-16T15:22:39Z","73bb87d4-1af1-74d8-0b14-998a2f67e576","SharingSet","logan.ueda@example.com","SharePoint","https://example.sharepoint.com/sites/launch/","https://example.sharepoint.com/sites/launch/Shared Documents/Meeting Notes.docx","Meeting Notes.docx","jordan.abara@partner9.example.com","Guest"
"2026-03-16T15:36:36Z","e412367a-5fff-d93e-1a27-2f6c797d9c2d","AnonymousLinkCreated","oakley.fontaine@example.com","SharePoint","https://example.sharepoint.com/sites/northwind/","https://example.sharepoint.com/sites/northwind/Shared Documents/Security Questionnaire.docx","Security Questionnaire.docx","",""
"2026-03-16T17:09:29Z","77e41ef7-97d6-e746-8751-9a17133a772f","SharingSet","drew.jovanovic@example.com","SharePoint","https://example.sharepoint.com/sites/vendors/","https://example.sharepoint.com/sites/vendors/Shared Documents/Migration Plan.docx","Migration Plan.docx","parker.takahashi@partner7.example.com","Guest"
"2026-03-16T17:37:16Z","e8ad030e-79da-abc9-ad90-9ce3e289ef1f","SharingInvitationCreated","drew.jovanovic@example.com","SharePoint","https://example.sharepoint.com/sites/northwind/","https://example.sharepoint.com/sites/northwind/Shared Documents/Architecture Review.pptx","Architecture Review.pptx","parker.takahashi@partner7.example.com","Guest"
"2026-03-16T18:09:54Z","fa4207ef-8468-b669-0584-3bdb2b3210fd","SharingSet","sage.quintero@example.com","SharePoint","https://example.sharepoint.com/sites/northwind/","https://example.sharepoint.com/sites/northwind/Shared Documents/Pricing Model.xlsx","Pricing Model.xlsx","umi.ibarra@partner10.example.com","Guest"
"2026-03-17T07:33:36Z","cbb845a8-7661-3b81-1990-fcf424cb6a0a","SecureLinkUsed","logan.nakamura@partner1.example.com","OneDrive","https://example-my.sharepoint.com/personal/avery_abara_example_com/","https://example-my.sharepoint.com/personal/avery_abara_example_com/Shared Documents/Architecture Review.pptx","Architecture Review.pptx","logan.nakamura@partner1.example.com","Guest"
"2026-03-17T07:51:31Z","bf00c255-c0bd-2dc2-4ed5-a3da10e3d67e","SecureLinkUsed","jordan.abara@partner9.example.com","SharePoint","https://example.sharepoint.com/sites/vendors/","https://example.sharepoint.com/sites/vendors/Shared Documents/Meeting Notes.docx","Meeting Notes.docx","jordan.abara@partner9.example.com","Guest"
"2026-03-17T10:37:17Z","7db76532-08b5-136c-d959-32fd58dba82b","AnonymousLinkCreated","tatum.lindqvist@example.com","SharePoint","https://example.sharepoint.com/sites/sunfish/","https://example.sharepoint.com/sites/sunfish/Shared Documents/Statement of Work.docx","Statement of Work.docx","",""
"2026-03-17T17:09:22Z","59c678dd-5708-6123-b5d3-bf3ec2aae612","AnonymousLinkUsed","urn:spo:anon#864633","SharePoint","https://example.sharepoint.com/sites/vendors/","https://example.sharepoint.com/sites/vendors/Shared Documents/Rollout Schedule.xlsx","Rollout Schedule.xlsx","",""
"2026-03-17T18:06:41Z","8e4d3672-5186-4951-6881-26bfaa89f3cc","SharingSet","quinn.silva2@example.com","SharePoint","https://example.sharepoint.com/sites/vendors/","https://example.sharepoint.com/sites/vendors/Shared Documents/Statement of Work.docx","Statement of Work.docx","reese.moreau@partner6.example.com","Guest"
"2026-03-17T19:58:09Z","8add7dc2-7423-9867-35db-91493c5d3a2a","SharingSet","sage.quintero@example.com","SharePoint","https://example.sharepoint.com/sites/northwind/","https://example.sharepoint.com/sites/northwind/Shared Documents/Pricing Model.xlsx","Pricing Model.xlsx","umi.ibarra@partner10.example.com","Guest"
"2026-03-18T09:01:43Z","b83f7ccf-b2e4-d35e-473c-e6b70bd534fd","SharingSet","blair.rasmussen2@example.com","SharePoint","https://example.sharepoint.com/sites/sunfish/","https://example.sharepoint.com/sites/sunfish/Shared Documents/Security Questionnaire.docx","Security Questionnaire.docx","umi.xiong@partner12.example.com","Guest"
"2026-03-19T09:15:09Z","184dc1e1-8142-084c-c567-cd683d2dc370","SecureLinkUsed","harper.rasmussen@partner3.example.com","SharePoint","https://example.sharepoint.com/sites/vendors/","https://example.sharepoint.com/sites/vendors/Shared Documents/Rollout Schedule.xlsx","Rollout Schedule.xlsx","harper.rasmussen@partner3.example.com","Guest"
"2026-03-19T11:32:07Z","379fc7ab-3fa7-a828-a366-8c9df23e2c21","AnonymousLinkUsed","urn:spo:anon#940259","OneDrive","https://example-my.sharepoint.com/personal/avery_abara_example_com/","https://example-my.sharepoint.com/personal/avery_abara_example_com/Shared Documents/Migration Plan.docx","Migration Plan.docx","",""
"2026-03-20T07:33:17Z","59fedade-9fb6-a1a4-537f-6389e9d4be8a","AnonymousLinkUsed","urn:spo:anon#248771","SharePoint","https://example.sharepoint.com/sites/sunfish/","https://example.sharepoint.com/sites/sunfish/Shared Documents/Security Questionnaire.docx","Security Questionnaire.docx","",""
"2026-03-20T11:52:14Z","ae2c9a39-0d85-7e1d-c7b5-dfd91adc0642","SharingSet","harper.quintero@example.com","SharePoint","https://example.sharepoint.com/sites/vendors/","https://example.sharepoint.com/sites/vendors/Shared Documents/Architecture Review.pptx","Architecture Review.pptx","finley.haddad@partner5.example.com","Guest"
"2026-03-20T12:22:44Z","6ab802f5-0008-62f0-12f6-4be01570b133","SharingSet","oakley.jovanovic@example.com","SharePoint","https://example.sharepoint.com/sites/vendors/","https://example.sharepoint.com/sites/vendors/Shared Documents/Rollout Schedule.xlsx","Rollout Schedule.xlsx","wren.fontaine@partner6.example.com","Guest"
"2026-03-20T19:32:26Z","f05a25c2-7d9f-0cc0-a8b9-3b53d2b9dbb5","SharingSet","xan.kowalski@example.com","SharePoint","https://example.sharepoint.com/sites/sunfish/","https://example.sharepoint.com/sites/sunfish/Shared Documents/Security Questionnaire.docx","Security Questionnaire.docx","reese.quintero@partner3.example.com","Guest"
"2026-03-21T11:20:38Z","91bd9a5a-3796-4350-da55-d15aeeff187a","AnonymousLinkCreated","tatum.ibarra@example.com","OneDrive","https://example-my.sharepoint.com/personal/avery_abara_example_com/","https://example-my.sharepoint.com/personal/avery_abara_example_com/Shared Documents/Test Results.xlsx","Test Results.xlsx","",""
"2026-03-21T13:46:43Z","b4f24d96-7f14-9653-fc36-85f9f2064ac9","AnonymousLinkUsed","urn:spo:anon#237402","SharePoint","https://example.sharepoint.com/sites/launch/","https://example.sharepoint.com/sites/launch/Shared Documents/Migration Plan.docx","Migration Plan.docx","",""
"2026-03-21T15:53:38Z","b9d00739-1209-d905-1129-ce8d51602ee6","SharingSet","blair.rasmussen2@example.com","SharePoint","https://example.sharepoint.com/sites/northwind/","https://example.sharepoint.com/sites/northwind/Shared Documents/Pricing Model.xlsx","Pricing Model.xlsx","umi.xiong@partner12.example.com","Guest"
"2026-03-21T17:16:59Z","8fc80d77-cd06-818e-1fa3-d5fff8b16ff3","AnonymousLinkUsed","urn:spo:anon#786438","OneDrive","https://example-my.sharepoint.com/personal/avery_abara_example_com/","https://example-my.sharepoint.com/personal/avery_abara_example_com/Shared Documents/Security Questionnaire.docx","Security Questionnaire.docx","",""
"2026-03-22T09:40:03Z","7bac2c22-c547-92fc-22d5-4a531c6f3d44","SharingSet","xan.kowalski@example.com","SharePoint","https://example.sharepoint.com/sites/northwind/","https://example.sharepoint.com/sites/northwind/Shared Documents/Security Questionnaire.docx","Security Questionnaire.docx","reese.quintero@partner3.example.com","Guest"
"2026-03-22T10:34:08Z","2b601e90-dcaa-2132-b30a-dd74b82d0e59","SharingSet","sage.quintero@example.com","OneDrive","https://example-my.sharepoint.com/personal/avery_abara_example_com/","https://example-my.sharepoint.com/personal/avery_abara_example_com/Shared Documents/Meeting Notes.docx","Meeting Notes.docx","umi.ibarra@partner10.example.com","Guest"
"2026-03-22T15:55:37Z","1c4e5160-b533-f4a3-8603-3c6ee07c1839","SharingSet","emery.quintero@example.com","SharePoint","https://example.sharepoint.com/sites/northwind/","https://example.sharepoint.com/sites/northwind/Shared Documents/Rollout Schedule.xlsx","Rollout Schedule.xlsx","logan.nakamura@partner1.example.com","Guest"
"2026-03-23T11:42:47Z","058e9996-5108-2ec9-1b3a-0b92357809e3","SharingSet","harper.quintero@example.com","SharePoint","https://example.sharepoint.com/sites/northwind/","https://example.sharepoint.com/sites/northwind/Shared Documents/Rollout Schedule.xlsx","Rollout Schedule.xlsx","finley.haddad@partner5.example.com","Guest"
"2026-03-23T14:14:13Z","3be7b32d-62a6-9aa1-1a22-6e3b020c7abe","SharingSet","quinn.silva2@example.com","SharePoint","https://example.sharepoint.com/sites/northwind/","https://example.sharepoint.com/sites/northwind/Shared Documents/Pricing Model.xlsx","Pricing Model.xlsx","reese.moreau@partner6.example.com","Guest"
"2026-03-24T09:31:52Z","2fe46d03-5e76-c7b1-ca7b-9e6e88d1b551","SharingSet","drew.jovanovic@example.com","OneDrive","https://example-my.sharepoint.com/personal/avery_abara_example_com/","https://example-my.sharepoint.com/personal/avery_abara_example_com/Shared Documents/Test Results.xlsx","Test Results.xlsx","parker.takahashi@partner7.example.com","Guest"
"2026-03-24T11:52:07Z","d930bf72-98f2-34ca-1da4-e5a0a35141e5","AnonymousLinkRemoved","blair.ueda@example.com","SharePoint","https://example.sharepoint.com/sites/northwind/","https://example.sharepoint.com/sites/northwind/Shared Documents/Architecture Review.pptx","Architecture Review.pptx","",""
"2026-03-24T13:30:58Z","ac5c9bdc-14ab-32e8-49f8-141a35adc011","AnonymousLinkUsed","urn:spo:anon#196957","SharePoint","https://example.sharepoint.com/sites/vendors/","https://example.sharepoint.com/sites/vendors/Shared Documents/Migration Plan.docx","Migration Plan.docx","",""
"2026-03-24T15:25:39Z","84cf1a79-8c2f-6bbb-843a-b365eafcd0c1","SharingSet","oakley.jovanovic@example.com","SharePoint","https://example.sharepoint.com/sites/northwind/","https://example.sharepoint.com/sites/northwind/Shared Documents/Statement of Work.docx","Statement of Work.docx","wren.fontaine@partner6.example.com","Guest"
"2026-03-24T18:49:13Z","93d42ad0-776f-678d-7ddd-980b8531aae5","AnonymousLinkUsed","urn:spo:anon#447193","SharePoint","https://example.sharepoint.com/sites/sunfish/","https://example.sharepoint.com/sites/sunfish/Shared Documents/Pricing Model.xlsx","Pricing Model.xlsx","",""
"2026-03-25T13:39:18Z","1024b937-4918-c548-4ec0-b8acd072c0b4","SharingSet","oakley.jovanovic@example.com","SharePoint","https://example.sharepoint.com/sites/northwind/","https://example.sharepoint.com/sites/northwind/Shared Documents/Test Results.xlsx","Test Results.xlsx","wren.fontaine@partner6.example.com","Guest"
"2026-03-25T15:29:22Z","2b153919-4d7f-c927-55d8-815fe989dc7e","SharingSet","harper.ueda@example.com","SharePoint","https://example.sharepoint.com/sites/sunfish/","https://example.sharepoint.com/sites/sunfish/Shared Documents/Security Questionnaire.docx","Security Questionnaire.docx","sage.nakamura@partner5.example.com","Guest"
"2026-03-25T18:37:30Z","8936db80-530b-b0ef-6157-7d8c8a701de8","AnonymousLinkCreated","quinn.yilmaz@example.com","SharePoint","https://example.sharepoint.com/sites/northwind/","https://example.sharepoint.com/sites/northwind/Shared Documents/Test Results.xlsx","Test Results.xlsx","",""
"2026-03-26T17:54:45Z","57e6bfe8-9569-7e84-ae85-7f5bef85763f","SharingSet","blair.ueda@example.com","OneDrive","https://example-my.sharepoint.com/personal/avery_abara_example_com/","https://example-my.sharepoint.com/personal/avery_abara_example_com/Shared Documents/Migration Plan.docx","Migration Plan.docx","avery.haddad@partner5.example.com","Guest"
"2026-03-26T19:25:23Z","60126777-0b2b-231a-6b68-0bd6a0bd8e4b","SharingSet","yael.kowalski@example.com","OneDrive","https://example-my.sharepoint.com/personal/avery_abara_example_com/","https://example-my.sharepoint.com/personal/avery_abara_example_com/Shared Documents/Rollout Schedule.xlsx","Rollout Schedule.xlsx","harper.rasmussen@partner3.example.com","Guest"
"2026-03-27T11:43:47Z","8c7e1023-b080-f790-fb43-57f1b30801b6","SharingSet","vale.takahashi@example.com","SharePoint","https://example.sharepoint.com/sites/vendors/","https://example.sharepoint.com/sites/vendors/Shared Documents/Pricing Model.xlsx","Pricing Model.xlsx","blair.eriksen@partner11.example.com","Guest"
"2026-03-27T11:45:07Z","eeac8eca-98c5-7549-a372-cbd63e7a5125","AnonymousLinkUsed","urn:spo:anon#420043","SharePoint","https://example.sharepoint.com/sites/northwind/","https://example.sharepoint.com/sites/northwind/Shared Documents/Test Results.xlsx","Test Results.xlsx","",""
"2026-03-27T12:58:22Z","20151a08-5a02-4be0-5586-77d3ab3b9942","SharingSet","drew.jovanovic@example.com","OneDrive","https://example-my.sharepoint.com/personal/avery_abara_example_com/","https://example-my.sharepoint.com/personal/avery_abara_example_com/Shared Documents/Statement of Work.docx","Statement of Work.docx","parker.takahashi@partner7.example.com","Guest"
"2026-03-27T16:07:02Z","219927c6-c43d-513f-4469-4a561a2e9853","SharingSet","zephyr.gallagher@example.com","SharePoint","https://example.sharepoint.com/sites/northwind/","https://example.sharepoint.com/sites/northwind/Shared Documents/Statement of Work.docx","Statement of Work.docx","reese.ibarra@partner7.example.com","Guest"
"2026-03-27T19:56:31Z","b30e6db6-a7c2-34ab-70af-bb2ab170fa9c","AnonymousLinkUsed","urn:spo:anon#135161","OneDrive","https://example-my.sharepoint.com/personal/avery_abara_example_com/","https://example-my.sharepoint.com/personal/avery_abara_example_com/Shared Documents/Architecture Review.pptx","Architecture Review.pptx","",""
"2026-03-28T09:29:43Z","4092a185-e6bc-4753-af02-d6132fec1f4d","AnonymousLinkUsed","urn:spo:anon#368758","SharePoint","https://example.sharepoint.com/sites/northwind/","https://example.sharepoint.com/sites/northwind/Shared Documents/Pricing Model.xlsx","Pricing Model.xlsx","",""
"2026-03-29T11:54:53Z","bd9bad01-7471-1502-6499-e212e08414c2","AnonymousLinkUsed","urn:spo:anon#434226","SharePoint","https://example.sharepoint.com/sites/sunfish/","https://example.sharepoint.com/sites/sunfish/Shared Documents/Rollout Schedule.xlsx","Rollout Schedule.xlsx","",""
"2026-03-29T13:48:57Z","369faa43-d561-40ca-0f7d-40c8e0f5aa68","SharingSet","sage.haddad@example.com","SharePoint","https://example.sharepoint.com/sites/launch/","https://example.sharepoint.com/sites/launch/Shared Documents/Rollout Schedule.xlsx","Rollout Schedule.xlsx","yael.fontaine@partner10.example.com","Guest"
"2026-03-30T09:56:43Z","b4e07b0e-fa13-0e5c-303a-84bf13c7c675","SharingSet","drew.lindqvist@example.com","SharePoint","https://example.sharepoint.com/sites/launch/","https://example.sharepoint.com/sites/launch/Shared Documents/Rollout Schedule.xlsx","Rollout Schedule.xlsx","gray.silva@partner4.example.com","Guest"
"2026-03-30T12:04:31Z","3d4a6c29-fb53-aad8-3b36-d5fbc2c287f8","SharingSet","harper.quintero@example.com","SharePoint","https://example.sharepoint.com/sites/launch/","https://example.sharepoint.com/sites/launch/Shared Documents/Architecture Review.pptx","Architecture Review.pptx","finley.haddad@partner5.example.com","Guest"
"2026-03-30T15:42:07Z","7c6cff6d-30ed-9e1b-9ddf-97b0fd927efa","AnonymousLinkCreated","xan.takahashi@example.com","SharePoint","https://example.sharepoint.com/sites/launch/","https://example.sharepoint.com/sites/launch/Shared Documents/Pricing Model.xlsx","Pricing Model.xlsx","",""
"2026-03-30T18:58:19Z","88887638-9e69-085e-798e-3b8b198cd060","AnonymousLinkUsed","urn:spo:anon#970617","SharePoint","https://example.sharepoint.com/sites/sunfish/","https://example.sharepoint.com/sites/sunfish/Shared Documents/Statement of Work.docx","Statement of Work.docx","",""
"2026-03-30T19:54:38Z","a99ec78b-4f27-b3ca-d218-146e246e0360","SharingSet","drew.jovanovic@example.com","SharePoint","https://example.sharepoint.com/sites/launch/","https://example.sharepoint.com/sites/launch/Shared Documents/Migration Plan.docx","Migration Plan.docx","parker.takahashi@partner7.example.com","Guest"
"2026-03-31T11:52:01Z","91a36f6d-1392-1d66-5bd7-c85b8b08e73b","AnonymousLinkUsed","urn:spo:anon#961018","SharePoint","https://example.sharepoint.com/sites/vendors/","https://example.sharepoint.com/sites/vendors/Shared Documents/Migration Plan.docx","Migration Plan.docx","",""
"2026-03-31T12:28:54Z","2d16694d-a2e2-b210-6785-70afd087188a","SharingSet","harper.quintero@example.com","SharePoint","https://example.sharepoint.com/sites/northwind/","https://example.sharepoint.com/sites/northwind/Shared Documents/Rollout Schedule.xlsx","Rollout Schedule.xlsx","finley.haddad@partner5.example.com","Guest"
"2026-03-31T13:36:03Z","2727550d-7ede-d035-04fb-6cd609c7e791","SharingSet","wren.zawadzki@example.com","SharePoint","https://example.sharepoint.com/sites/sunfish/","https://example.sharepoint.com/sites/sunfish/Shared Documents/Architecture Review.pptx","Architecture Review.pptx","casey.okonkwo@partner8.example.com","Guest"
"2026-03-31T13:39:31Z","5078373e-12eb-3ac2-cf3c-09a7d157273f","SharingSet","xan.kowalski@example.com","SharePoint","https://example.sharepoint.com/sites/northwind/","https://example.sharepoint.com/sites/northwind/Shared Documents/Architecture Review.pptx","Architecture Review.pptx","reese.quintero@partner3.example.com","Guest"
"2026-03-31T13:47:07Z","f7fba9be-b981-f3da-d476-924d6e4e1f97","SharingSet","harper.ueda@example.com","SharePoint","https://example.sharepoint.com/sites/launch/","https://example.sharepoint.com/sites/launch/Shared Documents/Statement of Work.docx","Statement of Work.docx","sage.nakamura@partner5.example.com","Guest"
"2026-04-01T08:29:31Z","da0874fe-e8d4-97e8-25cf-48185c7c2f38","SharingInvitationCreated","jordan.whitfield@example.com","SharePoint","https://example.sharepoint.com/sites/vendors/","https://example.sharepoint.com/sites/vendors/Shared Documents/Pricing Model.xlsx","Pricing Model.xlsx","blair.jovanovic@partner10.example.com","Guest"
"2026-04-01T08:44:33Z","e8330991-6e04-6b11-9e5e-fe0c2a655f9e","AnonymousLinkCreated","oakley.fontaine@example.com","SharePoint","https://example.sharepoint.com/sites/sunfish/","https://example.sharepoint.com/sites/sunfish/Shared Documents/Test Results.xlsx","Test Results.xlsx","",""
"2026-04-01T10:29:31Z","65991dcc-59b0-aa32-fd5e-850258a2ef06","SecureLinkCreated","jordan.whitfield@example.com","SharePoint","https://example.sharepoint.com/sites/northwind/","https://example.sharepoint.com/sites/northwind/Shared Documents/Architecture Review.pptx","Architecture Review.pptx","blair.jovanovic@partner10.example.com","Guest"
"2026-04-01T11:07:19Z","15f3799f-a540-022e-41a6-799076b0ac3c","AnonymousLinkUsed","urn:spo:anon#441753","OneDrive","https://example-my.sharepoint.com/personal/avery_abara_example_com/","https://example-my.sharepoint.com/personal/avery_abara_example_com/Shared Documents/Security Questionnaire.docx","Security Questionnaire.docx","",""
"2026-04-01T11:29:31Z","5e061cf1-4d28-772a-2ae7-2c591fb2c018","AddedToSecureLink","jordan.whitfield@example.com","OneDrive","https://example-my.sharepoint.com/personal/avery_abara_example_com/","https://example-my.sharepoint.com/personal/avery_abara_example_com/Shared Documents/Security Questionnaire.docx","Security Questionnaire.docx","blair.jovanovic@partner10.example.com","Guest"
"2026-04-01T13:13:17Z","bd0f328d-6159-94af-f647-f1519164e33f","SharingSet","drew.lindqvist@example.com","OneDrive","https://example-my.sharepoint.com/personal/avery_abara_example_com/","https://example-my.sharepoint.com/personal/avery_abara_example_com/Shared Documents/Rollout Schedule.xlsx","Rollout Schedule.xlsx","gray.silva@partner4.example.com","Guest"
"2026-04-02T12:43:57Z","496205c6-709c-93d4-222e-9f25c833b19f","AnonymousLinkCreated","marlowe.gallagher2@example.com","SharePoint","https://example.sharepoint.com/sites/northwind/","https://example.sharepoint.com/sites/northwind/Shared Documents/Security Questionnaire.docx","Security Questionnaire.docx","",""
"2026-04-02T13:53:49Z","33b5caf1-9809-b0b3-ff00-563305b02501","AnonymousLinkRemoved","indigo.xiong@example.com","SharePoint","https://example.sharepoint.com/sites/northwind/","https://example.sharepoint.com/sites/northwind/Shared Documents/Rollout Schedule.xlsx","Rollout Schedule.xlsx","",""
"2026-04-02T15:44:59Z","fe6ddabc-9ef3-6f14-ea84-dad9da0f447a","SecureLinkUsed","blair.jovanovic@partner10.example.com","SharePoint","https://example.sharepoint.com/sites/vendors/","https://example.sharepoint.com/sites/vendors/Shared Documents/Rollout Schedule.xlsx","Rollout Schedule.xlsx","blair.jovanovic@partner10.example.com","Guest"
"2026-04-02T16:23:31Z","b41595c5-2834-5147-b971-42d5657b9e51","SharingSet","emery.quintero@example.com","SharePoint","https://example.sharepoint.com/sites/launch/","https://example.sharepoint.com/sites/launch/Shared Documents/Architecture Review.pptx","Architecture Review.pptx","logan.nakamura@partner1.example.com","Guest"
"2026-04-02T19:23:18Z","d41ea55f-e421-480a-872f-ab0f68c84c50","SharingInvitationCreated","logan.quintero@example.com","SharePoint","https://example.sharepoint.com/sites/launch/","https://example.sharepoint.com/sites/launch/Shared Documents/Meeting Notes.docx","Meeting Notes.docx","jordan.lindqvist@partner3.example.com","Guest"
"2026-04-03T08:19:17Z","a55efa4f-693c-ab08-8e49-abe6fa0995ef","SharingSet","drew.lindqvist@example.com","SharePoint","https://example.sharepoint.com/sites/sunfish/","https://example.sharepoint.com/sites/sunfish/Shared Documents/Security Questionnaire.docx","Security Questionnaire.docx","gray.silva@partner4.example.com","Guest"
"2026-04-04T01:29:31Z","580cd30f-7b02-9bab-be20-fae71bbf3cc9","SharingInvitationAccepted","blair.jovanovic@partner10.example.com","SharePoint","https://example.sharepoint.com/sites/launch/","https://example.sharepoint.com/sites/launch/Shared Documents/Pricing Model.xlsx","Pricing Model.xlsx","blair.jovanovic@partner10.example.com","Guest"
"2026-04-04T08:47:21Z","cfaeab16-2a1b-fa15-a74f-6e703274a3a6","AnonymousLinkCreated","vale.ueda@example.com","SharePoint","https://example.sharepoint.com/sites/sunfish/","https://example.sharepoint.com/sites/sunfish/Shared Documents/Security Questionnaire.docx","Security Questionnaire.docx","",""
"2026-04-04T11:52:31Z","a78cc55f-4a71-9156-6fc6-11a36e9f88ff","AnonymousLinkUsed","urn:spo:anon#296190","SharePoint","https://example.sharepoint.com/sites/launch/","https://example.sharepoint.com/sites/launch/Shared Documents/Security Questionnaire.docx","Security Questionnaire.docx","",""
"2026-04-04T11:55:15Z","33c35a8c-fb8a-61c5-0ec3-f4eafc3fbdc3","AnonymousLinkCreated","drew.lindqvist@example.com","SharePoint","https://example.sharepoint.com/sites/sunfish/","https://example.sharepoint.com/sites/sunfish/Shared Documents/Architecture Review.pptx","Architecture Review.pptx","",""
"2026-04-04T12:28:41Z","b755fd52-b608-ddc0-cc06-7a35e2971ae1","SharingSet","harper.yilmaz@example.com","SharePoint","https://example.sharepoint.com/sites/sunfish/","https://example.sharepoint.com/sites/sunfish/Shared Documents/Statement of Work.docx","Statement of Work.docx","logan.vasquez@partner9.example.com","Guest"
"2026-04-04T15:36:29Z","2c6091ac-2643-748e-676e-1cd80614cd77","SharingSet","harper.ueda@example.com","SharePoint","https://example.sharepoint.com/sites/northwind/","https://example.sharepoint.com/sites/northwind/Shared Documents/Statement of Work.docx","Statement of Work.docx","sage.nakamura@partner5.example.com","Guest"
"2026-04-05T13:23:04Z","db664845-7181-27a8-0838-96df98318464","AnonymousLinkUsed","urn:spo:anon#954322","SharePoint","https://example.sharepoint.com/sites/vendors/","https://example.sharepoint.com/sites/vendors/Shared Documents/Pricing Model.xlsx","Pricing Model.xlsx","",""
"2026-04-05T15:14:50Z","f03b19f5-1d7c-3397-5a31-1055993def5e","SharingSet","harper.okonkwo@example.com","SharePoint","https://example.sharepoint.com/sites/sunfish/","https://example.sharepoint.com/sites/sunfish/Shared Documents/Security Questionnaire.docx","Security Questionnaire.docx","blair.kowalski@partner6.example.com","Guest"
"2026-04-05T15:52:06Z","e7876e50-d852-420b-c0de-4250859544ab","SharingSet","quinn.silva2@example.com","SharePoint","https://example.sharepoint.com/sites/sunfish/","https://example.sharepoint.com/sites/sunfish/Shared Documents/Rollout Schedule.xlsx","Rollout Schedule.xlsx","reese.moreau@partner6.example.com","Guest"
"2026-04-05T17:13:54Z","1f042878-8a1e-d80a-d1a1-15c86aa8fa57","SharingSet","harper.yilmaz@example.com","SharePoint","https://example.sharepoint.com/sites/sunfish/","https://example.sharepoint.com/sites/sunfish/Shared Documents/Pricing Model.xlsx","Pricing Model.xlsx","logan.vasquez@partner9.example.com","Guest"
"2026-04-06T10:07:11Z","5d127846-b517-c004-14c7-2ddc531d851d","SharingSet","zephyr.gallagher@example.com","SharePoint","https://example.sharepoint.com/sites/sunfish/","https://example.sharepoint.com/sites/sunfish/Shared Documents/Pricing Model.xlsx","Pricing Model.xlsx","reese.ibarra@partner7.example.com","Guest"
"2026-04-06T14:48:44Z","4daca53e-7627-acaf-1ce1-4b7f94355955","SharingSet","sage.haddad@example.com","SharePoint","https://example.sharepoint.com/sites/sunfish/","https://example.sharepoint.com/sites/sunfish/Shared Documents/Statement of Work.docx","Statement of Work.docx","yael.fontaine@partner10.example.com","Guest"
"2026-04-07T09:35:00Z","15b9f99a-6e6e-feb6-2305-8bc0461bd55b","AnonymousLinkUsed","urn:spo:anon#265182","SharePoint","https://example.sharepoint.com/sites/vendors/","https://example.sharepoint.com/sites/vendors/Shared Documents/Meeting Notes.docx","Meeting Notes.docx","",""
"2026-04-07T16:51:21Z","0cec08d2-2580-1a84-5ca2-6de2def1b1b4","AnonymousLinkCreated","noor.abara@example.com","SharePoint","https://example.sharepoint.com/sites/launch/","https://example.sharepoint.com/sites/launch/Shared Documents/Migration Plan.docx","Migration Plan.docx","",""
"2026-04-07T18:33:48Z","847f797f-eb0f-d862-d682-bb602b8cb732","SharingSet","yael.eriksen@example.com","OneDrive","https://example-my.sharepoint.com/personal/avery_abara_example_com/","https://example-my.sharepoint.com/personal/avery_abara_example_com/Shared Documents/Security Questionnaire.docx","Security Questionnaire.docx","yael.silva@partner9.example.com","Guest"
"2026-04-08T14:28:01Z","b5316f29-753d-374e-7a4b-13e3a28b33e9","SharingSet","quinn.quintero@example.com","SharePoint","https://example.sharepoint.com/sites/sunfish/","https://example.sharepoint.com/sites/sunfish/Shared Documents/Meeting Notes.docx","Meeting Notes.docx","drew.lindqvist@partner2.example.com","Guest"
"2026-04-08T15:47:06Z","01150403-4530-3708-3ee8-34dd4d141673","SharingSet","drew.lindqvist@example.com","OneDrive","https://example-my.sharepoint.com/personal/avery_abara_example_com/","https://example-my.sharepoint.com/personal/avery_abara_example_com/Shared Documents/Migration Plan.docx","Migration Plan.docx","avery.abara@partner6.example.com","Guest"
"2026-04-08T17:51:06Z","a7e646ca-52a8-aeb0-4485-00912d5155fd","AnonymousLinkUsed","urn:spo:anon#392971","SharePoint","https://example.sharepoint.com/sites/launch/","https://example.sharepoint.com/sites/launch/Shared Documents/Migration Plan.docx","Migration Plan.docx","",""
"2026-04-09T07:00:31Z","73941db8-9153-f5ef-6db0-6b188fcff3e3","AnonymousLinkUsed","urn:spo:anon#802563","SharePoint","https://example.sharepoint.com/sites/northwind/","https://example.sharepoint.com/sites/northwind/Shared Documents/Pricing Model.xlsx","Pricing Model.xlsx","",""
"2026-04-09T07:52:14Z","c5fef05f-8657-2a6b-01b4-420ab6587d9f","SharingSet","xan.kowalski@example.com","SharePoint","https://example.sharepoint.com/sites/vendors/","https://example.sharepoint.com/sites/vendors/Shared Documents/Meeting Notes.docx","Meeting Notes.docx","reese.quintero@partner3.example.com","Guest"
"2026-04-09T14:01:19Z","4d4d5fc8-ddd9-313a-263f-69452507ea88","SharingSet","harper.okonkwo@example.com","OneDrive","https://example-my.sharepoint.com/personal/avery_abara_example_com/","https://example-my.sharepoint.com/personal/avery_abara_example_com/Shared Documents/Meeting Notes.docx","Meeting Notes.docx","blair.kowalski@partner6.example.com","Guest"
"2026-04-09T15:32:32Z","5fc3737f-9034-e53d-5c05-caccb13bf17b","AnonymousLinkCreated","emery.jovanovic@example.com","OneDrive","https://example-my.sharepoint.com/personal/avery_abara_example_com/","https://example-my.sharepoint.com/personal/avery_abara_example_com/Shared Documents/Meeting Notes.docx","Meeting Notes.docx","",""
"2026-04-10T13:28:37Z","9a205831-96d4-7420-c524-998a5125093c","SharingSet","drew.lindqvist@example.com","SharePoint","https://example.sharepoint.com/sites/sunfish/","https://example.sharepoint.com/sites/sunfish/Shared Documents/Pricing Model.xlsx","Pricing Model.xlsx","gray.silva@partner4.example.com","Guest"
"2026-04-10T15:22:31Z","ffc632ea-e2fb-6025-75fe-83849c138a0e","SharingSet","quinn.silva2@example.com","OneDrive","https://example-my.sharepoint.com/personal/avery_abara_example_com/","https://example-my.sharepoint.com/personal/avery_abara_example_com/Shared Documents/Meeting Notes.docx","Meeting Notes.docx","reese.moreau@partner6.example.com","Guest"
"2026-04-11T10:02:12Z","295c512c-1f62-b13c-f5b6-7c199669ea2d","SharingSet","noor.petrov@example.com","OneDrive","https://example-my.sharepoint.com/personal/avery_abara_example_com/","https://example-my.sharepoint.com/personal/avery_abara_example_com/Shared Documents/Pricing Model.xlsx","Pricing Model.xlsx","kai.ibarra@partner2.example.com","Guest"
"2026-04-11T10:34:55Z","7183838a-b153-e1dc-9a88-bce1894b7471","AnonymousLinkUsed","urn:spo:anon#536274","OneDrive","https://example-my.sharepoint.com/personal/avery_abara_example_com/","https://example-my.sharepoint.com/personal/avery_abara_example_com/Shared Documents/Meeting Notes.docx","Meeting Notes.docx","",""
"2026-04-11T15:00:17Z","459d9bfe-3c1d-e6ab-78fb-b2a033048793","AnonymousLinkUsed","urn:spo:anon#845712","SharePoint","https://example.sharepoint.com/sites/launch/","https://example.sharepoint.com/sites/launch/Shared Documents/Architecture Review.pptx","Architecture Review.pptx","",""
"2026-04-11T15:32:51Z","338d1070-44ac-1fc6-6209-0fe08ce4639f","SharingSet","wren.zawadzki@example.com","SharePoint","https://example.sharepoint.com/sites/northwind/","https://example.sharepoint.com/sites/northwind/Shared Documents/Pricing Model.xlsx","Pricing Model.xlsx","casey.okonkwo@partner8.example.com","Guest"
"2026-04-11T15:54:31Z","e276b67f-7b8b-bc3d-6e2d-4f35111b3f4d","SharingSet","harper.ueda@example.com","SharePoint","https://example.sharepoint.com/sites/northwind/","https://example.sharepoint.com/sites/northwind/Shared Documents/Statement of Work.docx","Statement of Work.docx","sage.nakamura@partner5.example.com","Guest"
"2026-04-11T17:42:46Z","14f5100f-0f73-730a-205d-8e989668c630","SharingSet","noor.abara@example.com","SharePoint","https://example.sharepoint.com/sites/launch/","https://example.sharepoint.com/sites/launch/Shared Documents/Architecture Review.pptx","Architecture Review.pptx","reese.gallagher@partner1.example.com","Guest"
"2026-04-11T17:43:36Z","642c9ea9-a93b-84f4-b76d-56341e86375a","SharingSet","yael.eriksen@example.com","SharePoint","https://example.sharepoint.com/sites/northwind/","https://example.sharepoint.com/sites/northwind/Shared Documents/Security Questionnaire.docx","Security Questionnaire.docx","yael.silva@partner9.example.com","Guest"
"2026-04-12T10:02:15Z","06c1e215-a769-733f-fca6-3e7634856641","SharingSet","quinn.quintero@example.com","SharePoint","https://example.sharepoint.com/sites/sunfish/","https://example.sharepoint.com/sites/sunfish/Shared Documents/Statement of Work.docx","Statement of Work.docx","drew.lindqvist@partner2.example.com","Guest"
"2026-04-12T10:58:41Z","d77ef031-24b5-3558-c93e-132487fa5b81","SharingSet","avery.silva@example.com","OneDrive","https://example-my.sharepoint.com/personal/avery_abara_example_com/","https://example-my.sharepoint.com/personal/avery_abara_example_com/Shared Documents/Test Results.xlsx","Test Results.xlsx","parker.nakamura@partner8.example.com","Guest"
"2026-04-12T16:12:54Z","8e02b609-ac9f-164e-fdb8-c7e952b442aa","SharingInvitationCreated","wren.zawadzki@example.com","SharePoint","https://example.sharepoint.com/sites/launch/","https://example.sharepoint.com/sites/launch/Shared Documents/Rollout Schedule.xlsx","Rollout Schedule.xlsx","casey.okonkwo@partner8.example.com","Guest"
"2026-04-13T07:03:33Z","b06841aa-39f2-116c-cbd7-6ac7e810e648","SharingSet","yael.eriksen@example.com","OneDrive","https://example-my.sharepoint.com/personal/avery_abara_example_com/","https://example-my.sharepoint.com/personal/avery_abara_example_com/Shared Documents/Test Results.xlsx","Test Results.xlsx","yael.silva@partner9.example.com","Guest"
"2026-04-13T08:56:42Z","85510cf8-67dc-25ae-d301-b19fc5b1f50e","AnonymousLinkUsed","urn:spo:anon#351394","SharePoint","https://example.sharepoint.com/sites/northwind/","https://example.sharepoint.com/sites/northwind/Shared Documents/Meeting Notes.docx","Meeting Notes.docx","",""
"2026-04-13T16:27:58Z","bb226d2a-0659-98f6-b59d-023d9a15d7c2","AnonymousLinkUsed","urn:spo:anon#331014","SharePoint","https://example.sharepoint.com/sites/sunfish/","https://example.sharepoint.com/sites/sunfish/Shared Documents/Architecture Review.pptx","Architecture Review.pptx","",""
"2026-04-13T16:45:54Z","69118e0f-716c-d4d2-e662-f1c02213056c","SharingSet","drew.lindqvist@example.com","SharePoint","https://example.sharepoint.com/sites/northwind/","https://example.sharepoint.com/sites/northwind/Shared Documents/Security Questionnaire.docx","Security Questionnaire.docx","avery.abara@partner6.example.com","Guest"
"2026-04-14T16:30:23Z","20252bb9-932c-c851-1685-c5099e566479","AnonymousLinkCreated","vale.vasquez@example.com","OneDrive","https://example-my.sharepoint.com/personal/avery_abara_example_com/","https://example-my.sharepoint.com/personal/avery_abara_example_com/Shared Documents/Rollout Schedule.xlsx","Rollout Schedule.xlsx","",""
"2026-04-14T19:54:11Z","07d0864a-b5bb-36e9-7329-49466198281a","AnonymousLinkCreated","xan.whitfield@example.com","SharePoint","https://example.sharepoint.com/sites/sunfish/","https://example.sharepoint.com/sites/sunfish/Shared Documents/Pricing Model.xlsx","Pricing Model.xlsx","",""
"2026-04-15T11:24:33Z","2ed00af4-3fd6-a5fe-e698-e839be71ce7d","AnonymousLinkUsed","urn:spo:anon#418431","SharePoint","https://example.sharepoint.com/sites/vendors/","https://example.sharepoint.com/sites/vendors/Shared Documents/Test Results.xlsx","Test Results.xlsx","",""
"2026-04-15T14:31:43Z","79bfcfa9-5291-9168-4cd6-9e239a89717e","SharingSet","drew.lindqvist@example.com","OneDrive","https://example-my.sharepoint.com/personal/avery_abara_example_com/","https://example-my.sharepoint.com/personal/avery_abara_example_com/Shared Documents/Statement of Work.docx","Statement of Work.docx","gray.silva@partner4.example.com","Guest"
"2026-04-15T16:20:18Z","8263dc2c-20d4-4a56-8ff9-c8e0d6459c71","SharingSet","blair.ueda@example.com","SharePoint","https://example.sharepoint.com/sites/sunfish/","https://example.sharepoint.com/sites/sunfish/Shared Documents/Architecture Review.pptx","Architecture Review.pptx","avery.haddad@partner5.example.com","Guest"
"2026-04-15T17:43:29Z","5a9eb2a9-d66d-2a02-aa4a-22bad4f6ff7a","AnonymousLinkCreated","finley.delacroix@example.com","SharePoint","https://example.sharepoint.com/sites/sunfish/","https://example.sharepoint.com/sites/sunfish/Shared Documents/Test Results.xlsx","Test Results.xlsx","",""
"2026-04-15T17:54:11Z","61a77033-3d9e-61aa-d990-0902d0d82bbb","SharingSet","harper.ueda@example.com","SharePoint","https://example.sharepoint.com/sites/sunfish/","https://example.sharepoint.com/sites/sunfish/Shared Documents/Migration Plan.docx","Migration Plan.docx","sage.nakamura@partner5.example.com","Guest"
"2026-04-16T07:09:37Z","164e9bf1-2674-2c1e-349b-b3a28ff007a7","SharingSet","noor.petrov@example.com","SharePoint","https://example.sharepoint.com/sites/launch/","https://example.sharepoint.com/sites/launch/Shared Documents/Rollout Schedule.xlsx","Rollout Schedule.xlsx","kai.ibarra@partner2.example.com","Guest"
"2026-04-16T13:50:33Z","49006366-daed-4b1b-5067-30c674f79445","AnonymousLinkUsed","urn:spo:anon#197338","OneDrive","https://example-my.sharepoint.com/personal/avery_abara_example_com/","https://example-my.sharepoint.com/personal/avery_abara_example_com/Shared Documents/Rollout Schedule.xlsx","Rollout Schedule.xlsx","",""
"2026-04-16T15:37:09Z","58174f5a-1851-0ba3-f41c-39fc8a055276","SharingSet","logan.ueda@example.com","SharePoint","https://example.sharepoint.com/sites/launch/","https://example.sharepoint.com/sites/launch/Shared Documents/Test Results.xlsx","Test Results.xlsx","drew.fontaine@partner1.example.com","Guest"
"2026-04-17T07:13:11Z","c8b2814f-ce00-4cf3-298f-998dd8513aa5","SharingInvitationCreated","parker.takahashi@example.com","SharePoint","https://example.sharepoint.com/sites/northwind/","https://example.sharepoint.com/sites/northwind/Shared Documents/Test Results.xlsx","Test Results.xlsx","yael.fontaine@partner3.example.com","Guest"
"2026-04-17T07:45:58Z","8c6b5c9a-1519-88cc-5d5a-663781f7d341","SecureLinkUsed","blair.jovanovic@partner10.example.com","SharePoint","https://example.sharepoint.com/sites/sunfish/","https://example.sharepoint.com/sites/sunfish/Shared Documents/Meeting Notes.docx","Meeting Notes.docx","blair.jovanovic@partner10.example.com","Guest"
"2026-04-17T09:13:11Z","8f40838a-861b-8153-a9df-ff130236a7df","SecureLinkCreated","parker.takahashi@example.com","SharePoint","https://example.sharepoint.com/sites/sunfish/","https://example.sharepoint.com/sites/sunfish/Shared Documents/Security Questionnaire.docx","Security Questionnaire.docx","yael.fontaine@partner3.example.com","Guest"
"2026-04-17T10:13:11Z","3a2779bb-d91d-1d96-6ab5-a3ea94311dc4","AddedToSecureLink","parker.takahashi@example.com","SharePoint","https://example.sharepoint.com/sites/launch/","https://example.sharepoint.com/sites/launch/Shared Documents/Architecture Review.pptx","Architecture Review.pptx","yael.fontaine@partner3.example.com","Guest"
"2026-04-17T11:03:06Z","67047f09-98f3-d657-832e-04a143c46546","SharingSet","blair.jovanovic@example.com","OneDrive","https://example-my.sharepoint.com/personal/avery_abara_example_com/","https://example-my.sharepoint.com/personal/avery_abara_example_com/Shared Documents/Statement of Work.docx","Statement of Work.docx","logan.xiong@partner11.example.com","Guest"
"2026-04-17T13:24:03Z","51723d2b-afbb-3968-a9a0-4bf1b0bc4aea","SharingSet","noor.abara@example.com","OneDrive","https://example-my.sharepoint.com/personal/avery_abara_example_com/","https://example-my.sharepoint.com/personal/avery_abara_example_com/Shared Documents/Meeting Notes.docx","Meeting Notes.docx","reese.gallagher@partner1.example.com","Guest"
"2026-04-17T15:56:58Z","89392be7-b284-d485-5880-914485201540","SharingSet","harper.okonkwo@example.com","OneDrive","https://example-my.sharepoint.com/personal/avery_abara_example_com/","https://example-my.sharepoint.com/personal/avery_abara_example_com/Shared Documents/Pricing Model.xlsx","Pricing Model.xlsx","blair.kowalski@partner6.example.com","Guest"
"2026-04-18T08:17:11Z","09caf938-78d0-0efa-e45b-a83b7d301579","SharingSet","noor.abara@example.com","SharePoint","https://example.sharepoint.com/sites/northwind/","https://example.sharepoint.com/sites/northwind/Shared Documents/Architecture Review.pptx","Architecture Review.pptx","reese.gallagher@partner1.example.com","Guest"
"2026-04-18T10:43:41Z","ac592c0d-935b-7e5c-fecd-6a1fbda0e14d","AnonymousLinkUsed","urn:spo:anon#877873","OneDrive","https://example-my.sharepoint.com/personal/avery_abara_example_com/","https://example-my.sharepoint.com/personal/avery_abara_example_com/Shared Documents/Migration Plan.docx","Migration Plan.docx","",""
"2026-04-18T14:32:32Z","a1975619-1d6f-9010-2e16-3ca26db47ed9","SharingSet","blair.ueda@example.com","OneDrive","https://example-my.sharepoint.com/personal/avery_abara_example_com/","https://example-my.sharepoint.com/personal/avery_abara_example_com/Shared Documents/Statement of Work.docx","Statement of Work.docx","avery.haddad@partner5.example.com","Guest"
"2026-04-18T16:04:44Z","555ce8a8-d687-e085-8f92-9899afea7248","SharingSet","logan.quintero@example.com","OneDrive","https://example-my.sharepoint.com/personal/avery_abara_example_com/","https://example-my.sharepoint.com/personal/avery_abara_example_com/Shared Documents/Migration Plan.docx","Migration Plan.docx","jordan.lindqvist@partner3.example.com","Guest"
"2026-04-18T16:42:27Z","f218c65b-2347-488d-df1a-6be2f009c424","SharingSet","logan.quintero@example.com","SharePoint","https://example.sharepoint.com/sites/launch/","https://example.sharepoint.com/sites/launch/Shared Documents/Architecture Review.pptx","Architecture Review.pptx","jordan.lindqvist@partner3.example.com","Guest"
"2026-04-18T19:31:52Z","86c50c13-00aa-27c9-b3b2-30a58a7c2c32","AnonymousLinkUsed","urn:spo:anon#940012","SharePoint","https://example.sharepoint.com/sites/vendors/","https://example.sharepoint.com/sites/vendors/Shared Documents/Meeting Notes.docx","Meeting Notes.docx","",""
"2026-04-18T19:36:24Z","44ba8155-5247-56c7-90c2-0c23aacadc43","AnonymousLinkUsed","urn:spo:anon#575610","SharePoint","https://example.sharepoint.com/sites/northwind/","https://example.sharepoint.com/sites/northwind/Shared Documents/Meeting Notes.docx","Meeting Notes.docx","",""
"2026-04-19T07:20:13Z","f45ac8be-dd98-8f78-2ef0-763c0e1b3aee","SharingSet","parker.takahashi@example.com","SharePoint","https://example.sharepoint.com/sites/vendors/","https://example.sharepoint.com/sites/vendors/Shared Documents/Test Results.xlsx","Test Results.xlsx","yael.fontaine@partner3.example.com","Guest"
"2026-04-19T11:35:21Z","46321cab-1fd1-2208-c214-9befaaa273cf","AnonymousLinkUsed","urn:spo:anon#133356","SharePoint","https://example.sharepoint.com/sites/launch/","https://example.sharepoint.com/sites/launch/Shared Documents/Rollout Schedule.xlsx","Rollout Schedule.xlsx","",""
"2026-04-19T14:59:21Z","846aa526-feb5-d9b6-1cb1-c7864db9564b","AnonymousLinkCreated","wren.petrov2@example.com","SharePoint","https://example.sharepoint.com/sites/sunfish/","https://example.sharepoint.com/sites/sunfish/Shared Documents/Statement of Work.docx","Statement of Work.docx","",""
"2026-04-20T00:13:11Z","08948e4a-8d8a-f5e3-5c2e-bfd9f6a34320","SharingInvitationAccepted","yael.fontaine@partner3.example.com","SharePoint","https://example.sharepoint.com/sites/sunfish/","https://example.sharepoint.com/sites/sunfish/Shared Documents/Pricing Model.xlsx","Pricing Model.xlsx","yael.fontaine@partner3.example.com","Guest"
"2026-04-20T07:06:21Z","461541a1-241e-5358-18f3-511eab7f8e22","SharingSet","yael.eriksen@example.com","SharePoint","https://example.sharepoint.com/sites/launch/","https://example.sharepoint.com/sites/launch/Shared Documents/Pricing Model.xlsx","Pricing Model.xlsx","yael.silva@partner9.example.com","Guest"
"2026-04-20T08:19:20Z","4df8767d-3ca7-f3aa-14b8-3c1c78d0df02","SharingSet","logan.quintero@example.com","SharePoint","https://example.sharepoint.com/sites/sunfish/","https://example.sharepoint.com/sites/sunfish/Shared Documents/Rollout Schedule.xlsx","Rollout Schedule.xlsx","jordan.lindqvist@partner3.example.com","Guest"
"2026-04-20T08:50:38Z","f89bdeb6-834d-0daa-3c1a-52ed71027d33","SecureLinkUsed","yael.fontaine@partner3.example.com","SharePoint","https://example.sharepoint.com/sites/northwind/","https://example.sharepoint.com/sites/northwind/Shared Documents/Architecture Review.pptx","Architecture Review.pptx","yael.fontaine@partner3.example.com","Guest"
"2026-04-20T09:17:35Z","ca151600-b4a8-a061-b271-f48b710c4b1e","SharingSet","sage.quintero@example.com","OneDrive","https://example-my.sharepoint.com/personal/avery_abara_example_com/","https://example-my.sharepoint.com/personal/avery_abara_example_com/Shared Documents/Test Results.xlsx","Test Results.xlsx","umi.ibarra@partner10.example.com","Guest"
"2026-04-20T10:04:03Z","328dc7ff-f866-0c0a-760b-f61f9602ed32","SharingSet","blair.jovanovic@example.com","OneDrive","https://example-my.sharepoint.com/personal/avery_abara_example_com/","https://example-my.sharepoint.com/personal/avery_abara_example_com/Shared Documents/Pricing Model.xlsx","Pricing Model.xlsx","logan.xiong@partner11.example.com","Guest"
"2026-04-20T11:34:33Z","28b6c102-3ec9-bfaa-40b0-4d65eb8f2cc5","AnonymousLinkRemoved","tatum.rasmussen@example.com","SharePoint","https://example.sharepoint.com/sites/northwind/","https://example.sharepoint.com/sites/northwind/Shared Documents/Statement of Work.docx","Statement of Work.docx","",""
"2026-04-20T12:17:53Z","9dac1c43-c765-6b2f-cb84-b8e16ebcaf48","SharingSet","logan.quintero@example.com","SharePoint","https://example.sharepoint.com/sites/launch/","https://example.sharepoint.com/sites/launch/Shared Documents/Meeting Notes.docx","Meeting Notes.docx","indigo.rasmussen@partner10.example.com","Guest"
"2026-04-20T14:15:56Z","4c3b6ad7-70f1-c779-e380-0adba6b6bc05","SecureLinkUsed","logan.nakamura@partner1.example.com","SharePoint","https://example.sharepoint.com/sites/vendors/","https://example.sharepoint.com/sites/vendors/Shared Documents/Migration Plan.docx","Migration Plan.docx","logan.nakamura@partner1.example.com","Guest"
"2026-04-20T14:49:36Z","60be01e9-3911-3196-0238-d4f5cbbdb826","SharingInvitationCreated","indigo.ibarra@example.com","OneDrive","https://example-my.sharepoint.com/personal/avery_abara_example_com/","https://example-my.sharepoint.com/personal/avery_abara_example_com/Shared Documents/Rollout Schedule.xlsx","Rollout Schedule.xlsx","kai.bergstrom@partner11.example.com","Guest"
"2026-04-20T16:49:36Z","bf798767-f063-a92f-eee6-d7b2e99c23ab","SecureLinkCreated","indigo.ibarra@example.com","OneDrive","https://example-my.sharepoint.com/personal/avery_abara_example_com/","https://example-my.sharepoint.com/personal/avery_abara_example_com/Shared Documents/Pricing Model.xlsx","Pricing Model.xlsx","kai.bergstrom@partner11.example.com","Guest"
"2026-04-20T17:49:36Z","e0d261be-598e-8bf8-1614-fd99fa5729a3","AddedToSecureLink","indigo.ibarra@example.com","SharePoint","https://example.sharepoint.com/sites/northwind/","https://example.sharepoint.com/sites/northwind/Shared Documents/Rollout Schedule.xlsx","Rollout Schedule.xlsx","kai.bergstrom@partner11.example.com","Guest"
"2026-04-20T18:05:03Z","962de378-e3f4-0e46-4fac-2ca2028c7964","SharingSet","logan.quintero@example.com","SharePoint","https://example.sharepoint.com/sites/northwind/","https://example.sharepoint.com/sites/northwind/Shared Documents/Rollout Schedule.xlsx","Rollout Schedule.xlsx","jordan.lindqvist@partner3.example.com","Guest"
"2026-04-21T15:45:31Z","862194d7-9807-7504-fad5-65508b397734","SharingSet","sage.haddad@example.com","SharePoint","https://example.sharepoint.com/sites/vendors/","https://example.sharepoint.com/sites/vendors/Shared Documents/Migration Plan.docx","Migration Plan.docx","yael.fontaine@partner10.example.com","Guest"
"2026-04-21T16:37:59Z","41d23ea3-413f-a55c-27b6-3ef6aee0da36","SecureLinkUsed","blair.jovanovic@partner10.example.com","SharePoint","https://example.sharepoint.com/sites/launch/","https://example.sharepoint.com/sites/launch/Shared Documents/Meeting Notes.docx","Meeting Notes.docx","blair.jovanovic@partner10.example.com","Guest"
"2026-04-21T16:47:50Z","c4171207-5e83-e96e-119d-6a51880e29fc","AnonymousLinkUsed","urn:spo:anon#872390","OneDrive","https://example-my.sharepoint.com/personal/avery_abara_example_com/","https://example-my.sharepoint.com/personal/avery_abara_example_com/Shared Documents/Security Questionnaire.docx","Security Questionnaire.docx","",""
"2026-04-22T07:18:14Z","74b1f32d-21d1-0d57-81cf-d7b5e87245fe","AnonymousLinkUsed","urn:spo:anon#742717","SharePoint","https://example.sharepoint.com/sites/vendors/","https://example.sharepoint.com/sites/vendors/Shared Documents/Security Questionnaire.docx","Security Questionnaire.docx","",""
"2026-04-22T11:28:59Z","ac1583cf-32ac-12d5-431c-3ac9bb1c1699","AnonymousLinkCreated","noor.silva@example.com","SharePoint","https://example.sharepoint.com/sites/launch/","https://example.sharepoint.com/sites/launch/Shared Documents/Rollout Schedule.xlsx","Rollout Schedule.xlsx","",""
"2026-04-22T14:34:49Z","ab2b99c6-fe4d-4f85-52e1-0b0801c63674","AnonymousLinkCreated","blair.nakamura@example.com","SharePoint","https://example.sharepoint.com/sites/launch/","https://example.sharepoint.com/sites/launch/Shared Documents/Pricing Model.xlsx","Pricing Model.xlsx","",""
"2026-04-22T16:01:49Z","5d087ca1-7d6a-1c51-367f-aa2644b0a4e0","SharingSet","logan.quintero@example.com","SharePoint","https://example.sharepoint.com/sites/launch/","https://example.sharepoint.com/sites/launch/Shared Documents/Security Questionnaire.docx","Security Questionnaire.docx","indigo.rasmussen@partner10.example.com","Guest"
"2026-04-23T06:49:36Z","a02b099d-80eb-e082-9da6-ec23d75cd065","SharingInvitationAccepted","kai.bergstrom@partner11.example.com","SharePoint","https://example.sharepoint.com/sites/launch/","https://example.sharepoint.com/sites/launch/Shared Documents/Security Questionnaire.docx","Security Questionnaire.docx","kai.bergstrom@partner11.example.com","Guest"
"2026-04-23T10:22:56Z","69ec7774-6e40-0db5-2f25-763e94dd4572","SharingSet","noor.petrov@example.com","OneDrive","https://example-my.sharepoint.com/personal/avery_abara_example_com/","https://example-my.sharepoint.com/personal/avery_abara_example_com/Shared Documents/Test Results.xlsx","Test Results.xlsx","kai.ibarra@partner2.example.com","Guest"
"2026-04-23T18:00:20Z","180211d7-8ae6-f86c-9675-4594c139b7f7","AnonymousLinkRemoved","kai.silva@example.com","SharePoint","https://example.sharepoint.com/sites/northwind/","https://example.sharepoint.com/sites/northwind/Shared Documents/Pricing Model.xlsx","Pricing Model.xlsx","",""
"2026-04-23T18:24:48Z","32f1bc5d-95c7-7154-69b3-d2ddb6833d92","SharingSet","yael.kowalski@example.com","SharePoint","https://example.sharepoint.com/sites/vendors/","https://example.sharepoint.com/sites/vendors/Shared Documents/Rollout Schedule.xlsx","Rollout Schedule.xlsx","harper.rasmussen@partner3.example.com","Guest"
"2026-04-23T19:30:19Z","f169fcaa-89f7-69b1-fd35-0b0ad9459cdc","AnonymousLinkUsed","urn:spo:anon#842999","SharePoint","https://example.sharepoint.com/sites/vendors/","https://example.sharepoint.com/sites/vendors/Shared Documents/Test Results.xlsx","Test Results.xlsx","",""
"2026-04-24T07:39:31Z","9778e223-fa99-250e-0b2c-355a6744300c","SharingSet","yael.eriksen@example.com","SharePoint","https://example.sharepoint.com/sites/northwind/","https://example.sharepoint.com/sites/northwind/Shared Documents/Architecture Review.pptx","Architecture Review.pptx","yael.silva@partner9.example.com","Guest"
"2026-04-24T07:47:09Z","7642f4f2-0378-71dc-7bc0-9324df72e74b","AnonymousLinkUsed","urn:spo:anon#764236","SharePoint","https://example.sharepoint.com/sites/launch/","https://example.sharepoint.com/sites/launch/Shared Documents/Statement of Work.docx","Statement of Work.docx","",""
"2026-04-24T07:58:10Z","389e8f5e-4fec-9238-9b0c-637192e916ad","AnonymousLinkUsed","urn:spo:anon#541969","SharePoint","https://example.sharepoint.com/sites/sunfish/","https://example.sharepoint.com/sites/sunfish/Shared Documents/Pricing Model.xlsx","Pricing Model.xlsx","",""
"2026-04-24T10:01:42Z","dc4255fe-4158-4bcc-f98d-e17a0de1b833","SharingSet","wren.gallagher@example.com","OneDrive","https://example-my.sharepoint.com/personal/avery_abara_example_com/","https://example-my.sharepoint.com/personal/avery_abara_example_com/Shared Documents/Migration Plan.docx","Migration Plan.docx","casey.kowalski@partner1.example.com","Guest"
"2026-04-24T11:29:21Z","279cd2c6-e7dc-718f-85d9-542316cb0137","SharingRevoked","drew.lindqvist@example.com","SharePoint","https://example.sharepoint.com/sites/vendors/","https://example.sharepoint.com/sites/vendors/Shared Documents/Security Questionnaire.docx","Security Questionnaire.docx","avery.abara@partner6.example.com","Guest"
"2026-04-24T17:16:37Z","58b43da5-2ec7-01b5-1835-a4af27e75ca3","AnonymousLinkUsed","urn:spo:anon#217835","SharePoint","https://example.sharepoint.com/sites/vendors/","https://example.sharepoint.com/sites/vendors/Shared Documents/Architecture Review.pptx","Architecture Review.pptx","",""
"2026-04-25T12:49:00Z","3c95df3f-fbf4-423a-1cf1-f310ae0c2dbb","SharingSet","quinn.quintero@example.com","SharePoint","https://example.sharepoint.com/sites/northwind/","https://example.sharepoint.com/sites/northwind/Shared Documents/Statement of Work.docx","Statement of Work.docx","drew.lindqvist@partner2.example.com","Guest"
"2026-04-25T15:28:39Z","0fa23a40-593c-f385-a092-6ac3011a91c9","AnonymousLinkUsed","urn:spo:anon#251382","SharePoint","https://example.sharepoint.com/sites/sunfish/","https://example.sharepoint.com/sites/sunfish/Shared Documents/Meeting Notes.docx","Meeting Notes.docx","",""
"2026-04-25T17:36:19Z","c44fd6a7-55e9-174f-2050-0d3f09e4815e","SharingSet","harper.ueda@example.com","SharePoint","https://example.sharepoint.com/sites/launch/","https://example.sharepoint.com/sites/launch/Shared Documents/Meeting Notes.docx","Meeting Notes.docx","sage.nakamura@partner5.example.com","Guest"
"2026-04-26T10:55:26Z","0cfc2ea1-f07c-a9c9-d54d-2f8c35cc360a","SharingSet","blair.jovanovic@example.com","SharePoint","https://example.sharepoint.com/sites/northwind/","https://example.sharepoint.com/sites/northwind/Shared Documents/Meeting Notes.docx","Meeting Notes.docx","logan.xiong@partner11.example.com","Guest"
"2026-04-27T07:18:34Z","cdaa0bcf-502c-b05e-77ca-63de8edc58a7","AnonymousLinkUsed","urn:spo:anon#703174","SharePoint","https://example.sharepoint.com/sites/sunfish/","https://example.sharepoint.com/sites/sunfish/Shared Documents/Rollout Schedule.xlsx","Rollout Schedule.xlsx","",""
"2026-04-27T07:24:38Z","ca57c4fa-d265-f948-1b8b-1a0e08b63ccd","SharingSet","noor.abara@example.com","SharePoint","https://example.sharepoint.com/sites/launch/","https://example.sharepoint.com/sites/launch/Shared Documents/Meeting Notes.docx","Meeting Notes.docx","reese.gallagher@partner1.example.com","Guest"
"2026-04-27T07:37:37Z","4240f03f-0629-a6d7-b99a-ea014aafc7b0","AnonymousLinkUsed","urn:spo:anon#837426","SharePoint","https://example.sharepoint.com/sites/northwind/","https://example.sharepoint.com/sites/northwind/Shared Documents/Migration Plan.docx","Migration Plan.docx","",""
"2026-04-27T10:18:46Z","78752165-a042-e52a-855d-0c948185b560","AnonymousLinkUsed","urn:spo:anon#639432","SharePoint","https://example.sharepoint.com/sites/northwind/","https://example.sharepoint.com/sites/northwind/Shared Documents/Security Questionnaire.docx","Security Questionnaire.docx","",""
"2026-04-27T19:16:50Z","00cf8939-769f-e4c4-32a3-e4db2bd9b282","AnonymousLinkUsed","urn:spo:anon#283859","SharePoint","https://example.sharepoint.com/sites/launch/","https://example.sharepoint.com/sites/launch/Shared Documents/Pricing Model.xlsx","Pricing Model.xlsx","",""
"2026-04-28T10:55:29Z","cf74baa2-d797-8769-d29c-cc05a77fa673","SharingSet","blair.ueda@example.com","SharePoint","https://example.sharepoint.com/sites/vendors/","https://example.sharepoint.com/sites/vendors/Shared Documents/Rollout Schedule.xlsx","Rollout Schedule.xlsx","avery.haddad@partner5.example.com","Guest"
"2026-04-29T08:39:31Z","c2827841-7260-913b-f860-8ac991827a15","AnonymousLinkUsed","urn:spo:anon#791400","SharePoint","https://example.sharepoint.com/sites/vendors/","https://example.sharepoint.com/sites/vendors/Shared Documents/Migration Plan.docx","Migration Plan.docx","",""
"2026-04-29T10:06:26Z","7ab20a37-2e14-1321-3413-1baa7efc25f7","AnonymousLinkCreated","indigo.ibarra@example.com","SharePoint","https://example.sharepoint.com/sites/sunfish/","https://example.sharepoint.com/sites/sunfish/Shared Documents/Test Results.xlsx","Test Results.xlsx","",""
"2026-04-29T11:00:01Z","48c870db-7018-9e7f-067f-60c8ccbc7262","SharingSet","noor.abara@example.com","SharePoint","https://example.sharepoint.com/sites/launch/","https://example.sharepoint.com/sites/launch/Shared Documents/Migration Plan.docx","Migration Plan.docx","reese.gallagher@partner1.example.com","Guest"
"2026-04-29T13:24:08Z","462f518a-6bda-ac53-9eba-0d9903bb568d","AnonymousLinkCreated","yael.vasquez@example.com","SharePoint","https://example.sharepoint.com/sites/vendors/","https://example.sharepoint.com/sites/vendors/Shared Documents/Test Results.xlsx","Test Results.xlsx","",""
"2026-04-29T14:07:31Z","f60124e3-cefc-72fe-2d42-0f841a5e9705","SharingInvitationCreated","sage.quintero@example.com","SharePoint","https://example.sharepoint.com/sites/launch/","https://example.sharepoint.com/sites/launch/Shared Documents/Test Results.xlsx","Test Results.xlsx","umi.ibarra@partner10.example.com","Guest"
"2026-04-29T15:16:18Z","aa263304-6dd5-65ec-bed8-696b0b9ebb99","SharingSet","yael.eriksen@example.com","SharePoint","https://example.sharepoint.com/sites/sunfish/","https://example.sharepoint.com/sites/sunfish/Shared Documents/Statement of Work.docx","Statement of Work.docx","yael.silva@partner9.example.com","Guest"
"2026-04-29T15:26:44Z","77ccaf3c-9749-475f-8a71-a82151999a71","SecureLinkUsed","sage.nakamura@partner5.example.com","SharePoint","https://example.sharepoint.com/sites/launch/","https://example.sharepoint.com/sites/launch/Shared Documents/Pricing Model.xlsx","Pricing Model.xlsx","sage.nakamura@partner5.example.com","Guest"
"2026-04-29T15:37:15Z","596c92d1-9a65-e4b1-1a2d-08f9b4d1b8b5","AnonymousLinkCreated","reese.vasquez@example.com","OneDrive","https://example-my.sharepoint.com/personal/avery_abara_example_com/","https://example-my.sharepoint.com/personal/avery_abara_example_com/Shared Documents/Migration Plan.docx","Migration Plan.docx","",""
"2026-04-29T16:07:31Z","c45c08ac-3ef3-d2a9-6c18-674a7145951a","SecureLinkCreated","sage.quintero@example.com","SharePoint","https://example.sharepoint.com/sites/northwind/","https://example.sharepoint.com/sites/northwind/Shared Documents/Security Questionnaire.docx","Security Questionnaire.docx","umi.ibarra@partner10.example.com","Guest"
"2026-04-29T17:04:49Z","1fbce3a9-7c8b-ba98-bd04-6636a8248a7b","SharingSet","oakley.jovanovic@example.com","SharePoint","https://example.sharepoint.com/sites/launch/","https://example.sharepoint.com/sites/launch/Shared Documents/Migration Plan.docx","Migration Plan.docx","wren.fontaine@partner6.example.com","Guest"
"2026-04-29T17:07:31Z","b4b83414-961e-5976-e780-bdfff95d59a3","AddedToSecureLink","sage.quintero@example.com","SharePoint","https://example.sharepoint.com/sites/northwind/","https://example.sharepoint.com/sites/northwind/Shared Documents/Meeting Notes.docx","Meeting Notes.docx","umi.ibarra@partner10.example.com","Guest"
"2026-04-29T17:44:15Z","3a09c901-4f23-1ac6-f44c-0cc0b8984565","SharingSet","yael.kowalski@example.com","SharePoint","https://example.sharepoint.com/sites/sunfish/","https://example.sharepoint.com/sites/sunfish/Shared Documents/Pricing Model.xlsx","Pricing Model.xlsx","harper.rasmussen@partner3.example.com","Guest"
"2026-04-29T18:38:58Z","184bfdce-17ac-7468-153e-a51411f435e0","SharingSet","quinn.quintero@example.com","SharePoint","https://example.sharepoint.com/sites/vendors/","https://example.sharepoint.com/sites/vendors/Shared Documents/Rollout Schedule.xlsx","Rollout Schedule.xlsx","drew.lindqvist@partner2.example.com","Guest"
"2026-04-29T18:47:38Z","baf168df-8500-e8c2-9a49-e9bfcfbf5546","SharingSet","oakley.xiong@example.com","OneDrive","https://example-my.sharepoint.com/personal/avery_abara_example_com/","https://example-my.sharepoint.com/personal/avery_abara_example_com/Shared Documents/Migration Plan.docx","Migration Plan.docx","harper.gallagher@partner7.example.com","Guest"
"2026-04-30T09:46:17Z","529d44d2-b4d3-6e52-2c15-a4c2702172b1","AnonymousLinkUsed","urn:spo:anon#140926","OneDrive","https://example-my.sharepoint.com/personal/avery_abara_example_com/","https://example-my.sharepoint.com/personal/avery_abara_example_com/Shared Documents/Security Questionnaire.docx","Security Questionnaire.docx","",""
"2026-04-30T14:08:12Z","612915f7-5769-6db2-1914-4000a24c0106","SharingSet","wren.gallagher@example.com","SharePoint","https://example.sharepoint.com/sites/northwind/","https://example.sharepoint.com/sites/northwind/Shared Documents/Test Results.xlsx","Test Results.xlsx","casey.kowalski@partner1.example.com","Guest"
"2026-04-30T17:42:45Z","afcd8cc0-9338-6115-a95e-2ecaf7e328b3","AnonymousLinkCreated","tatum.jovanovic@example.com","SharePoint","https://example.sharepoint.com/sites/launch/","https://example.sharepoint.com/sites/launch/Shared Documents/Statement of Work.docx","Statement of Work.docx","",""
"2026-04-30T17:49:14Z","cd4561ba-357f-ffe2-ce97-112f79f937dc","AnonymousLinkUsed","urn:spo:anon#521884","SharePoint","https://example.sharepoint.com/sites/launch/","https://example.sharepoint.com/sites/launch/Shared Documents/Statement of Work.docx","Statement of Work.docx","",""
"2026-04-30T18:13:41Z","2bfc8a38-228e-4729-e6db-71e53dc0f851","AnonymousLinkUsed","urn:spo:anon#353995","SharePoint","https://example.sharepoint.com/sites/vendors/","https://example.sharepoint.com/sites/vendors/Shared Documents/Security Questionnaire.docx","Security Questionnaire.docx","",""
"2026-04-30T18:49:39Z","fc3ece04-3585-266c-15b8-2593eb6d9c7e","AnonymousLinkUsed","urn:spo:anon#890792","SharePoint","https://example.sharepoint.com/sites/vendors/","https://example.sharepoint.com/sites/vendors/Shared Documents/Security Questionnaire.docx","Security Questionnaire.docx","",""
"2026-05-01T13:05:29Z","4df84c4d-993d-3895-00b4-d28833afc4bc","AnonymousLinkRemoved","oakley.fontaine@example.com","OneDrive","https://example-my.sharepoint.com/personal/avery_abara_example_com/","https://example-my.sharepoint.com/personal/avery_abara_example_com/Shared Documents/Meeting Notes.docx","Meeting Notes.docx","",""
"2026-05-01T17:40:39Z","e744887c-3d69-a096-c744-8442b5fdb446","AnonymousLinkUsed","urn:spo:anon#687109","SharePoint","https://example.sharepoint.com/sites/northwind/","https://example.sharepoint.com/sites/northwind/Shared Documents/Rollout Schedule.xlsx","Rollout Schedule.xlsx","",""
"2026-05-01T18:48:06Z","584a9c01-7a7d-c51a-d16c-99437d1571ac","SharingSet","noor.abara@example.com","SharePoint","https://example.sharepoint.com/sites/sunfish/","https://example.sharepoint.com/sites/sunfish/Shared Documents/Meeting Notes.docx","Meeting Notes.docx","reese.gallagher@partner1.example.com","Guest"
"2026-05-02T07:05:36Z","eed4a76a-87e5-26e8-396e-8d0f731ead3b","AnonymousLinkUsed","urn:spo:anon#203370","OneDrive","https://example-my.sharepoint.com/personal/avery_abara_example_com/","https://example-my.sharepoint.com/personal/avery_abara_example_com/Shared Documents/Statement of Work.docx","Statement of Work.docx","",""
"2026-05-02T08:07:31Z","efcf1e42-4249-37de-8719-45c151842100","SharingInvitationAccepted","umi.ibarra@partner10.example.com","SharePoint","https://example.sharepoint.com/sites/sunfish/","https://example.sharepoint.com/sites/sunfish/Shared Documents/Statement of Work.docx","Statement of Work.docx","umi.ibarra@partner10.example.com","Guest"
"2026-05-02T09:27:52Z","48284919-5554-1298-5f21-d57b94a84953","SharingSet","drew.lindqvist@example.com","SharePoint","https://example.sharepoint.com/sites/launch/","https://example.sharepoint.com/sites/launch/Shared Documents/Migration Plan.docx","Migration Plan.docx","avery.abara@partner6.example.com","Guest"
"2026-05-02T12:48:27Z","acc1e61e-3571-5692-5d84-4c9b50f87da6","SharingSet","logan.ueda@example.com","SharePoint","https://example.sharepoint.com/sites/northwind/","https://example.sharepoint.com/sites/northwind/Shared Documents/Migration Plan.docx","Migration Plan.docx","jordan.abara@partner9.example.com","Guest"
"2026-05-03T08:03:26Z","7f548881-a662-b4e6-2f2f-48412cc314f8","AnonymousLinkUsed","urn:spo:anon#435988","SharePoint","https://example.sharepoint.com/sites/launch/","https://example.sharepoint.com/sites/launch/Shared Documents/Migration Plan.docx","Migration Plan.docx","",""
"2026-05-03T08:17:56Z","4f0b1270-4451-6513-e726-ec918af31c70","SharingSet","wren.gallagher@example.com","OneDrive","https://example-my.sharepoint.com/personal/avery_abara_example_com/","https://example-my.sharepoint.com/personal/avery_abara_example_com/Shared Documents/Test Results.xlsx","Test Results.xlsx","casey.kowalski@partner1.example.com","Guest"
"2026-05-03T08:57:53Z","d98c3493-3437-7580-7f94-117d306d2364","SharingSet","logan.okonkwo@example.com","OneDrive","https://example-my.sharepoint.com/personal/avery_abara_example_com/","https://example-my.sharepoint.com/personal/avery_abara_example_com/Shared Documents/Test Results.xlsx","Test Results.xlsx","drew.eriksen@partner12.example.com","Guest"
"2026-05-03T09:30:26Z","80c35fe5-9ed1-dc64-0436-7e82387e4e67","AnonymousLinkUsed","urn:spo:anon#361601","SharePoint","https://example.sharepoint.com/sites/vendors/","https://example.sharepoint.com/sites/vendors/Shared Documents/Pricing Model.xlsx","Pricing Model.xlsx","",""
"2026-05-03T09:43:36Z","1fc13902-1dcb-7912-9bde-35ad1bc84ad7","SharingSet","vale.kowalski@example.com","OneDrive","https://example-my.sharepoint.com/personal/avery_abara_example_com/","https://example-my.sharepoint.com/personal/avery_abara_example_com/Shared Documents/Rollout Schedule.xlsx","Rollout Schedule.xlsx","noor.jovanovic@partner2.example.com","Guest"
"2026-05-03T10:36:19Z","a569ceaa-e214-44e6-1d84-8fb32a4319be","AnonymousLinkUsed","urn:spo:anon#375224","OneDrive","https://example-my.sharepoint.com/personal/avery_abara_example_com/","https://example-my.sharepoint.com/personal/avery_abara_example_com/Shared Documents/Architecture Review.pptx","Architecture Review.pptx","",""
"2026-05-03T12:23:19Z","e23890f0-5460-c2c2-78c4-d72267f3261c","AnonymousLinkUsed","urn:spo:anon#598426","SharePoint","https://example.sharepoint.com/sites/northwind/","https://example.sharepoint.com/sites/northwind/Shared Documents/Test Results.xlsx","Test Results.xlsx","",""
"2026-05-03T12:26:42Z","008fe24a-2858-f37e-d1d9-a52ce8d6ae65","SharingSet","harper.quintero@example.com","SharePoint","https://example.sharepoint.com/sites/sunfish/","https://example.sharepoint.com/sites/sunfish/Shared Documents/Rollout Schedule.xlsx","Rollout Schedule.xlsx","finley.haddad@partner5.example.com","Guest"
"2026-05-03T13:00:07Z","6e1469fd-e593-e69a-fd68-c0471bde9b3e","SharingSet","wren.gallagher@example.com","SharePoint","https://example.sharepoint.com/sites/vendors/","https://example.sharepoint.com/sites/vendors/Shared Documents/Security Questionnaire.docx","Security Questionnaire.docx","casey.kowalski@partner1.example.com","Guest"
"2026-05-04T09:07:17Z","3b8d495c-9ba5-4dba-cb82-830487c4aa61","AnonymousLinkRemoved","parker.takahashi@example.com","OneDrive","https://example-my.sharepoint.com/personal/avery_abara_example_com/","https://example-my.sharepoint.com/personal/avery_abara_example_com/Shared Documents/Statement of Work.docx","Statement of Work.docx","",""
"2026-05-04T11:41:21Z","6132272f-a024-c810-43e2-1aa5897a938d","SharingSet","zephyr.gallagher@example.com","SharePoint","https://example.sharepoint.com/sites/sunfish/","https://example.sharepoint.com/sites/sunfish/Shared Documents/Security Questionnaire.docx","Security Questionnaire.docx","reese.ibarra@partner7.example.com","Guest"
"2026-05-04T15:07:58Z","8ce09359-2de1-2861-33a0-66fba12d0380","SharingSet","oakley.jovanovic@example.com","SharePoint","https://example.sharepoint.com/sites/northwind/","https://example.sharepoint.com/sites/northwind/Shared Documents/Architecture Review.pptx","Architecture Review.pptx","wren.fontaine@partner6.example.com","Guest"
"2026-05-04T17:29:25Z","2240abec-bc14-cb2c-fb28-99b0569b678e","SharingSet","indigo.ibarra@example.com","SharePoint","https://example.sharepoint.com/sites/vendors/","https://example.sharepoint.com/sites/vendors/Shared Documents/Security Questionnaire.docx","Security Questionnaire.docx","kai.bergstrom@partner11.example.com","Guest"
"2026-05-04T17:52:37Z","76a6f9aa-3608-a8ba-38ac-5049dbabfe16","SharingSet","indigo.ibarra@example.com","SharePoint","https://example.sharepoint.com/sites/sunfish/","https://example.sharepoint.com/sites/sunfish/Shared Documents/Meeting Notes.docx","Meeting Notes.docx","kai.bergstrom@partner11.example.com","Guest"
"2026-05-04T18:37:44Z","6eb6ac82-6448-bfab-a966-ee53572db614","SharingSet","noor.petrov@example.com","SharePoint","https://example.sharepoint.com/sites/launch/","https://example.sharepoint.com/sites/launch/Shared Documents/Rollout Schedule.xlsx","Rollout Schedule.xlsx","kai.ibarra@partner2.example.com","Guest"
"2026-05-04T19:06:17Z","39d5099b-0f7c-d959-b615-489686ddf2c4","AnonymousLinkCreated","logan.quintero@example.com","OneDrive","https://example-my.sharepoint.com/personal/avery_abara_example_com/","https://example-my.sharepoint.com/personal/avery_abara_example_com/Shared Documents/Pricing Model.xlsx","Pricing Model.xlsx","",""
"2026-05-04T19:42:34Z","2e1ba78f-eeea-3d70-5a18-c927214b060b","AnonymousLinkUsed","urn:spo:anon#206914","SharePoint","https://example.sharepoint.com/sites/vendors/","https://example.sharepoint.com/sites/vendors/Shared Documents/Rollout Schedule.xlsx","Rollout Schedule.xlsx","",""
"2026-05-05T07:04:31Z","35e1a3d3-9f42-9b58-6ca4-3b871a5deef9","AnonymousLinkUsed","urn:spo:anon#511646","SharePoint","https://example.sharepoint.com/sites/vendors/","https://example.sharepoint.com/sites/vendors/Shared Documents/Test Results.xlsx","Test Results.xlsx","",""
"2026-05-05T08:26:26Z","288a2fe1-3267-4b26-bba6-d1e068aec3a1","SharingSet","sage.quintero@example.com","SharePoint","https://example.sharepoint.com/sites/sunfish/","https://example.sharepoint.com/sites/sunfish/Shared Documents/Rollout Schedule.xlsx","Rollout Schedule.xlsx","umi.ibarra@partner10.example.com","Guest"
"2026-05-05T10:09:19Z","3b4abe46-3cf7-e57b-1554-6d5565156317","AnonymousLinkCreated","drew.petrov@example.com","OneDrive","https://example-my.sharepoint.com/personal/avery_abara_example_com/","https://example-my.sharepoint.com/personal/avery_abara_example_com/Shared Documents/Statement of Work.docx","Statement of Work.docx","",""
"2026-05-05T10:23:17Z","7b809940-a065-3781-93bd-d735a98be82c","AnonymousLinkCreated","reese.vasquez@example.com","SharePoint","https://example.sharepoint.com/sites/northwind/","https://example.sharepoint.com/sites/northwind/Shared Documents/Security Questionnaire.docx","Security Questionnaire.docx","",""
"2026-05-05T10:25:32Z","8c6e29d6-a7a9-e5b3-27c7-a56b4fd51cf6","SharingSet","blair.rasmussen2@example.com","SharePoint","https://example.sharepoint.com/sites/vendors/","https://example.sharepoint.com/sites/vendors/Shared Documents/Pricing Model.xlsx","Pricing Model.xlsx","umi.xiong@partner12.example.com","Guest"
"2026-05-05T11:24:29Z","86765ed0-4761-e2fe-9f4b-2895ae2a6b10","AnonymousLinkCreated","marlowe.ueda@example.com","SharePoint","https://example.sharepoint.com/sites/sunfish/","https://example.sharepoint.com/sites/sunfish/Shared Documents/Test Results.xlsx","Test Results.xlsx","",""
"2026-05-05T13:36:52Z","66c271aa-2101-4da6-8dee-e7fdc99ebb6c","AnonymousLinkRemoved","vale.ueda@example.com","SharePoint","https://example.sharepoint.com/sites/launch/","https://example.sharepoint.com/sites/launch/Shared Documents/Architecture Review.pptx","Architecture Review.pptx","",""
"2026-05-05T13:56:59Z","f3683206-5738-8dcb-191a-40c59d3af15d","AnonymousLinkUsed","urn:spo:anon#932086","SharePoint","https://example.sharepoint.com/sites/launch/","https://example.sharepoint.com/sites/launch/Shared Documents/Pricing Model.xlsx","Pricing Model.xlsx","",""
"2026-05-06T08:49:33Z","bf493c31-bb8d-25bc-594f-49a070432dad","AnonymousLinkCreated","harper.jovanovic@example.com","SharePoint","https://example.sharepoint.com/sites/launch/","https://example.sharepoint.com/sites/launch/Shared Documents/Security Questionnaire.docx","Security Questionnaire.docx","",""
"2026-05-06T09:50:13Z","cc498482-68a2-ed0f-5b22-fd99f995c687","SharingSet","jordan.whitfield@example.com","SharePoint","https://example.sharepoint.com/sites/northwind/","https://example.sharepoint.com/sites/northwind/Shared Documents/Migration Plan.docx","Migration Plan.docx","blair.jovanovic@partner10.example.com","Guest"
"2026-05-06T10:11:43Z","f05b76ea-b2fa-64e1-b62a-80404a70320c","SharingSet","xan.kowalski@example.com","SharePoint","https://example.sharepoint.com/sites/northwind/","https://example.sharepoint.com/sites/northwind/Shared Documents/Statement of Work.docx","Statement of Work.docx","reese.quintero@partner3.example.com","Guest"
"2026-05-06T10:25:01Z","e966b848-2ee2-a136-1739-88b2ce74e109","AnonymousLinkUsed","urn:spo:anon#641623","SharePoint","https://example.sharepoint.com/sites/sunfish/","https://example.sharepoint.com/sites/sunfish/Shared Documents/Statement of Work.docx","Statement of Work.docx","",""
"2026-05-06T10:50:50Z","8421b14e-b8f1-34db-7406-d75cba053050","AnonymousLinkUsed","urn:spo:anon#126337","SharePoint","https://example.sharepoint.com/sites/sunfish/","https://example.sharepoint.com/sites/sunfish/Shared Documents/Migration Plan.docx","Migration Plan.docx","",""
"2026-05-06T12:45:01Z","9e3272d4-dd76-64db-2ec3-a8dc703fce82","AnonymousLinkUsed","urn:spo:anon#997218","SharePoint","https://example.sharepoint.com/sites/launch/","https://example.sharepoint.com/sites/launch/Shared Documents/Migration Plan.docx","Migration Plan.docx","",""
"2026-05-06T16:27:28Z","abb2f764-4c8c-2a8d-4097-c85d8d1ff66b","SharingSet","drew.lindqvist@example.com","SharePoint","https://example.sharepoint.com/sites/northwind/","https://example.sharepoint.com/sites/northwind/Shared Documents/Rollout Schedule.xlsx","Rollout Schedule.xlsx","avery.abara@partner6.example.com","Guest"
"2026-05-06T18:00:19Z","2855a7bc-8364-78e9-d011-063edb9f08ad","SharingSet","logan.quintero@example.com","SharePoint","https://example.sharepoint.com/sites/northwind/","https://example.sharepoint.com/sites/northwind/Shared Documents/Statement of Work.docx","Statement of Work.docx","indigo.rasmussen@partner10.example.com","Guest"
"2026-05-07T07:32:57Z","8029dc33-ecd1-a6ac-4f76-15f064ad543b","SharingSet","logan.quintero@example.com","SharePoint","https://example.sharepoint.com/sites/vendors/","https://example.sharepoint.com/sites/vendors/Shared Documents/Meeting Notes.docx","Meeting Notes.docx","indigo.rasmussen@partner10.example.com","Guest"
"2026-05-07T07:42:36Z","7592068c-cd00-e7a5-c517-fc44eaf1a518","SharingSet","yael.kowalski@example.com","SharePoint","https://example.sharepoint.com/sites/vendors/","https://example.sharepoint.com/sites/vendors/Shared Documents/Architecture Review.pptx","Architecture Review.pptx","harper.rasmussen@partner3.example.com","Guest"
"2026-05-07T08:52:32Z","66013648-4a37-f0b7-eeda-5f945083dafc","SharingSet","parker.takahashi@example.com","SharePoint","https://example.sharepoint.com/sites/sunfish/","https://example.sharepoint.com/sites/sunfish/Shared Documents/Pricing Model.xlsx","Pricing Model.xlsx","yael.fontaine@partner3.example.com","Guest"
"2026-05-07T15:00:14Z","91f90098-48d0-ebd2-e383-b0a534d9b475","AnonymousLinkCreated","tatum.yilmaz@example.com","SharePoint","https://example.sharepoint.com/sites/vendors/","https://example.sharepoint.com/sites/vendors/Shared Documents/Statement of Work.docx","Statement of Work.docx","",""
"2026-05-07T19:13:47Z","bb2f96e8-05ea-e952-ae1d-eaf4c3d1903c","SharingSet","oakley.jovanovic@example.com","OneDrive","https://example-my.sharepoint.com/personal/avery_abara_example_com/","https://example-my.sharepoint.com/personal/avery_abara_example_com/Shared Documents/Architecture Review.pptx","Architecture Review.pptx","wren.fontaine@partner6.example.com","Guest"
"2026-05-07T19:24:24Z","9c0abc72-de67-8df6-3921-6c77ae8844d3","AnonymousLinkUsed","urn:spo:anon#132422","SharePoint","https://example.sharepoint.com/sites/vendors/","https://example.sharepoint.com/sites/vendors/Shared Documents/Rollout Schedule.xlsx","Rollout Schedule.xlsx","",""
"2026-05-07T19:35:16Z","d5bd081c-9030-0f65-b5eb-f34d839e15b9","AnonymousLinkCreated","drew.takahashi@example.com","SharePoint","https://example.sharepoint.com/sites/vendors/","https://example.sharepoint.com/sites/vendors/Shared Documents/Migration Plan.docx","Migration Plan.docx","",""
"2026-05-08T07:30:43Z","465b356a-7f2d-9c25-7709-40ace538e57d","SecureLinkUsed","harper.rasmussen@partner3.example.com","SharePoint","https://example.sharepoint.com/sites/sunfish/","https://example.sharepoint.com/sites/sunfish/Shared Documents/Test Results.xlsx","Test Results.xlsx","harper.rasmussen@partner3.example.com","Guest"
"2026-05-08T07:34:28Z","4bc4963b-595d-9c40-54e5-89ade18e0461","AnonymousLinkCreated","wren.rasmussen@example.com","SharePoint","https://example.sharepoint.com/sites/sunfish/","https://example.sharepoint.com/sites/sunfish/Shared Documents/Migration Plan.docx","Migration Plan.docx","",""
"2026-05-08T10:35:50Z","c8d97823-de76-bc8f-9d81-1c8d5fe5078f","SharingSet","noor.abara@example.com","OneDrive","https://example-my.sharepoint.com/personal/avery_abara_example_com/","https://example-my.sharepoint.com/personal/avery_abara_example_com/Shared Documents/Meeting Notes.docx","Meeting Notes.docx","reese.gallagher@partner1.example.com","Guest"
"2026-05-08T12:38:45Z","996c4129-cfe5-cd51-835e-6a7703dc99b1","AnonymousLinkUsed","urn:spo:anon#448318","SharePoint","https://example.sharepoint.com/sites/launch/","https://example.sharepoint.com/sites/launch/Shared Documents/Rollout Schedule.xlsx","Rollout Schedule.xlsx","",""
"2026-05-08T12:54:13Z","d4c8c714-ae11-8665-476e-621e33e71197","AnonymousLinkUsed","urn:spo:anon#561167","SharePoint","https://example.sharepoint.com/sites/launch/","https://example.sharepoint.com/sites/launch/Shared Documents/Pricing Model.xlsx","Pricing Model.xlsx","",""
"2026-05-08T16:53:13Z","fc4a0d27-1790-2238-e2f8-08a1d328f7ac","AnonymousLinkUsed","urn:spo:anon#877794","SharePoint","https://example.sharepoint.com/sites/sunfish/","https://example.sharepoint.com/sites/sunfish/Shared Documents/Statement of Work.docx","Statement of Work.docx","",""
"2026-05-08T18:16:38Z","60761375-e0ab-9876-1ca2-fbc0b68570f6","SharingSet","logan.ueda@example.com","OneDrive","https://example-my.sharepoint.com/personal/avery_abara_example_com/","https://example-my.sharepoint.com/personal/avery_abara_example_com/Shared Documents/Meeting Notes.docx","Meeting Notes.docx","drew.fontaine@partner1.example.com","Guest"
"2026-05-09T09:19:30Z","42b7d400-1442-569e-e0ba-553d86457137","SharingSet","vale.kowalski@example.com","SharePoint","https://example.sharepoint.com/sites/northwind/","https://example.sharepoint.com/sites/northwind/Shared Documents/Security Questionnaire.docx","Security Questionnaire.docx","noor.jovanovic@partner2.example.com","Guest"
"2026-05-09T09:23:43Z","1806ac2f-c62b-02c8-1d48-88a3de002810","SharingSet","blair.jovanovic@example.com","SharePoint","https://example.sharepoint.com/sites/vendors/","https://example.sharepoint.com/sites/vendors/Shared Documents/Pricing Model.xlsx","Pricing Model.xlsx","logan.xiong@partner11.example.com","Guest"
"2026-05-09T17:18:58Z","00c9b802-9cd3-1752-a6e8-609344edb8ed","SharingSet","wren.gallagher@example.com","SharePoint","https://example.sharepoint.com/sites/vendors/","https://example.sharepoint.com/sites/vendors/Shared Documents/Rollout Schedule.xlsx","Rollout Schedule.xlsx","casey.kowalski@partner1.example.com","Guest"
"2026-05-10T08:11:03Z","18418fc8-5c6a-f767-0ecf-0b37f1f7b80b","SharingSet","blair.rasmussen@example.com","SharePoint","https://example.sharepoint.com/sites/sunfish/","https://example.sharepoint.com/sites/sunfish/Shared Documents/Statement of Work.docx","Statement of Work.docx","yael.bergstrom@partner4.example.com","Guest"
"2026-05-10T08:21:02Z","186501c2-c462-f789-1230-edf2f6fc54ee","AnonymousLinkUsed","urn:spo:anon#232538","SharePoint","https://example.sharepoint.com/sites/sunfish/","https://example.sharepoint.com/sites/sunfish/Shared Documents/Security Questionnaire.docx","Security Questionnaire.docx","",""
"2026-05-10T10:04:22Z","33361595-271d-50af-9630-e9aa7be13451","SharingSet","blair.jovanovic@example.com","SharePoint","https://example.sharepoint.com/sites/vendors/","https://example.sharepoint.com/sites/vendors/Shared Documents/Architecture Review.pptx","Architecture Review.pptx","logan.xiong@partner11.example.com","Guest"
"2026-05-10T10:17:24Z","5987895d-e3c3-d73e-6e83-464fb4ce2e79","SharingSet","drew.lindqvist@example.com","SharePoint","https://example.sharepoint.com/sites/vendors/","https://example.sharepoint.com/sites/vendors/Shared Documents/Architecture Review.pptx","Architecture Review.pptx","avery.abara@partner6.example.com","Guest"
"2026-05-10T12:52:09Z","dc405a8f-fbae-a9f0-f84b-9cc8bbcb3921","AnonymousLinkUsed","urn:spo:anon#935694","SharePoint","https://example.sharepoint.com/sites/northwind/","https://example.sharepoint.com/sites/northwind/Shared Documents/Architecture Review.pptx","Architecture Review.pptx","",""
"2026-05-10T13:40:07Z","0b6d910c-1028-2ea8-2ce8-f0d3dbec891c","AnonymousLinkUsed","urn:spo:anon#104791","SharePoint","https://example.sharepoint.com/sites/launch/","https://example.sharepoint.com/sites/launch/Shared Documents/Statement of Work.docx","Statement of Work.docx","",""
"2026-05-10T18:03:21Z","ae423c0d-29d8-5237-43ee-5f9f947aafed","AnonymousLinkUsed","urn:spo:anon#949340","OneDrive","https://example-my.sharepoint.com/personal/avery_abara_example_com/","https://example-my.sharepoint.com/personal/avery_abara_example_com/Shared Documents/Statement of Work.docx","Statement of Work.docx","",""
"2026-05-10T18:14:51Z","46726458-bbc2-bd22-e4ad-8938a20f731c","AnonymousLinkUsed","urn:spo:anon#310250","OneDrive","https://example-my.sharepoint.com/personal/avery_abara_example_com/","https://example-my.sharepoint.com/personal/avery_abara_example_com/Shared Documents/Migration Plan.docx","Migration Plan.docx","",""
"2026-05-10T18:39:50Z","039331f0-875a-28f3-998e-cdb26984aebd","AnonymousLinkUsed","urn:spo:anon#195461","SharePoint","https://example.sharepoint.com/sites/vendors/","https://example.sharepoint.com/sites/vendors/Shared Documents/Pricing Model.xlsx","Pricing Model.xlsx","",""
"2026-05-10T19:09:35Z","93b3e059-1176-798c-6565-32051d93743b","AnonymousLinkCreated","kai.silva@example.com","SharePoint","https://example.sharepoint.com/sites/sunfish/","https://example.sharepoint.com/sites/sunfish/Shared Documents/Rollout Schedule.xlsx","Rollout Schedule.xlsx","",""
"2026-05-11T09:44:41Z","d3a8da06-eb97-f27c-8498-c4a88eb0686e","SharingSet","drew.jovanovic@example.com","OneDrive","https://example-my.sharepoint.com/personal/avery_abara_example_com/","https://example-my.sharepoint.com/personal/avery_abara_example_com/Shared Documents/Test Results.xlsx","Test Results.xlsx","parker.takahashi@partner7.example.com","Guest"
"2026-05-11T12:59:43Z","27a848a4-9a2b-dda5-ebd9-f4e2bb155d12","SharingSet","xan.kowalski@example.com","SharePoint","https://example.sharepoint.com/sites/sunfish/","https://example.sharepoint.com/sites/sunfish/Shared Documents/Migration Plan.docx","Migration Plan.docx","reese.quintero@partner3.example.com","Guest"
"2026-05-11T13:36:31Z","5dba2752-f233-e095-f39e-58bd07c17351","SharingSet","parker.takahashi@example.com","OneDrive","https://example-my.sharepoint.com/personal/avery_abara_example_com/","https://example-my.sharepoint.com/personal/avery_abara_example_com/Shared Documents/Rollout Schedule.xlsx","Rollout Schedule.xlsx","yael.fontaine@partner3.example.com","Guest"
"2026-05-11T16:02:19Z","e5deff49-b88e-9a69-e9b9-18ddba0a29b1","AnonymousLinkUsed","urn:spo:anon#808462","SharePoint","https://example.sharepoint.com/sites/vendors/","https://example.sharepoint.com/sites/vendors/Shared Documents/Pricing Model.xlsx","Pricing Model.xlsx","",""
"2026-05-12T09:05:45Z","e1cc960e-aa37-acd6-674e-8e53e5b9f7ad","AnonymousLinkRemoved","xan.takahashi@example.com","SharePoint","https://example.sharepoint.com/sites/launch/","https://example.sharepoint.com/sites/launch/Shared Documents/Meeting Notes.docx","Meeting Notes.docx","",""
"2026-05-12T12:18:08Z","c94adaeb-219a-4ea2-86d9-1ea41db946f5","SharingInvitationCreated","quinn.silva2@example.com","SharePoint","https://example.sharepoint.com/sites/sunfish/","https://example.sharepoint.com/sites/sunfish/Shared Documents/Rollout Schedule.xlsx","Rollout Schedule.xlsx","reese.moreau@partner6.example.com","Guest"
"2026-05-12T14:18:08Z","be044832-7826-65a9-f8f5-d0c7b5d73e89","SecureLinkCreated","quinn.silva2@example.com","OneDrive","https://example-my.sharepoint.com/personal/avery_abara_example_com/","https://example-my.sharepoint.com/personal/avery_abara_example_com/Shared Documents/Architecture Review.pptx","Architecture Review.pptx","reese.moreau@partner6.example.com","Guest"
"2026-05-12T15:18:08Z","03e6deeb-99b4-9a52-ab9d-10e38c735a40","AddedToSecureLink","quinn.silva2@example.com","OneDrive","https://example-my.sharepoint.com/personal/avery_abara_example_com/","https://example-my.sharepoint.com/personal/avery_abara_example_com/Shared Documents/Test Results.xlsx","Test Results.xlsx","reese.moreau@partner6.example.com","Guest"
"2026-05-12T16:20:05Z","d18f118b-29d8-6ecd-43a1-b9922e5b81f0","AnonymousLinkUsed","urn:spo:anon#430925","OneDrive","https://example-my.sharepoint.com/personal/avery_abara_example_com/","https://example-my.sharepoint.com/personal/avery_abara_example_com/Shared Documents/Rollout Schedule.xlsx","Rollout Schedule.xlsx","",""
"2026-05-12T16:37:12Z","fb5fdafb-e81c-b78e-d038-3b0880c51bec","SharingSet","drew.lindqvist@example.com","OneDrive","https://example-my.sharepoint.com/personal/avery_abara_example_com/","https://example-my.sharepoint.com/personal/avery_abara_example_com/Shared Documents/Statement of Work.docx","Statement of Work.docx","gray.silva@partner4.example.com","Guest"
"2026-05-12T18:09:33Z","513f1db3-f390-3e16-d1cb-590ba42802ec","SharingInvitationCreated","quinn.quintero@example.com","SharePoint","https://example.sharepoint.com/sites/launch/","https://example.sharepoint.com/sites/launch/Shared Documents/Rollout Schedule.xlsx","Rollout Schedule.xlsx","drew.lindqvist@partner2.example.com","Guest"
"2026-05-12T18:25:13Z","e6bf0e48-13f5-5800-899b-27b41edfd3e0","SharingSet","noor.abara@example.com","SharePoint","https://example.sharepoint.com/sites/launch/","https://example.sharepoint.com/sites/launch/Shared Documents/Architecture Review.pptx","Architecture Review.pptx","reese.gallagher@partner1.example.com","Guest"
"2026-05-12T20:09:33Z","215be5eb-793c-8947-96e7-0be755dd16d6","SecureLinkCreated","quinn.quintero@example.com","SharePoint","https://example.sharepoint.com/sites/northwind/","https://example.sharepoint.com/sites/northwind/Shared Documents/Meeting Notes.docx","Meeting Notes.docx","drew.lindqvist@partner2.example.com","Guest"
"2026-05-12T21:09:33Z","d40086ab-8716-717d-b212-c8fc606bee76","AddedToSecureLink","quinn.quintero@example.com","SharePoint","https://example.sharepoint.com/sites/sunfish/","https://example.sharepoint.com/sites/sunfish/Shared Documents/Security Questionnaire.docx","Security Questionnaire.docx","drew.lindqvist@partner2.example.com","Guest"
"2026-05-13T00:18:08Z","fcffde39-c563-87e5-4fb4-da3b0dc19046","SharingInvitationAccepted","reese.moreau@partner6.example.com","SharePoint","https://example.sharepoint.com/sites/northwind/","https://example.sharepoint.com/sites/northwind/Shared Documents/Statement of Work.docx","Statement of Work.docx","reese.moreau@partner6.example.com","Guest"
"2026-05-13T05:09:33Z","960757e8-7d3f-6b79-99cd-1fb8910f43bc","SharingInvitationAccepted","drew.lindqvist@partner2.example.com","OneDrive","https://example-my.sharepoint.com/personal/avery_abara_example_com/","https://example-my.sharepoint.com/personal/avery_abara_example_com/Shared Documents/Pricing Model.xlsx","Pricing Model.xlsx","drew.lindqvist@partner2.example.com","Guest"
"2026-05-13T09:20:26Z","5d525407-f3ef-916e-206f-c0508424a44b","AnonymousLinkUsed","urn:spo:anon#549531","SharePoint","https://example.sharepoint.com/sites/northwind/","https://example.sharepoint.com/sites/northwind/Shared Documents/Architecture Review.pptx","Architecture Review.pptx","",""
"2026-05-13T10:41:26Z","13b26456-9864-591b-0a20-fec610b840c7","SharingSet","tatum.yilmaz@example.com","SharePoint","https://example.sharepoint.com/sites/vendors/","https://example.sharepoint.com/sites/vendors/Shared Documents/Statement of Work.docx","Statement of Work.docx","noor.yilmaz@partner12.example.com","Guest"
"2026-05-13T11:30:05Z","23788ec0-d8b0-e283-c756-141eac47e14c","AnonymousLinkUsed","urn:spo:anon#870924","SharePoint","https://example.sharepoint.com/sites/northwind/","https://example.sharepoint.com/sites/northwind/Shared Documents/Migration Plan.docx","Migration Plan.docx","",""
"2026-05-13T15:13:44Z","ac632667-8b03-e035-e2a7-43cd61f9fd5a","AnonymousLinkUsed","urn:spo:anon#750389","OneDrive","https://example-my.sharepoint.com/personal/avery_abara_example_com/","https://example-my.sharepoint.com/personal/avery_abara_example_com/Shared Documents/Rollout Schedule.xlsx","Rollout Schedule.xlsx","",""
"2026-05-13T19:55:59Z","aa6a481a-a8a5-248b-880d-cf549af8143c","SharingRevoked","yael.kowalski@example.com","SharePoint","https://example.sharepoint.com/sites/sunfish/","https://example.sharepoint.com/sites/sunfish/Shared Documents/Migration Plan.docx","Migration Plan.docx","harper.rasmussen@partner3.example.com","Guest"
"2026-05-14T09:50:03Z","b5136983-c4b7-2c3c-efd4-9ee1a6b5674b","SharingSet","drew.lindqvist@example.com","SharePoint","https://example.sharepoint.com/sites/northwind/","https://example.sharepoint.com/sites/northwind/Shared Documents/Migration Plan.docx","Migration Plan.docx","avery.abara@partner6.example.com","Guest"
"2026-05-14T15:06:24Z","d1b63d45-0061-5555-42c0-a6151c2b50be","AnonymousLinkUsed","urn:spo:anon#641105","SharePoint","https://example.sharepoint.com/sites/vendors/","https://example.sharepoint.com/sites/vendors/Shared Documents/Security Questionnaire.docx","Security Questionnaire.docx","",""
"2026-05-14T15:19:33Z","4104b3ec-d67d-be69-7f38-ef52545987ff","SharingSet","logan.okonkwo@example.com","SharePoint","https://example.sharepoint.com/sites/vendors/","https://example.sharepoint.com/sites/vendors/Shared Documents/Architecture Review.pptx","Architecture Review.pptx","drew.eriksen@partner12.example.com","Guest"
"2026-05-14T16:19:34Z","4e25e76d-e0d9-09f2-766c-54e77d441104","SharingInvitationCreated","tatum.ibarra@example.com","SharePoint","https://example.sharepoint.com/sites/vendors/","https://example.sharepoint.com/sites/vendors/Shared Documents/Pricing Model.xlsx","Pricing Model.xlsx","sage.xiong@partner8.example.com","Guest"
"2026-05-14T16:44:58Z","ba4b33f5-4be9-7adb-7fb4-33d1845c39b3","AnonymousLinkUsed","urn:spo:anon#618976","SharePoint","https://example.sharepoint.com/sites/sunfish/","https://example.sharepoint.com/sites/sunfish/Shared Documents/Meeting Notes.docx","Meeting Notes.docx","",""
"2026-05-14T18:19:34Z","f8db3a3e-b41a-74f5-0c2b-63403d9aff48","SecureLinkCreated","tatum.ibarra@example.com","SharePoint","https://example.sharepoint.com/sites/northwind/","https://example.sharepoint.com/sites/northwind/Shared Documents/Test Results.xlsx","Test Results.xlsx","sage.xiong@partner8.example.com","Guest"
"2026-05-14T19:19:34Z","291dda30-8f3d-9867-77d8-8cd3f1bec6e6","AddedToSecureLink","tatum.ibarra@example.com","SharePoint","https://example.sharepoint.com/sites/launch/","https://example.sharepoint.com/sites/launch/Shared Documents/Migration Plan.docx","Migration Plan.docx","sage.xiong@partner8.example.com","Guest"
"2026-05-15T07:11:26Z","6d4cbcb8-ddc9-8ee8-af2c-cdc340eb6937","SharingSet","zephyr.gallagher@example.com","SharePoint","https://example.sharepoint.com/sites/launch/","https://example.sharepoint.com/sites/launch/Shared Documents/Architecture Review.pptx","Architecture Review.pptx","reese.ibarra@partner7.example.com","Guest"
"2026-05-15T07:21:30Z","ff1909bc-8194-c303-3725-f9192aeb3288","AnonymousLinkCreated","emery.nakamura@example.com","OneDrive","https://example-my.sharepoint.com/personal/avery_abara_example_com/","https://example-my.sharepoint.com/personal/avery_abara_example_com/Shared Documents/Security Questionnaire.docx","Security Questionnaire.docx","",""
"2026-05-15T11:34:42Z","71061bc3-a180-0d67-dbfc-732035854b2b","SharingSet","noor.abara@example.com","SharePoint","https://example.sharepoint.com/sites/launch/","https://example.sharepoint.com/sites/launch/Shared Documents/Pricing Model.xlsx","Pricing Model.xlsx","reese.gallagher@partner1.example.com","Guest"
"2026-05-15T12:15:09Z","000b4524-d90c-65af-1ee8-8dd10fd7af65","SharingSet","zephyr.gallagher@example.com","SharePoint","https://example.sharepoint.com/sites/sunfish/","https://example.sharepoint.com/sites/sunfish/Shared Documents/Rollout Schedule.xlsx","Rollout Schedule.xlsx","reese.ibarra@partner7.example.com","Guest"
"2026-05-15T12:19:34Z","0c3d6912-2408-519b-8a70-fe94c8138c86","SharingInvitationAccepted","sage.xiong@partner8.example.com","SharePoint","https://example.sharepoint.com/sites/launch/","https://example.sharepoint.com/sites/launch/Shared Documents/Rollout Schedule.xlsx","Rollout Schedule.xlsx","sage.xiong@partner8.example.com","Guest"
"2026-05-15T15:59:40Z","01ea0843-bab7-f0ce-366b-54e49e91c912","AnonymousLinkUsed","urn:spo:anon#370470","SharePoint","https://example.sharepoint.com/sites/launch/","https://example.sharepoint.com/sites/launch/Shared Documents/Architecture Review.pptx","Architecture Review.pptx","",""
"2026-05-15T18:26:46Z","9f39e3e6-6e45-6859-e2f6-e5882cca5ab7","AnonymousLinkCreated","quinn.kowalski@example.com","SharePoint","https://example.sharepoint.com/sites/northwind/","https://example.sharepoint.com/sites/northwind/Shared Documents/Statement of Work.docx","Statement of Work.docx","",""
"2026-05-16T07:14:57Z","da4180ff-a1c8-fa02-a285-40f9216a21ec","AnonymousLinkUsed","urn:spo:anon#470270","OneDrive","https://example-my.sharepoint.com/personal/avery_abara_example_com/","https://example-my.sharepoint.com/personal/avery_abara_example_com/Shared Documents/Meeting Notes.docx","Meeting Notes.docx","",""
"2026-05-16T08:16:35Z","59bc9b69-b7a9-7fb3-8588-812222db1448","AnonymousLinkUsed","urn:spo:anon#379509","SharePoint","https://example.sharepoint.com/sites/sunfish/","https://example.sharepoint.com/sites/sunfish/Shared Documents/Architecture Review.pptx","Architecture Review.pptx","",""
"2026-05-16T10:59:07Z","cd449a35-648c-8ab0-9bc2-6541bce5515d","SharingSet","emery.quintero@example.com","OneDrive","https://example-my.sharepoint.com/personal/avery_abara_example_com/","https://example-my.sharepoint.com/personal/avery_abara_example_com/Shared Documents/Architecture Review.pptx","Architecture Review.pptx","logan.nakamura@partner1.example.com","Guest"
"2026-05-16T12:34:01Z","d1d40c25-7243-f7ce-9727-fca785b47ac5","AnonymousLinkUsed","urn:spo:anon#174484","SharePoint","https://example.sharepoint.com/sites/sunfish/","https://example.sharepoint.com/sites/sunfish/Shared Documents/Pricing Model.xlsx","Pricing Model.xlsx","",""
"2026-05-16T12:52:46Z","c8e9ae4b-1b06-835a-b008-4dc1374b8902","SharingSet","avery.silva@example.com","SharePoint","https://example.sharepoint.com/sites/launch/","https://example.sharepoint.com/sites/launch/Shared Documents/Security Questionnaire.docx","Security Questionnaire.docx","parker.nakamura@partner8.example.com","Guest"
"2026-05-16T14:33:18Z","71dbf558-b20c-8a3a-42a2-fdd18e0709fd","AnonymousLinkUsed","urn:spo:anon#993103","SharePoint","https://example.sharepoint.com/sites/vendors/","https://example.sharepoint.com/sites/vendors/Shared Documents/Migration Plan.docx","Migration Plan.docx","",""
"2026-05-16T15:37:44Z","f9dea428-e43a-71b6-9c4e-eff3585a3c81","SharingSet","harper.quintero@example.com","SharePoint","https://example.sharepoint.com/sites/northwind/","https://example.sharepoint.com/sites/northwind/Shared Documents/Pricing Model.xlsx","Pricing Model.xlsx","finley.haddad@partner5.example.com","Guest"
"2026-05-16T16:19:45Z","b54d770b-67f4-ee77-7e88-3e3c8b0c536a","SharingSet","drew.lindqvist@example.com","SharePoint","https://example.sharepoint.com/sites/northwind/","https://example.sharepoint.com/sites/northwind/Shared Documents/Architecture Review.pptx","Architecture Review.pptx","avery.abara@partner6.example.com","Guest"
"2026-05-16T17:36:51Z","a8fa667c-2fb0-e5b5-28fd-66bc1862dca3","SharingSet","vale.kowalski@example.com","OneDrive","https://example-my.sharepoint.com/personal/avery_abara_example_com/","https://example-my.sharepoint.com/personal/avery_abara_example_com/Shared Documents/Test Results.xlsx","Test Results.xlsx","noor.jovanovic@partner2.example.com","Guest"
"2026-05-17T07:34:38Z","29ff8612-431a-178c-58d2-3c08d62c8e37","AnonymousLinkUsed","urn:spo:anon#825735","SharePoint","https://example.sharepoint.com/sites/northwind/","https://example.sharepoint.com/sites/northwind/Shared Documents/Statement of Work.docx","Statement of Work.docx","",""
"2026-05-17T08:20:45Z","399a4f50-d4a3-3b74-9aa3-e32804077a2e","SharingSet","logan.quintero@example.com","SharePoint","https://example.sharepoint.com/sites/vendors/","https://example.sharepoint.com/sites/vendors/Shared Documents/Test Results.xlsx","Test Results.xlsx","indigo.rasmussen@partner10.example.com","Guest"
"2026-05-17T10:41:50Z","3c486977-22dd-f679-095b-64f4e7b496ad","AnonymousLinkUsed","urn:spo:anon#762624","SharePoint","https://example.sharepoint.com/sites/northwind/","https://example.sharepoint.com/sites/northwind/Shared Documents/Meeting Notes.docx","Meeting Notes.docx","",""
"2026-05-17T12:51:57Z","ee42fee4-6afe-a780-9470-cb6c32dc7f18","AnonymousLinkUsed","urn:spo:anon#669566","SharePoint","https://example.sharepoint.com/sites/northwind/","https://example.sharepoint.com/sites/northwind/Shared Documents/Meeting Notes.docx","Meeting Notes.docx","",""
"2026-05-17T13:11:36Z","d4be2bf6-1439-3d8b-b474-27e50bfd7f70","AnonymousLinkUsed","urn:spo:anon#198192","SharePoint","https://example.sharepoint.com/sites/launch/","https://example.sharepoint.com/sites/launch/Shared Documents/Architecture Review.pptx","Architecture Review.pptx","",""
"2026-05-17T17:44:00Z","8050f0fd-55f2-7dd0-f8e7-f7acd395ba83","SharingSet","blair.gallagher@example.com","SharePoint","https://example.sharepoint.com/sites/northwind/","https://example.sharepoint.com/sites/northwind/Shared Documents/Pricing Model.xlsx","Pricing Model.xlsx","finley.chaudhry@partner10.example.com","Guest"
"2026-05-17T18:18:34Z","3d5a01ac-a76d-7845-e9ed-4b08afc6b6be","AnonymousLinkRemoved","tatum.yilmaz@example.com","SharePoint","https://example.sharepoint.com/sites/launch/","https://example.sharepoint.com/sites/launch/Shared Documents/Migration Plan.docx","Migration Plan.docx","",""
"2026-05-17T19:38:09Z","dd4ad7be-5bea-268d-5860-31d9c19bc699","SharingInvitationCreated","yael.eriksen@example.com","SharePoint","https://example.sharepoint.com/sites/sunfish/","https://example.sharepoint.com/sites/sunfish/Shared Documents/Meeting Notes.docx","Meeting Notes.docx","yael.silva@partner9.example.com","Guest"
"2026-05-17T19:48:10Z","9f0ed7d4-d025-0496-28ca-e9f30ad94728","AnonymousLinkCreated","tatum.ibarra@example.com","SharePoint","https://example.sharepoint.com/sites/vendors/","https://example.sharepoint.com/sites/vendors/Shared Documents/Security Questionnaire.docx","Security Questionnaire.docx","",""
"2026-05-17T21:38:09Z","4a070032-29b0-2f5b-51cb-1b6b6d9bae0d","SecureLinkCreated","yael.eriksen@example.com","SharePoint","https://example.sharepoint.com/sites/northwind/","https://example.sharepoint.com/sites/northwind/Shared Documents/Migration Plan.docx","Migration Plan.docx","yael.silva@partner9.example.com","Guest"
"2026-05-17T22:38:09Z","89fe74ef-efe8-a0cd-407a-3cfb98e01e5f","AddedToSecureLink","yael.eriksen@example.com","SharePoint","https://example.sharepoint.com/sites/vendors/","https://example.sharepoint.com/sites/vendors/Shared Documents/Architecture Review.pptx","Architecture Review.pptx","yael.silva@partner9.example.com","Guest"
"2026-05-18T13:04:45Z","2b34726e-45c1-6651-bebb-6489cf9f9bc2","AnonymousLinkUsed","urn:spo:anon#276907","OneDrive","https://example-my.sharepoint.com/personal/avery_abara_example_com/","https://example-my.sharepoint.com/personal/avery_abara_example_com/Shared Documents/Architecture Review.pptx","Architecture Review.pptx","",""
"2026-05-18T13:06:04Z","bc5f31f4-01fb-16ee-8886-35159a6f562f","SharingRevoked","parker.takahashi@example.com","SharePoint","https://example.sharepoint.com/sites/vendors/","https://example.sharepoint.com/sites/vendors/Shared Documents/Migration Plan.docx","Migration Plan.docx","yael.fontaine@partner3.example.com","Guest"
"2026-05-18T13:32:56Z","2479b7e3-8caf-3166-3141-bd6b24643e58","SharingSet","parker.takahashi@example.com","SharePoint","https://example.sharepoint.com/sites/launch/","https://example.sharepoint.com/sites/launch/Shared Documents/Meeting Notes.docx","Meeting Notes.docx","yael.fontaine@partner3.example.com","Guest"
"2026-05-18T16:06:33Z","7937b5e0-1a32-9fed-a1eb-d73de2dc2d6e","SharingSet","vale.kowalski@example.com","SharePoint","https://example.sharepoint.com/sites/vendors/","https://example.sharepoint.com/sites/vendors/Shared Documents/Rollout Schedule.xlsx","Rollout Schedule.xlsx","noor.jovanovic@partner2.example.com","Guest"
"2026-05-18T16:51:49Z","ba21f401-d894-d919-e5a5-7ac641755227","AnonymousLinkUsed","urn:spo:anon#882225","SharePoint","https://example.sharepoint.com/sites/sunfish/","https://example.sharepoint.com/sites/sunfish/Shared Documents/Security Questionnaire.docx","Security Questionnaire.docx","",""
"2026-05-18T18:09:25Z","cfa25dca-e6d8-5495-f1ee-1fcd326e770b","SharingSet","drew.lindqvist@example.com","SharePoint","https://example.sharepoint.com/sites/vendors/","https://example.sharepoint.com/sites/vendors/Shared Documents/Security Questionnaire.docx","Security Questionnaire.docx","gray.silva@partner4.example.com","Guest"
"2026-05-18T19:38:09Z","62cf1c40-534b-6b01-c085-18e6f4de28bb","SharingInvitationAccepted","yael.silva@partner9.example.com","SharePoint","https://example.sharepoint.com/sites/vendors/","https://example.sharepoint.com/sites/vendors/Shared Documents/Meeting Notes.docx","Meeting Notes.docx","yael.silva@partner9.example.com","Guest"
"2026-05-19T07:14:48Z","127e83e0-003e-cdd5-9c4b-bbe727d7290a","SharingSet","noor.petrov@example.com","SharePoint","https://example.sharepoint.com/sites/sunfish/","https://example.sharepoint.com/sites/sunfish/Shared Documents/Test Results.xlsx","Test Results.xlsx","kai.ibarra@partner2.example.com","Guest"
"2026-05-19T08:54:13Z","97000eb8-619a-a37d-cea1-6c1baa03e89f","AnonymousLinkUsed","urn:spo:anon#211150","SharePoint","https://example.sharepoint.com/sites/vendors/","https://example.sharepoint.com/sites/vendors/Shared Documents/Architecture Review.pptx","Architecture Review.pptx","",""
"2026-05-19T13:12:22Z","4f1f4f10-1eac-6f9d-57eb-6157a1f6db77","AnonymousLinkUsed","urn:spo:anon#596320","OneDrive","https://example-my.sharepoint.com/personal/avery_abara_example_com/","https://example-my.sharepoint.com/personal/avery_abara_example_com/Shared Documents/Statement of Work.docx","Statement of Work.docx","",""
"2026-05-19T13:45:52Z","6362e4ec-04a3-c22b-666b-ebe1f032c5e1","SharingSet","sage.quintero@example.com","OneDrive","https://example-my.sharepoint.com/personal/avery_abara_example_com/","https://example-my.sharepoint.com/personal/avery_abara_example_com/Shared Documents/Security Questionnaire.docx","Security Questionnaire.docx","umi.ibarra@partner10.example.com","Guest"
"2026-05-20T11:09:12Z","d0c5d576-a73d-2bff-36e1-74ec09a9f7e9","SecureLinkUsed","umi.ibarra@partner10.example.com","SharePoint","https://example.sharepoint.com/sites/vendors/","https://example.sharepoint.com/sites/vendors/Shared Documents/Statement of Work.docx","Statement of Work.docx","umi.ibarra@partner10.example.com","Guest"
"2026-05-20T14:36:59Z","7f772bbc-aca8-9bd2-13d9-ab3f7ef8f84c","SharingSet","yael.eriksen@example.com","SharePoint","https://example.sharepoint.com/sites/northwind/","https://example.sharepoint.com/sites/northwind/Shared Documents/Migration Plan.docx","Migration Plan.docx","yael.silva@partner9.example.com","Guest"
"2026-05-20T19:20:36Z","ee701793-3349-9463-7fc2-7256700014fc","SecureLinkUsed","sage.xiong@partner8.example.com","SharePoint","https://example.sharepoint.com/sites/vendors/","https://example.sharepoint.com/sites/vendors/Shared Documents/Migration Plan.docx","Migration Plan.docx","sage.xiong@partner8.example.com","Guest"
"2026-05-20T19:30:27Z","74bc98fe-3bff-c2cc-aba9-f76dbec1cd7d","AnonymousLinkRemoved","blair.eriksen@example.com","SharePoint","https://example.sharepoint.com/sites/launch/","https://example.sharepoint.com/sites/launch/Shared Documents/Meeting Notes.docx","Meeting Notes.docx","",""
"2026-05-21T08:54:23Z","8411c093-f0dd-6477-9994-1e93c82f0556","AnonymousLinkUsed","urn:spo:anon#155956","OneDrive","https://example-my.sharepoint.com/personal/avery_abara_example_com/","https://example-my.sharepoint.com/personal/avery_abara_example_com/Shared Documents/Rollout Schedule.xlsx","Rollout Schedule.xlsx","",""
"2026-05-21T10:34:03Z","47db08c0-1fbd-3ab1-64d7-8807685d8947","AnonymousLinkRemoved","emery.silva@example.com","SharePoint","https://example.sharepoint.com/sites/northwind/","https://example.sharepoint.com/sites/northwind/Shared Documents/Migration Plan.docx","Migration Plan.docx","",""
"2026-05-21T13:30:57Z","4fdcba1f-3533-df10-cd89-c3d739ff379b","AnonymousLinkUsed","urn:spo:anon#180252","SharePoint","https://example.sharepoint.com/sites/sunfish/","https://example.sharepoint.com/sites/sunfish/Shared Documents/Security Questionnaire.docx","Security Questionnaire.docx","",""
"2026-05-21T16:07:08Z","10f8e8ec-8baf-2da9-3278-af4be7766609","SharingSet","oakley.moreau@example.com","OneDrive","https://example-my.sharepoint.com/personal/avery_abara_example_com/","https://example-my.sharepoint.com/personal/avery_abara_example_com/Shared Documents/Statement of Work.docx","Statement of Work.docx","zephyr.bergstrom@partner12.example.com","Guest"
"2026-05-22T07:50:04Z","24031ff9-15ee-ea4b-a610-4fcfa1f0f0c4","AnonymousLinkUsed","urn:spo:anon#988265","SharePoint","https://example.sharepoint.com/sites/launch/","https://example.sharepoint.com/sites/launch/Shared Documents/Statement of Work.docx","Statement of Work.docx","",""
"2026-05-22T09:04:19Z","8509849f-8aac-c77b-092c-22ce526c1699","SharingSet","oakley.moreau@example.com","SharePoint","https://example.sharepoint.com/sites/northwind/","https://example.sharepoint.com/sites/northwind/Shared Documents/Architecture Review.pptx","Architecture Review.pptx","zephyr.bergstrom@partner12.example.com","Guest"
"2026-05-22T09:06:35Z","6c1553e3-496c-0046-5da0-a881d61af03e","AnonymousLinkUsed","urn:spo:anon#787134","SharePoint","https://example.sharepoint.com/sites/northwind/","https://example.sharepoint.com/sites/northwind/Shared Documents/Statement of Work.docx","Statement of Work.docx","",""
"2026-05-22T16:34:47Z","80ced784-a2f9-9c82-4c3d-e972667dc7f1","SharingSet","indigo.ibarra@example.com","SharePoint","https://example.sharepoint.com/sites/vendors/","https://example.sharepoint.com/sites/vendors/Shared Documents/Rollout Schedule.xlsx","Rollout Schedule.xlsx","kai.bergstrom@partner11.example.com","Guest"
"2026-05-23T09:35:58Z","98d90152-7ea6-9814-e77b-c1a970c7771d","AnonymousLinkUsed","urn:spo:anon#957861","SharePoint","https://example.sharepoint.com/sites/sunfish/","https://example.sharepoint.com/sites/sunfish/Shared Documents/Meeting Notes.docx","Meeting Notes.docx","",""
"2026-05-23T10:14:44Z","9fadeb43-3563-4150-4b1e-71e3f455b691","SharingSet","indigo.ibarra@example.com","SharePoint","https://example.sharepoint.com/sites/vendors/","https://example.sharepoint.com/sites/vendors/Shared Documents/Migration Plan.docx","Migration Plan.docx","kai.bergstrom@partner11.example.com","Guest"
"2026-05-23T14:43:34Z","6e8ee46a-e493-e1ef-f0c3-b2198c4ff8f5","AnonymousLinkUsed","urn:spo:anon#969817","SharePoint","https://example.sharepoint.com/sites/launch/","https://example.sharepoint.com/sites/launch/Shared Documents/Meeting Notes.docx","Meeting Notes.docx","",""
"2026-05-23T14:49:20Z","0fe6b7e6-09c8-90a0-8826-f19b7de00fe0","AnonymousLinkUsed","urn:spo:anon#102428","SharePoint","https://example.sharepoint.com/sites/sunfish/","https://example.sharepoint.com/sites/sunfish/Shared Documents/Migration Plan.docx","Migration Plan.docx","",""
"2026-05-23T17:07:56Z","6dfd4c25-a819-c9e5-f08e-36c28abc09d1","AnonymousLinkUsed","urn:spo:anon#572134","SharePoint","https://example.sharepoint.com/sites/sunfish/","https://example.sharepoint.com/sites/sunfish/Shared Documents/Statement of Work.docx","Statement of Work.docx","",""
"2026-05-23T19:19:34Z","4b5a0571-6527-1128-434e-79b417681baf","AnonymousLinkUsed","urn:spo:anon#428602","SharePoint","https://example.sharepoint.com/sites/sunfish/","https://example.sharepoint.com/sites/sunfish/Shared Documents/Pricing Model.xlsx","Pricing Model.xlsx","",""
"2026-05-24T07:37:50Z","073dee02-2d83-5f3a-f6d7-f400d907e0e7","AnonymousLinkUsed","urn:spo:anon#546095","SharePoint","https://example.sharepoint.com/sites/vendors/","https://example.sharepoint.com/sites/vendors/Shared Documents/Pricing Model.xlsx","Pricing Model.xlsx","",""
"2026-05-24T10:20:55Z","68cddcf2-db77-c6db-d01c-5a51b39dda47","SharingSet","noor.abara@example.com","SharePoint","https://example.sharepoint.com/sites/northwind/","https://example.sharepoint.com/sites/northwind/Shared Documents/Pricing Model.xlsx","Pricing Model.xlsx","reese.gallagher@partner1.example.com","Guest"
"2026-05-24T12:15:09Z","31a807ea-22e5-bab5-472c-e38377215817","SharingSet","harper.yilmaz@example.com","OneDrive","https://example-my.sharepoint.com/personal/avery_abara_example_com/","https://example-my.sharepoint.com/personal/avery_abara_example_com/Shared Documents/Security Questionnaire.docx","Security Questionnaire.docx","logan.vasquez@partner9.example.com","Guest"
"2026-05-24T15:09:35Z","63d2f2ff-75bf-a33a-5ec3-99b14a9a644a","SharingSet","drew.jovanovic@example.com","SharePoint","https://example.sharepoint.com/sites/sunfish/","https://example.sharepoint.com/sites/sunfish/Shared Documents/Rollout Schedule.xlsx","Rollout Schedule.xlsx","parker.takahashi@partner7.example.com","Guest"
"2026-05-24T19:40:34Z","65f294af-4171-720f-e3d6-109490ee93a1","SecureLinkUsed","reese.ibarra@partner7.example.com","SharePoint","https://example.sharepoint.com/sites/vendors/","https://example.sharepoint.com/sites/vendors/Shared Documents/Rollout Schedule.xlsx","Rollout Schedule.xlsx","reese.ibarra@partner7.example.com","Guest"
"2026-05-25T08:30:43Z","aa424e46-2141-7631-06c5-04b83f9fde49","AnonymousLinkUsed","urn:spo:anon#132574","SharePoint","https://example.sharepoint.com/sites/northwind/","https://example.sharepoint.com/sites/northwind/Shared Documents/Migration Plan.docx","Migration Plan.docx","",""
"2026-05-25T17:26:08Z","b7146d3f-b34a-3070-133f-b758a4629cc6","SharingSet","tatum.yilmaz@example.com","SharePoint","https://example.sharepoint.com/sites/sunfish/","https://example.sharepoint.com/sites/sunfish/Shared Documents/Meeting Notes.docx","Meeting Notes.docx","noor.yilmaz@partner12.example.com","Guest"
"2026-05-25T19:03:41Z","d491e422-b29a-fa41-8097-e73ab000cb83","SharingSet","tatum.ibarra@example.com","SharePoint","https://example.sharepoint.com/sites/vendors/","https://example.sharepoint.com/sites/vendors/Shared Documents/Architecture Review.pptx","Architecture Review.pptx","sage.xiong@partner8.example.com","Guest"
"2026-05-26T08:11:12Z","88873ff6-12c6-161a-e9a0-e9f5cf9be12a","AnonymousLinkUsed","urn:spo:anon#779132","OneDrive","https://example-my.sharepoint.com/personal/avery_abara_example_com/","https://example-my.sharepoint.com/personal/avery_abara_example_com/Shared Documents/Pricing Model.xlsx","Pricing Model.xlsx","",""
"2026-05-26T08:25:47Z","c51e6a07-0067-94a5-6ef6-2a1dee581c48","AnonymousLinkUsed","urn:spo:anon#575069","SharePoint","https://example.sharepoint.com/sites/vendors/","https://example.sharepoint.com/sites/vendors/Shared Documents/Migration Plan.docx","Migration Plan.docx","",""
"2026-05-26T10:08:23Z","c1a085ac-3580-3ce5-2cd0-7383523ea780","SharingSet","logan.quintero@example.com","SharePoint","https://example.sharepoint.com/sites/vendors/","https://example.sharepoint.com/sites/vendors/Shared Documents/Test Results.xlsx","Test Results.xlsx","indigo.rasmussen@partner10.example.com","Guest"
"2026-05-26T12:36:31Z","197a45c9-bf1c-743c-2d17-916bc2942680","SecureLinkUsed","jordan.abara@partner9.example.com","SharePoint","https://example.sharepoint.com/sites/sunfish/","https://example.sharepoint.com/sites/sunfish/Shared Documents/Architecture Review.pptx","Architecture Review.pptx","jordan.abara@partner9.example.com","Guest"
"2026-05-26T13:03:21Z","07f9f209-2319-7431-cd1e-3946374aac53","SharingSet","emery.quintero@example.com","OneDrive","https://example-my.sharepoint.com/personal/avery_abara_example_com/","https://example-my.sharepoint.com/personal/avery_abara_example_com/Shared Documents/Architecture Review.pptx","Architecture Review.pptx","logan.nakamura@partner1.example.com","Guest"
"2026-05-26T16:48:03Z","82d0c4a0-bae5-0f43-8875-5603eee7eb1d","AnonymousLinkUsed","urn:spo:anon#830001","SharePoint","https://example.sharepoint.com/sites/sunfish/","https://example.sharepoint.com/sites/sunfish/Shared Documents/Statement of Work.docx","Statement of Work.docx","",""
"2026-05-26T17:29:14Z","d706fcf2-87e5-cd0f-526d-2f50921fbd9b","SharingSet","blair.gallagher@example.com","SharePoint","https://example.sharepoint.com/sites/launch/","https://example.sharepoint.com/sites/launch/Shared Documents/Test Results.xlsx","Test Results.xlsx","finley.chaudhry@partner10.example.com","Guest"
"2026-05-27T07:04:36Z","cf26617a-690b-d8ca-d8b4-0640257d4e38","SharingSet","sage.quintero@example.com","OneDrive","https://example-my.sharepoint.com/personal/avery_abara_example_com/","https://example-my.sharepoint.com/personal/avery_abara_example_com/Shared Documents/Test Results.xlsx","Test Results.xlsx","umi.ibarra@partner10.example.com","Guest"
"2026-05-27T07:11:02Z","5c4d303d-6bef-9cb2-7645-c9ca89757b6d","SharingSet","yael.eriksen@example.com","SharePoint","https://example.sharepoint.com/sites/launch/","https://example.sharepoint.com/sites/launch/Shared Documents/Rollout Schedule.xlsx","Rollout Schedule.xlsx","yael.silva@partner9.example.com","Guest"
"2026-05-27T09:07:20Z","6da092cb-5ea2-08bf-386b-8bf07b7e1144","SharingSet","avery.silva@example.com","SharePoint","https://example.sharepoint.com/sites/vendors/","https://example.sharepoint.com/sites/vendors/Shared Documents/Security Questionnaire.docx","Security Questionnaire.docx","parker.nakamura@partner8.example.com","Guest"
"2026-05-27T09:15:40Z","143aff3e-06bd-5d30-942d-786b4a3c7fad","SharingSet","logan.ueda@example.com","SharePoint","https://example.sharepoint.com/sites/vendors/","https://example.sharepoint.com/sites/vendors/Shared Documents/Rollout Schedule.xlsx","Rollout Schedule.xlsx","drew.fontaine@partner1.example.com","Guest"
"2026-05-27T10:00:30Z","bf334fd1-e832-bf3c-3c6b-12d00fbbac60","AnonymousLinkUsed","urn:spo:anon#634452","SharePoint","https://example.sharepoint.com/sites/sunfish/","https://example.sharepoint.com/sites/sunfish/Shared Documents/Rollout Schedule.xlsx","Rollout Schedule.xlsx","",""
"2026-05-27T10:57:20Z","22b8682f-645f-e555-e369-4bf51c5bb717","SharingInvitationCreated","wren.gallagher@example.com","SharePoint","https://example.sharepoint.com/sites/vendors/","https://example.sharepoint.com/sites/vendors/Shared Documents/Architecture Review.pptx","Architecture Review.pptx","casey.kowalski@partner1.example.com","Guest"
"2026-05-27T11:43:26Z","d982efa1-e5b0-bf19-57bb-1a27667c6e6d","SharingSet","logan.ueda@example.com","SharePoint","https://example.sharepoint.com/sites/launch/","https://example.sharepoint.com/sites/launch/Shared Documents/Test Results.xlsx","Test Results.xlsx","drew.fontaine@partner1.example.com","Guest"
"2026-05-27T12:57:20Z","9a38032f-458d-7e56-8250-c23c99d07c5b","SecureLinkCreated","wren.gallagher@example.com","SharePoint","https://example.sharepoint.com/sites/northwind/","https://example.sharepoint.com/sites/northwind/Shared Documents/Statement of Work.docx","Statement of Work.docx","casey.kowalski@partner1.example.com","Guest"
"2026-05-27T13:57:20Z","d1dad5e4-ddc5-fe31-4bb2-dc227515fc94","AddedToSecureLink","wren.gallagher@example.com","SharePoint","https://example.sharepoint.com/sites/launch/","https://example.sharepoint.com/sites/launch/Shared Documents/Security Questionnaire.docx","Security Questionnaire.docx","casey.kowalski@partner1.example.com","Guest"
"2026-05-27T16:08:25Z","5d72ea8a-39f1-ad40-a758-f9d455a366cb","SharingSet","logan.quintero@example.com","SharePoint","https://example.sharepoint.com/sites/sunfish/","https://example.sharepoint.com/sites/sunfish/Shared Documents/Rollout Schedule.xlsx","Rollout Schedule.xlsx","indigo.rasmussen@partner10.example.com","Guest"
"2026-05-28T11:39:13Z","5603fd92-9584-5487-47f7-f78da203776d","SharingSet","zephyr.gallagher@example.com","SharePoint","https://example.sharepoint.com/sites/vendors/","https://example.sharepoint.com/sites/vendors/Shared Documents/Statement of Work.docx","Statement of Work.docx","reese.ibarra@partner7.example.com","Guest"
"2026-05-28T15:23:10Z","80dd5f55-b096-66c3-6a16-d385aa158c1f","SharingSet","harper.quintero@example.com","OneDrive","https://example-my.sharepoint.com/personal/avery_abara_example_com/","https://example-my.sharepoint.com/personal/avery_abara_example_com/Shared Documents/Meeting Notes.docx","Meeting Notes.docx","finley.haddad@partner5.example.com","Guest"
"2026-05-28T16:00:11Z","d3c1db42-63bf-36be-0a47-d31383d2e846","SharingSet","indigo.ibarra@example.com","SharePoint","https://example.sharepoint.com/sites/sunfish/","https://example.sharepoint.com/sites/sunfish/Shared Documents/Statement of Work.docx","Statement of Work.docx","kai.bergstrom@partner11.example.com","Guest"
"2026-05-29T07:56:31Z","ab0c26ab-459e-e892-a772-d1afd90c4ecb","SharingSet","blair.gallagher@example.com","SharePoint","https://example.sharepoint.com/sites/sunfish/","https://example.sharepoint.com/sites/sunfish/Shared Documents/Migration Plan.docx","Migration Plan.docx","finley.chaudhry@partner10.example.com","Guest"
"2026-05-29T08:08:52Z","06534ea4-7762-2565-2e32-5d52c5c36165","SharingSet","harper.okonkwo@example.com","SharePoint","https://example.sharepoint.com/sites/sunfish/","https://example.sharepoint.com/sites/sunfish/Shared Documents/Statement of Work.docx","Statement of Work.docx","blair.kowalski@partner6.example.com","Guest"
"2026-05-29T10:07:02Z","cccecd84-2578-74d4-5202-4a0ff6f65d78","SharingSet","yael.eriksen@example.com","SharePoint","https://example.sharepoint.com/sites/vendors/","https://example.sharepoint.com/sites/vendors/Shared Documents/Test Results.xlsx","Test Results.xlsx","yael.silva@partner9.example.com","Guest"
"2026-05-29T10:41:10Z","545b83af-773e-072a-dfc4-4fe310573e89","SharingSet","vale.kowalski@example.com","SharePoint","https://example.sharepoint.com/sites/launch/","https://example.sharepoint.com/sites/launch/Shared Documents/Security Questionnaire.docx","Security Questionnaire.docx","noor.jovanovic@partner2.example.com","Guest"
"2026-05-29T10:57:20Z","924bbaea-51dd-8699-23e7-97b66fd3a746","SharingInvitationAccepted","casey.kowalski@partner1.example.com","SharePoint","https://example.sharepoint.com/sites/northwind/","https://example.sharepoint.com/sites/northwind/Shared Documents/Rollout Schedule.xlsx","Rollout Schedule.xlsx","casey.kowalski@partner1.example.com","Guest"
"2026-05-29T11:20:02Z","66db7ef7-f04e-9891-a7d7-72601b5d990a","AnonymousLinkUsed","urn:spo:anon#197170","OneDrive","https://example-my.sharepoint.com/personal/avery_abara_example_com/","https://example-my.sharepoint.com/personal/avery_abara_example_com/Shared Documents/Rollout Schedule.xlsx","Rollout Schedule.xlsx","",""
"2026-05-29T12:10:57Z","b143db60-275e-79b4-6457-f98e4ce9ce23","SharingSet","oakley.moreau@example.com","OneDrive","https://example-my.sharepoint.com/personal/avery_abara_example_com/","https://example-my.sharepoint.com/personal/avery_abara_example_com/Shared Documents/Statement of Work.docx","Statement of Work.docx","zephyr.bergstrom@partner12.example.com","Guest"
"2026-05-29T12:56:12Z","b47a835d-ecb0-71e3-c86e-fc535eb6e1c6","AnonymousLinkUsed","urn:spo:anon#324569","SharePoint","https://example.sharepoint.com/sites/launch/","https://example.sharepoint.com/sites/launch/Shared Documents/Pricing Model.xlsx","Pricing Model.xlsx","",""
"2026-05-29T14:00:06Z","8eca8704-f2c5-a66b-b2d9-15c6d2be9697","AnonymousLinkCreated","indigo.lindqvist@example.com","SharePoint","https://example.sharepoint.com/sites/northwind/","https://example.sharepoint.com/sites/northwind/Shared Documents/Statement of Work.docx","Statement of Work.docx","",""
"2026-05-29T18:16:45Z","29fd2d4f-2cb0-2b0d-bdd3-057df0b5e540","SharingSet","logan.quintero@example.com","SharePoint","https://example.sharepoint.com/sites/vendors/","https://example.sharepoint.com/sites/vendors/Shared Documents/Migration Plan.docx","Migration Plan.docx","indigo.rasmussen@partner10.example.com","Guest"
"2026-05-30T09:26:06Z","68604cb5-36e2-6ca4-ca98-dfb251b22612","SharingSet","jordan.whitfield@example.com","SharePoint","https://example.sharepoint.com/sites/launch/","https://example.sharepoint.com/sites/launch/Shared Documents/Meeting Notes.docx","Meeting Notes.docx","blair.jovanovic@partner10.example.com","Guest"
"2026-05-30T11:28:30Z","f1cb05d4-27f3-54ba-a7a5-0f4011926685","SharingRevoked","jordan.whitfield@example.com","SharePoint","https://example.sharepoint.com/sites/launch/","https://example.sharepoint.com/sites/launch/Shared Documents/Rollout Schedule.xlsx","Rollout Schedule.xlsx","blair.jovanovic@partner10.example.com","Guest"
"2026-05-30T11:48:35Z","04b2d993-ad30-e09f-104c-49b00e0f76db","SharingSet","yael.kowalski@example.com","SharePoint","https://example.sharepoint.com/sites/northwind/","https://example.sharepoint.com/sites/northwind/Shared Documents/Rollout Schedule.xlsx","Rollout Schedule.xlsx","harper.rasmussen@partner3.example.com","Guest"
"2026-05-30T15:05:27Z","1ce18339-275c-c799-268c-948b37b9b6bd","AnonymousLinkUsed","urn:spo:anon#860233","SharePoint","https://example.sharepoint.com/sites/vendors/","https://example.sharepoint.com/sites/vendors/Shared Documents/Meeting Notes.docx","Meeting Notes.docx","",""
"2026-05-30T19:30:04Z","16667186-dec6-9b69-9b8b-de5f3aa80d05","SharingSet","blair.ueda@example.com","SharePoint","https://example.sharepoint.com/sites/sunfish/","https://example.sharepoint.com/sites/sunfish/Shared Documents/Test Results.xlsx","Test Results.xlsx","avery.haddad@partner5.example.com","Guest"
"2026-05-31T07:48:54Z","9b9b7714-72da-237f-d7d8-96b3d447be7c","AnonymousLinkUsed","urn:spo:anon#766786","SharePoint","https://example.sharepoint.com/sites/sunfish/","https://example.sharepoint.com/sites/sunfish/Shared Documents/Pricing Model.xlsx","Pricing Model.xlsx","",""
"2026-05-31T07:53:11Z","169d3de6-427e-df21-2236-d353c80d2c5f","SharingSet","oakley.moreau@example.com","SharePoint","https://example.sharepoint.com/sites/northwind/","https://example.sharepoint.com/sites/northwind/Shared Documents/Rollout Schedule.xlsx","Rollout Schedule.xlsx","zephyr.bergstrom@partner12.example.com","Guest"
"2026-05-31T08:34:17Z","d55fe431-0018-bb51-34ab-a3efc265d7dc","AnonymousLinkUsed","urn:spo:anon#750028","SharePoint","https://example.sharepoint.com/sites/launch/","https://example.sharepoint.com/sites/launch/Shared Documents/Pricing Model.xlsx","Pricing Model.xlsx","",""
"2026-05-31T13:25:17Z","893a018a-885e-3379-fe41-f05f928f22e9","SharingSet","blair.gallagher@example.com","OneDrive","https://example-my.sharepoint.com/personal/avery_abara_example_com/","https://example-my.sharepoint.com/personal/avery_abara_example_com/Shared Documents/Test Results.xlsx","Test Results.xlsx","finley.chaudhry@partner10.example.com","Guest"
"2026-05-31T13:58:21Z","ed7dca25-4973-7f89-3545-46bd9a871cd5","AnonymousLinkRemoved","reese.vasquez@example.com","SharePoint","https://example.sharepoint.com/sites/northwind/","https://example.sharepoint.com/sites/northwind/Shared Documents/Pricing Model.xlsx","Pricing Model.xlsx","",""
"2026-05-31T14:01:27Z","38e7aec2-1491-9269-9b61-633da54ce0f1","SharingSet","vale.takahashi@example.com","OneDrive","https://example-my.sharepoint.com/personal/avery_abara_example_com/","https://example-my.sharepoint.com/personal/avery_abara_example_com/Shared Documents/Architecture Review.pptx","Architecture Review.pptx","blair.eriksen@partner11.example.com","Guest"
"2026-05-31T16:08:40Z","7ac61941-eeb1-2403-8d97-d2a824ef06fd","SharingSet","logan.ueda@example.com","SharePoint","https://example.sharepoint.com/sites/sunfish/","https://example.sharepoint.com/sites/sunfish/Shared Documents/Pricing Model.xlsx","Pricing Model.xlsx","drew.fontaine@partner1.example.com","Guest"
"2026-05-31T16:34:01Z","0e94bc00-a301-4967-7167-88752ec9bd8a","SecureLinkUsed","casey.kowalski@partner1.example.com","OneDrive","https://example-my.sharepoint.com/personal/avery_abara_example_com/","https://example-my.sharepoint.com/personal/avery_abara_example_com/Shared Documents/Rollout Schedule.xlsx","Rollout Schedule.xlsx","casey.kowalski@partner1.example.com","Guest"
"2026-06-01T08:31:22Z","aa65e26c-cde1-a52d-8304-a566e6fd63ed","AnonymousLinkUsed","urn:spo:anon#825291","SharePoint","https://example.sharepoint.com/sites/northwind/","https://example.sharepoint.com/sites/northwind/Shared Documents/Test Results.xlsx","Test Results.xlsx","",""
"2026-06-01T08:54:16Z","2738c575-725c-e958-fdac-577029f87b2b","SharingSet","noor.abara@example.com","OneDrive","https://example-my.sharepoint.com/personal/avery_abara_example_com/","https://example-my.sharepoint.com/personal/avery_abara_example_com/Shared Documents/Architecture Review.pptx","Architecture Review.pptx","reese.gallagher@partner1.example.com","Guest"
"2026-06-01T12:50:14Z","1162b9c0-114c-e707-ee03-160e01d2d549","AnonymousLinkUsed","urn:spo:anon#315344","SharePoint","https://example.sharepoint.com/sites/northwind/","https://example.sharepoint.com/sites/northwind/Shared Documents/Test Results.xlsx","Test Results.xlsx","",""
"2026-06-01T15:59:48Z","627d4597-f437-056e-d61a-0789f337e71f","SharingSet","avery.silva@example.com","SharePoint","https://example.sharepoint.com/sites/vendors/","https://example.sharepoint.com/sites/vendors/Shared Documents/Rollout Schedule.xlsx","Rollout Schedule.xlsx","parker.nakamura@partner8.example.com","Guest"
"2026-06-01T17:56:35Z","5e33ebdc-6339-c28e-a674-3313d1ca4ba1","AnonymousLinkUsed","urn:spo:anon#667585","SharePoint","https://example.sharepoint.com/sites/northwind/","https://example.sharepoint.com/sites/northwind/Shared Documents/Architecture Review.pptx","Architecture Review.pptx","",""
"2026-06-01T18:59:05Z","d89028ab-8c8d-402c-8899-dbba387121b2","SharingSet","logan.okonkwo@example.com","SharePoint","https://example.sharepoint.com/sites/launch/","https://example.sharepoint.com/sites/launch/Shared Documents/Migration Plan.docx","Migration Plan.docx","drew.eriksen@partner12.example.com","Guest"
"2026-06-02T08:38:47Z","4e35600d-e68c-f8af-682c-ef3dc26ce9e3","SharingSet","blair.rasmussen@example.com","SharePoint","https://example.sharepoint.com/sites/vendors/","https://example.sharepoint.com/sites/vendors/Shared Documents/Pricing Model.xlsx","Pricing Model.xlsx","yael.bergstrom@partner4.example.com","Guest"
"2026-06-02T08:40:51Z","939e705b-8452-820e-67b0-e21a37b7514e","SharingSet","parker.takahashi@example.com","SharePoint","https://example.sharepoint.com/sites/sunfish/","https://example.sharepoint.com/sites/sunfish/Shared Documents/Statement of Work.docx","Statement of Work.docx","yael.fontaine@partner3.example.com","Guest"
"2026-06-02T13:54:03Z","40297bdf-3485-4125-2580-0819098a0963","AnonymousLinkUsed","urn:spo:anon#852413","SharePoint","https://example.sharepoint.com/sites/northwind/","https://example.sharepoint.com/sites/northwind/Shared Documents/Meeting Notes.docx","Meeting Notes.docx","",""
"2026-06-02T15:14:30Z","993a6569-66ad-6ae3-ddfa-6aae8f809c30","SharingInvitationCreated","logan.okonkwo@example.com","OneDrive","https://example-my.sharepoint.com/personal/avery_abara_example_com/","https://example-my.sharepoint.com/personal/avery_abara_example_com/Shared Documents/Meeting Notes.docx","Meeting Notes.docx","drew.eriksen@partner12.example.com","Guest"
"2026-06-02T17:14:30Z","911a879e-b614-1317-81de-a3c85104f615","SecureLinkCreated","logan.okonkwo@example.com","SharePoint","https://example.sharepoint.com/sites/launch/","https://example.sharepoint.com/sites/launch/Shared Documents/Test Results.xlsx","Test Results.xlsx","drew.eriksen@partner12.example.com","Guest"
"2026-06-02T17:17:38Z","57bd9234-f042-28fb-1261-e7b6b62d6cca","AnonymousLinkUsed","urn:spo:anon#380092","OneDrive","https://example-my.sharepoint.com/personal/avery_abara_example_com/","https://example-my.sharepoint.com/personal/avery_abara_example_com/Shared Documents/Migration Plan.docx","Migration Plan.docx","",""
"2026-06-02T18:14:30Z","4081a3ac-ed16-e1e6-a2c3-355fc5b47692","AddedToSecureLink","logan.okonkwo@example.com","SharePoint","https://example.sharepoint.com/sites/sunfish/","https://example.sharepoint.com/sites/sunfish/Shared Documents/Meeting Notes.docx","Meeting Notes.docx","drew.eriksen@partner12.example.com","Guest"
"2026-06-03T10:07:37Z","065f554f-a9a1-b9df-e520-f955e2fcad62","SharingSet","noor.petrov@example.com","SharePoint","https://example.sharepoint.com/sites/vendors/","https://example.sharepoint.com/sites/vendors/Shared Documents/Migration Plan.docx","Migration Plan.docx","kai.ibarra@partner2.example.com","Guest"
"2026-06-03T11:25:50Z","6d5d6814-ba75-05c8-52c3-648ce835c5e2","SecureLinkUsed","reese.moreau@partner6.example.com","SharePoint","https://example.sharepoint.com/sites/northwind/","https://example.sharepoint.com/sites/northwind/Shared Documents/Rollout Schedule.xlsx","Rollout Schedule.xlsx","reese.moreau@partner6.example.com","Guest"
"2026-06-03T12:34:05Z","3081bedb-f62b-22c2-cccd-86ad45f44471","SharingSet","logan.quintero@example.com","OneDrive","https://example-my.sharepoint.com/personal/avery_abara_example_com/","https://example-my.sharepoint.com/personal/avery_abara_example_com/Shared Documents/Architecture Review.pptx","Architecture Review.pptx","indigo.rasmussen@partner10.example.com","Guest"
"2026-06-03T15:45:13Z","4817b812-5837-6839-f63e-174c1e649e1a","AnonymousLinkUsed","urn:spo:anon#674357","OneDrive","https://example-my.sharepoint.com/personal/avery_abara_example_com/","https://example-my.sharepoint.com/personal/avery_abara_example_com/Shared Documents/Test Results.xlsx","Test Results.xlsx","",""
"2026-06-03T16:07:32Z","daa77858-6c30-1809-ecfb-a8e464b5ea2d","AnonymousLinkCreated","noor.petrov@example.com","OneDrive","https://example-my.sharepoint.com/personal/avery_abara_example_com/","https://example-my.sharepoint.com/personal/avery_abara_example_com/Shared Documents/Migration Plan.docx","Migration Plan.docx","",""
"2026-06-04T08:40:42Z","0089b1b6-a04a-0ac9-077e-ad550fcdddc2","SharingSet","logan.ueda@example.com","SharePoint","https://example.sharepoint.com/sites/launch/","https://example.sharepoint.com/sites/launch/Shared Documents/Meeting Notes.docx","Meeting Notes.docx","drew.fontaine@partner1.example.com","Guest"
"2026-06-04T08:54:38Z","84e83d9f-ee13-a7cf-6163-be5df7a494b9","AnonymousLinkRemoved","quinn.silva2@example.com","SharePoint","https://example.sharepoint.com/sites/sunfish/","https://example.sharepoint.com/sites/sunfish/Shared Documents/Security Questionnaire.docx","Security Questionnaire.docx","",""
"2026-06-04T12:43:26Z","a0871eaf-4b74-e141-52b5-3ff1c4ed3f2a","AnonymousLinkUsed","urn:spo:anon#356898","OneDrive","https://example-my.sharepoint.com/personal/avery_abara_example_com/","https://example-my.sharepoint.com/personal/avery_abara_example_com/Shared Documents/Architecture Review.pptx","Architecture Review.pptx","",""
"2026-06-04T13:58:38Z","7cbcd8f6-406f-9492-673a-b1f75986da0c","SharingSet","parker.takahashi@example.com","SharePoint","https://example.sharepoint.com/sites/sunfish/","https://example.sharepoint.com/sites/sunfish/Shared Documents/Meeting Notes.docx","Meeting Notes.docx","yael.fontaine@partner3.example.com","Guest"
"2026-06-04T17:06:09Z","01916c3a-90df-7e25-e580-cdc43d432104","AnonymousLinkCreated","wren.petrov@example.com","SharePoint","https://example.sharepoint.com/sites/northwind/","https://example.sharepoint.com/sites/northwind/Shared Documents/Security Questionnaire.docx","Security Questionnaire.docx","",""
"2026-06-04T17:26:56Z","f4fef782-0b25-db40-f853-053b109c6e32","AnonymousLinkUsed","urn:spo:anon#531894","SharePoint","https://example.sharepoint.com/sites/vendors/","https://example.sharepoint.com/sites/vendors/Shared Documents/Statement of Work.docx","Statement of Work.docx","",""
"2026-06-05T02:14:30Z","c2bc9129-58b9-7997-fc89-3b36344ec9cb","SharingInvitationAccepted","drew.eriksen@partner12.example.com","SharePoint","https://example.sharepoint.com/sites/vendors/","https://example.sharepoint.com/sites/vendors/Shared Documents/Meeting Notes.docx","Meeting Notes.docx","drew.eriksen@partner12.example.com","Guest"
"2026-06-05T08:16:29Z","fcb5776a-70eb-7b98-0a52-22ed50e21015","SharingSet","blair.gallagher@example.com","SharePoint","https://example.sharepoint.com/sites/launch/","https://example.sharepoint.com/sites/launch/Shared Documents/Test Results.xlsx","Test Results.xlsx","finley.chaudhry@partner10.example.com","Guest"
"2026-06-05T10:15:07Z","8baa5091-a255-49c8-f8d5-3d2c81124878","SharingSet","xan.kowalski@example.com","SharePoint","https://example.sharepoint.com/sites/launch/","https://example.sharepoint.com/sites/launch/Shared Documents/Pricing Model.xlsx","Pricing Model.xlsx","reese.quintero@partner3.example.com","Guest"
"2026-06-05T13:28:59Z","a328964a-a469-4c32-1f32-3422907e21c4","AnonymousLinkCreated","drew.petrov@example.com","SharePoint","https://example.sharepoint.com/sites/launch/","https://example.sharepoint.com/sites/launch/Shared Documents/Pricing Model.xlsx","Pricing Model.xlsx","",""
"2026-06-05T14:19:21Z","0fc7363a-468f-3ee5-0625-cf54adf93e1d","AnonymousLinkUsed","urn:spo:anon#953343","OneDrive","https://example-my.sharepoint.com/personal/avery_abara_example_com/","https://example-my.sharepoint.com/personal/avery_abara_example_com/Shared Documents/Migration Plan.docx","Migration Plan.docx","",""
"2026-06-05T16:53:06Z","b41ee7ea-b1dd-473b-0066-27cdddb8f261","SharingSet","parker.kowalski@example.com","SharePoint","https://example.sharepoint.com/sites/vendors/","https://example.sharepoint.com/sites/vendors/Shared Documents/Security Questionnaire.docx","Security Questionnaire.docx","reese.haddad@partner5.example.com","Guest"
"2026-06-05T17:20:50Z","6092e6b5-77b1-a241-bb0a-b4108d7517cf","SecureLinkUsed","drew.lindqvist@partner2.example.com","SharePoint","https://example.sharepoint.com/sites/launch/","https://example.sharepoint.com/sites/launch/Shared Documents/Migration Plan.docx","Migration Plan.docx","drew.lindqvist@partner2.example.com","Guest"
"2026-06-05T19:47:13Z","fa366cef-ecf7-b478-8d23-f636c61e02b9","SharingSet","logan.ueda@example.com","SharePoint","https://example.sharepoint.com/sites/northwind/","https://example.sharepoint.com/sites/northwind/Shared Documents/Rollout Schedule.xlsx","Rollout Schedule.xlsx","drew.fontaine@partner1.example.com","Guest"
"2026-06-06T10:21:19Z","df3753c9-8b95-8b80-3a62-11d556f6671e","SharingSet","tatum.ibarra@example.com","SharePoint","https://example.sharepoint.com/sites/launch/","https://example.sharepoint.com/sites/launch/Shared Documents/Architecture Review.pptx","Architecture Review.pptx","sage.xiong@partner8.example.com","Guest"
"2026-06-06T10:35:49Z","4a1313c4-4506-176e-1f52-553d03628fcd","SharingSet","sage.quintero@example.com","SharePoint","https://example.sharepoint.com/sites/northwind/","https://example.sharepoint.com/sites/northwind/Shared Documents/Meeting Notes.docx","Meeting Notes.docx","umi.ibarra@partner10.example.com","Guest"
"2026-06-06T13:08:04Z","27a35c6a-d5dd-215f-25ff-43fc3870c8f9","SharingSet","drew.lindqvist@example.com","SharePoint","https://example.sharepoint.com/sites/sunfish/","https://example.sharepoint.com/sites/sunfish/Shared Documents/Migration Plan.docx","Migration Plan.docx","avery.abara@partner6.example.com","Guest"
"2026-06-06T13:39:45Z","0aa271e1-2177-153c-485f-d6ee53481ea7","SharingSet","wren.zawadzki@example.com","OneDrive","https://example-my.sharepoint.com/personal/avery_abara_example_com/","https://example-my.sharepoint.com/personal/avery_abara_example_com/Shared Documents/Architecture Review.pptx","Architecture Review.pptx","yael.haddad@partner4.example.com","Guest"
"2026-06-06T15:13:27Z","3b2376e0-6252-f09c-7329-c0c9786c1df3","SharingSet","wren.gallagher@example.com","SharePoint","https://example.sharepoint.com/sites/sunfish/","https://example.sharepoint.com/sites/sunfish/Shared Documents/Security Questionnaire.docx","Security Questionnaire.docx","casey.kowalski@partner1.example.com","Guest"
"2026-06-06T15:42:17Z","5e75650c-b86b-6187-8bf9-b7fc43c4242e","SharingInvitationCreated","oakley.xiong@example.com","SharePoint","https://example.sharepoint.com/sites/northwind/","https://example.sharepoint.com/sites/northwind/Shared Documents/Meeting Notes.docx","Meeting Notes.docx","harper.gallagher@partner7.example.com","Guest"
"2026-06-06T17:42:17Z","4b93fb6c-c14f-c649-bded-74b6567ba576","SecureLinkCreated","oakley.xiong@example.com","SharePoint","https://example.sharepoint.com/sites/northwind/","https://example.sharepoint.com/sites/northwind/Shared Documents/Meeting Notes.docx","Meeting Notes.docx","harper.gallagher@partner7.example.com","Guest"
"2026-06-06T18:42:17Z","6d8ee9a6-ba8c-5a48-378e-7b234c6b0386","AddedToSecureLink","oakley.xiong@example.com","SharePoint","https://example.sharepoint.com/sites/northwind/","https://example.sharepoint.com/sites/northwind/Shared Documents/Rollout Schedule.xlsx","Rollout Schedule.xlsx","harper.gallagher@partner7.example.com","Guest"
"2026-06-06T19:41:41Z","df856a94-82f6-3632-4b21-31fe69a25006","SharingSet","oakley.jovanovic@example.com","SharePoint","https://example.sharepoint.com/sites/vendors/","https://example.sharepoint.com/sites/vendors/Shared Documents/Statement of Work.docx","Statement of Work.docx","wren.fontaine@partner6.example.com","Guest"
"2026-06-07T08:25:57Z","26045e85-ff83-3085-ba6e-7948d1e698b7","SharingSet","avery.silva@example.com","OneDrive","https://example-my.sharepoint.com/personal/avery_abara_example_com/","https://example-my.sharepoint.com/personal/avery_abara_example_com/Shared Documents/Test Results.xlsx","Test Results.xlsx","parker.nakamura@partner8.example.com","Guest"
"2026-06-07T10:42:17Z","7b651296-f1e7-fede-3f06-536b3bd8f658","SharingInvitationAccepted","harper.gallagher@partner7.example.com","OneDrive","https://example-my.sharepoint.com/personal/avery_abara_example_com/","https://example-my.sharepoint.com/personal/avery_abara_example_com/Shared Documents/Statement of Work.docx","Statement of Work.docx","harper.gallagher@partner7.example.com","Guest"
"2026-06-07T11:10:50Z","0e9076cd-0d75-1ec3-8710-6fc7f2dbaa8e","SharingInvitationCreated","vale.kowalski@example.com","SharePoint","https://example.sharepoint.com/sites/northwind/","https://example.sharepoint.com/sites/northwind/Shared Documents/Statement of Work.docx","Statement of Work.docx","noor.jovanovic@partner2.example.com","Guest"
"2026-06-07T11:59:00Z","9d0065f7-85b4-291e-c163-626b7ffbe992","SharingInvitationCreated","avery.silva@example.com","OneDrive","https://example-my.sharepoint.com/personal/avery_abara_example_com/","https://example-my.sharepoint.com/personal/avery_abara_example_com/Shared Documents/Test Results.xlsx","Test Results.xlsx","parker.nakamura@partner8.example.com","Guest"
"2026-06-07T12:11:24Z","d27d5af4-cd17-5661-963c-b18962769454","SharingSet","blair.rasmussen2@example.com","SharePoint","https://example.sharepoint.com/sites/launch/","https://example.sharepoint.com/sites/launch/Shared Documents/Migration Plan.docx","Migration Plan.docx","umi.xiong@partner12.example.com","Guest"
"2026-06-07T12:57:34Z","792a8371-ab38-89bf-caa0-7877f12ec692","AnonymousLinkUsed","urn:spo:anon#186411","SharePoint","https://example.sharepoint.com/sites/launch/","https://example.sharepoint.com/sites/launch/Shared Documents/Statement of Work.docx","Statement of Work.docx","",""
"2026-06-07T13:10:50Z","d37176ef-bf53-1662-28e9-e698106d0bb7","SecureLinkCreated","vale.kowalski@example.com","SharePoint","https://example.sharepoint.com/sites/sunfish/","https://example.sharepoint.com/sites/sunfish/Shared Documents/Pricing Model.xlsx","Pricing Model.xlsx","noor.jovanovic@partner2.example.com","Guest"
"2026-06-07T13:16:54Z","9c5aef94-8702-792b-4b7f-91d65ae76ceb","AnonymousLinkUsed","urn:spo:anon#207689","SharePoint","https://example.sharepoint.com/sites/launch/","https://example.sharepoint.com/sites/launch/Shared Documents/Meeting Notes.docx","Meeting Notes.docx","",""
"2026-06-07T13:59:00Z","bf4d51a8-372f-8877-12de-68fd336e4a3a","SecureLinkCreated","avery.silva@example.com","SharePoint","https://example.sharepoint.com/sites/launch/","https://example.sharepoint.com/sites/launch/Shared Documents/Meeting Notes.docx","Meeting Notes.docx","parker.nakamura@partner8.example.com","Guest"
"2026-06-07T13:59:59Z","79fcde50-8614-3eff-978b-b3f1484e2eb3","AnonymousLinkUsed","urn:spo:anon#264265","SharePoint","https://example.sharepoint.com/sites/vendors/","https://example.sharepoint.com/sites/vendors/Shared Documents/Rollout Schedule.xlsx","Rollout Schedule.xlsx","",""
"2026-06-07T14:10:50Z","9a61d9a4-df90-e32e-8d01-f1e33b04ca37","AddedToSecureLink","vale.kowalski@example.com","OneDrive","https://example-my.sharepoint.com/personal/avery_abara_example_com/","https://example-my.sharepoint.com/personal/avery_abara_example_com/Shared Documents/Security Questionnaire.docx","Security Questionnaire.docx","noor.jovanovic@partner2.example.com","Guest"
"2026-06-07T14:59:00Z","3419f877-3379-a5bb-c2d1-49e772ea11a2","AddedToSecureLink","avery.silva@example.com","SharePoint","https://example.sharepoint.com/sites/sunfish/","https://example.sharepoint.com/sites/sunfish/Shared Documents/Migration Plan.docx","Migration Plan.docx","parker.nakamura@partner8.example.com","Guest"
"2026-06-07T15:02:11Z","1be06702-6417-85dd-1c83-262398b9563a","SharingSet","tatum.yilmaz@example.com","SharePoint","https://example.sharepoint.com/sites/launch/","https://example.sharepoint.com/sites/launch/Shared Documents/Architecture Review.pptx","Architecture Review.pptx","noor.yilmaz@partner12.example.com","Guest"
"2026-06-07T15:51:22Z","e8bf4fca-41d5-0854-4504-acef4a54f3f0","SharingSet","wren.gallagher@example.com","OneDrive","https://example-my.sharepoint.com/personal/avery_abara_example_com/","https://example-my.sharepoint.com/personal/avery_abara_example_com/Shared Documents/Statement of Work.docx","Statement of Work.docx","casey.kowalski@partner1.example.com","Guest"
"2026-06-07T18:23:41Z","e8576a04-d2a0-bf1a-694c-c938ba1bbb13","AnonymousLinkUsed","urn:spo:anon#406564","OneDrive","https://example-my.sharepoint.com/personal/avery_abara_example_com/","https://example-my.sharepoint.com/personal/avery_abara_example_com/Shared Documents/Rollout Schedule.xlsx","Rollout Schedule.xlsx","",""
"2026-06-08T09:46:33Z","ef5c4981-1c97-8751-d71a-5d478a59efb2","SharingSet","yael.kowalski@example.com","OneDrive","https://example-my.sharepoint.com/personal/avery_abara_example_com/","https://example-my.sharepoint.com/personal/avery_abara_example_com/Shared Documents/Migration Plan.docx","Migration Plan.docx","harper.rasmussen@partner3.example.com","Guest"
"2026-06-08T11:05:08Z","ca6e512c-4ec6-1293-f624-9f46f4bc5d71","SharingSet","noor.petrov@example.com","SharePoint","https://example.sharepoint.com/sites/vendors/","https://example.sharepoint.com/sites/vendors/Shared Documents/Test Results.xlsx","Test Results.xlsx","kai.ibarra@partner2.example.com","Guest"
"2026-06-08T11:14:12Z","ee4bd1a5-98bb-dc88-1528-99bd233c6bec","SharingSet","logan.okonkwo@example.com","SharePoint","https://example.sharepoint.com/sites/launch/","https://example.sharepoint.com/sites/launch/Shared Documents/Test Results.xlsx","Test Results.xlsx","drew.eriksen@partner12.example.com","Guest"
"2026-06-08T11:37:41Z","89ed60a6-7e97-8e3e-76ff-440cdd290526","SharingSet","xan.quintero@example.com","SharePoint","https://example.sharepoint.com/sites/vendors/","https://example.sharepoint.com/sites/vendors/Shared Documents/Rollout Schedule.xlsx","Rollout Schedule.xlsx","finley.petrov@partner8.example.com","Guest"
"2026-06-08T13:50:37Z","3cf3c5a4-6139-9c6c-e07c-86cb37a5eabe","AnonymousLinkUsed","urn:spo:anon#383211","OneDrive","https://example-my.sharepoint.com/personal/avery_abara_example_com/","https://example-my.sharepoint.com/personal/avery_abara_example_com/Shared Documents/Migration Plan.docx","Migration Plan.docx","",""
"2026-06-08T14:06:34Z","dbcea42d-6f8b-4dc7-e474-d30fecb4c161","SharingSet","blair.gallagher@example.com","SharePoint","https://example.sharepoint.com/sites/northwind/","https://example.sharepoint.com/sites/northwind/Shared Documents/Test Results.xlsx","Test Results.xlsx","finley.chaudhry@partner10.example.com","Guest"
"2026-06-08T16:09:21Z","dd409f3e-a135-9671-40d8-f3004a613b52","SharingSet","parker.kowalski@example.com","SharePoint","https://example.sharepoint.com/sites/northwind/","https://example.sharepoint.com/sites/northwind/Shared Documents/Architecture Review.pptx","Architecture Review.pptx","reese.haddad@partner5.example.com","Guest"
"2026-06-08T17:00:08Z","7c5bc790-0333-9635-d3a4-0910a4d2808d","AnonymousLinkRemoved","tatum.ibarra@example.com","SharePoint","https://example.sharepoint.com/sites/sunfish/","https://example.sharepoint.com/sites/sunfish/Shared Documents/Meeting Notes.docx","Meeting Notes.docx","",""
"2026-06-08T19:11:27Z","8d9cb3e5-5c78-8dd7-76c8-a89a8ca408ea","AnonymousLinkUsed","urn:spo:anon#664242","SharePoint","https://example.sharepoint.com/sites/vendors/","https://example.sharepoint.com/sites/vendors/Shared Documents/Pricing Model.xlsx","Pricing Model.xlsx","",""
"2026-06-09T07:24:46Z","a26cb7d4-2aed-d916-9554-8222816d2db2","SecureLinkUsed","umi.xiong@partner12.example.com","SharePoint","https://example.sharepoint.com/sites/launch/","https://example.sharepoint.com/sites/launch/Shared Documents/Pricing Model.xlsx","Pricing Model.xlsx","umi.xiong@partner12.example.com","Guest"
"2026-06-09T07:50:33Z","d01d04fb-8bdc-1c5d-0737-830a1d934e35","AnonymousLinkCreated","tatum.rasmussen@example.com","OneDrive","https://example-my.sharepoint.com/personal/avery_abara_example_com/","https://example-my.sharepoint.com/personal/avery_abara_example_com/Shared Documents/Rollout Schedule.xlsx","Rollout Schedule.xlsx","",""
"2026-06-09T08:52:39Z","8f7c5d46-f4a5-93e5-1cba-657a3bf64a12","SharingSet","logan.quintero@example.com","SharePoint","https://example.sharepoint.com/sites/launch/","https://example.sharepoint.com/sites/launch/Shared Documents/Statement of Work.docx","Statement of Work.docx","indigo.rasmussen@partner10.example.com","Guest"
"2026-06-09T10:28:45Z","1785499c-0ff7-dae9-2497-0ac5b083eb4d","AnonymousLinkCreated","sage.quintero@example.com","SharePoint","https://example.sharepoint.com/sites/sunfish/","https://example.sharepoint.com/sites/sunfish/Shared Documents/Pricing Model.xlsx","Pricing Model.xlsx","",""
"2026-06-09T11:26:18Z","5333f8e0-e2e2-fbb0-739e-056507885445","AnonymousLinkUsed","urn:spo:anon#924398","SharePoint","https://example.sharepoint.com/sites/launch/","https://example.sharepoint.com/sites/launch/Shared Documents/Security Questionnaire.docx","Security Questionnaire.docx","",""
"2026-06-09T12:16:59Z","03c4bbd4-fc98-e750-d047-6d2a330b7bb0","AnonymousLinkUsed","urn:spo:anon#153914","SharePoint","https://example.sharepoint.com/sites/northwind/","https://example.sharepoint.com/sites/northwind/Shared Documents/Rollout Schedule.xlsx","Rollout Schedule.xlsx","",""
"2026-06-09T12:43:09Z","2511f0ce-1db3-e100-70ac-08a1ad681236","SharingSet","logan.ueda@example.com","SharePoint","https://example.sharepoint.com/sites/launch/","https://example.sharepoint.com/sites/launch/Shared Documents/Architecture Review.pptx","Architecture Review.pptx","drew.fontaine@partner1.example.com","Guest"
"2026-06-09T16:44:34Z","2d7e4e49-9ac8-41a5-0928-7dc7d90b1f2c","SharingSet","zephyr.gallagher@example.com","SharePoint","https://example.sharepoint.com/sites/launch/","https://example.sharepoint.com/sites/launch/Shared Documents/Meeting Notes.docx","Meeting Notes.docx","reese.ibarra@partner7.example.com","Guest"
"2026-06-09T16:46:25Z","17c4d71a-d0f8-d897-f1b3-55aa2a9c7d96","SharingSet","wren.zawadzki@example.com","SharePoint","https://example.sharepoint.com/sites/vendors/","https://example.sharepoint.com/sites/vendors/Shared Documents/Security Questionnaire.docx","Security Questionnaire.docx","yael.haddad@partner4.example.com","Guest"
"2026-06-09T20:59:00Z","6d8015dc-68e6-523a-6284-ff9218830d11","SharingInvitationAccepted","parker.nakamura@partner8.example.com","SharePoint","https://example.sharepoint.com/sites/vendors/","https://example.sharepoint.com/sites/vendors/Shared Documents/Architecture Review.pptx","Architecture Review.pptx","parker.nakamura@partner8.example.com","Guest"
"2026-06-10T06:10:50Z","9c28b1ea-732f-2de4-953b-f90f7ee4b7d7","SharingInvitationAccepted","noor.jovanovic@partner2.example.com","SharePoint","https://example.sharepoint.com/sites/launch/","https://example.sharepoint.com/sites/launch/Shared Documents/Migration Plan.docx","Migration Plan.docx","noor.jovanovic@partner2.example.com","Guest"
"2026-06-10T07:10:45Z","f9e681f6-88ce-eea1-246b-c826f0451f04","SecureLinkUsed","reese.moreau@partner6.example.com","SharePoint","https://example.sharepoint.com/sites/launch/","https://example.sharepoint.com/sites/launch/Shared Documents/Pricing Model.xlsx","Pricing Model.xlsx","reese.moreau@partner6.example.com","Guest"
"2026-06-10T07:21:18Z","8d3a4283-5daa-1b20-584a-c8178564ff50","SharingSet","oakley.jovanovic@example.com","SharePoint","https://example.sharepoint.com/sites/launch/","https://example.sharepoint.com/sites/launch/Shared Documents/Architecture Review.pptx","Architecture Review.pptx","wren.fontaine@partner6.example.com","Guest"
"2026-06-10T08:43:10Z","1ba420bf-1e90-bae1-9184-5ec3f13db5ca","SharingInvitationCreated","blair.rasmussen@example.com","SharePoint","https://example.sharepoint.com/sites/vendors/","https://example.sharepoint.com/sites/vendors/Shared Documents/Architecture Review.pptx","Architecture Review.pptx","yael.bergstrom@partner4.example.com","Guest"
"2026-06-10T09:44:13Z","3ca47d9d-7cf3-b56e-d2c4-7188eaa26bd4","AnonymousLinkUsed","urn:spo:anon#313653","SharePoint","https://example.sharepoint.com/sites/sunfish/","https://example.sharepoint.com/sites/sunfish/Shared Documents/Pricing Model.xlsx","Pricing Model.xlsx","",""
"2026-06-10T10:25:35Z","c7443345-600a-cf8e-e0d6-7ca0fe21645e","AnonymousLinkUsed","urn:spo:anon#568859","SharePoint","https://example.sharepoint.com/sites/vendors/","https://example.sharepoint.com/sites/vendors/Shared Documents/Statement of Work.docx","Statement of Work.docx","",""
"2026-06-10T10:43:10Z","612913b1-041c-adf9-35c9-1580e6df0fd5","SecureLinkCreated","blair.rasmussen@example.com","SharePoint","https://example.sharepoint.com/sites/vendors/","https://example.sharepoint.com/sites/vendors/Shared Documents/Statement of Work.docx","Statement of Work.docx","yael.bergstrom@partner4.example.com","Guest"
"2026-06-10T11:43:10Z","45e8fcd7-f8f9-419b-8b8c-37fc9a3e3604","AddedToSecureLink","blair.rasmussen@example.com","SharePoint","https://example.sharepoint.com/sites/northwind/","https://example.sharepoint.com/sites/northwind/Shared Documents/Rollout Schedule.xlsx","Rollout Schedule.xlsx","yael.bergstrom@partner4.example.com","Guest"
"2026-06-10T14:52:56Z","857d0ae5-8793-844e-929a-85665e0720a8","AnonymousLinkUsed","urn:spo:anon#725117","SharePoint","https://example.sharepoint.com/sites/launch/","https://example.sharepoint.com/sites/launch/Shared Documents/Pricing Model.xlsx","Pricing Model.xlsx","",""
"2026-06-10T15:13:43Z","b8aebc9d-ecb0-5c16-838e-bcce7c23e27b","AnonymousLinkUsed","urn:spo:anon#756661","SharePoint","https://example.sharepoint.com/sites/sunfish/","https://example.sharepoint.com/sites/sunfish/Shared Documents/Pricing Model.xlsx","Pricing Model.xlsx","",""
"2026-06-10T15:58:42Z","29764482-94f9-e819-f03c-6f911d9e255d","AnonymousLinkCreated","parker.fontaine@example.com","SharePoint","https://example.sharepoint.com/sites/sunfish/","https://example.sharepoint.com/sites/sunfish/Shared Documents/Statement of Work.docx","Statement of Work.docx","",""
"2026-06-10T16:06:55Z","6b4f5342-4500-41d2-1c9b-3279d5dccdbd","AnonymousLinkUsed","urn:spo:anon#686122","SharePoint","https://example.sharepoint.com/sites/vendors/","https://example.sharepoint.com/sites/vendors/Shared Documents/Migration Plan.docx","Migration Plan.docx","",""
"2026-06-10T16:10:47Z","18f1c4e3-f2cf-0839-b41b-fa1898264544","SharingSet","blair.rasmussen@example.com","SharePoint","https://example.sharepoint.com/sites/vendors/","https://example.sharepoint.com/sites/vendors/Shared Documents/Rollout Schedule.xlsx","Rollout Schedule.xlsx","yael.bergstrom@partner4.example.com","Guest"
"2026-06-10T16:26:01Z","321ffc6d-cd46-771b-d599-4f81d6e159ad","SharingSet","avery.silva@example.com","SharePoint","https://example.sharepoint.com/sites/sunfish/","https://example.sharepoint.com/sites/sunfish/Shared Documents/Security Questionnaire.docx","Security Questionnaire.docx","parker.nakamura@partner8.example.com","Guest"
"2026-06-10T17:38:31Z","1133bcd1-2032-7388-1175-e1931710471d","AnonymousLinkUsed","urn:spo:anon#278386","SharePoint","https://example.sharepoint.com/sites/launch/","https://example.sharepoint.com/sites/launch/Shared Documents/Statement of Work.docx","Statement of Work.docx","",""
"2026-06-10T18:14:10Z","b3ab961e-aa9d-aac7-c72c-a71fdcc4d2d7","AnonymousLinkUsed","urn:spo:anon#334334","SharePoint","https://example.sharepoint.com/sites/northwind/","https://example.sharepoint.com/sites/northwind/Shared Documents/Meeting Notes.docx","Meeting Notes.docx","",""
"2026-06-10T18:47:50Z","961bdc6c-d1b9-36ae-421b-d20b4c2eb9c4","SecureLinkUsed","parker.nakamura@partner8.example.com","OneDrive","https://example-my.sharepoint.com/personal/avery_abara_example_com/","https://example-my.sharepoint.com/personal/avery_abara_example_com/Shared Documents/Pricing Model.xlsx","Pricing Model.xlsx","parker.nakamura@partner8.example.com","Guest"
"2026-06-11T10:13:53Z","16de4280-23ec-2bf4-fa11-c8ba51cda81c","SharingSet","blair.gallagher@example.com","SharePoint","https://example.sharepoint.com/sites/sunfish/","https://example.sharepoint.com/sites/sunfish/Shared Documents/Statement of Work.docx","Statement of Work.docx","finley.chaudhry@partner10.example.com","Guest"
"2026-06-11T10:44:15Z","40904e71-98c8-55b3-95f3-677de4b1946a","SharingSet","indigo.ibarra@example.com","SharePoint","https://example.sharepoint.com/sites/launch/","https://example.sharepoint.com/sites/launch/Shared Documents/Statement of Work.docx","Statement of Work.docx","kai.bergstrom@partner11.example.com","Guest"
"2026-06-11T15:46:55Z","20c2837e-db11-0102-77e0-aff3bdb64d8a","AnonymousLinkCreated","noor.silva@example.com","SharePoint","https://example.sharepoint.com/sites/northwind/","https://example.sharepoint.com/sites/northwind/Shared Documents/Migration Plan.docx","Migration Plan.docx","",""
"2026-06-11T16:11:17Z","0c9fc91e-8533-9595-f331-5ed83b7d47ab","AnonymousLinkUsed","urn:spo:anon#784240","OneDrive","https://example-my.sharepoint.com/personal/avery_abara_example_com/","https://example-my.sharepoint.com/personal/avery_abara_example_com/Shared Documents/Rollout Schedule.xlsx","Rollout Schedule.xlsx","",""
"2026-06-11T16:36:52Z","b65240b4-6b2c-a667-c50f-d7c4db17182b","SharingSet","noor.abara@example.com","SharePoint","https://example.sharepoint.com/sites/vendors/","https://example.sharepoint.com/sites/vendors/Shared Documents/Migration Plan.docx","Migration Plan.docx","reese.gallagher@partner1.example.com","Guest"
"2026-06-11T16:50:47Z","b1bdac92-c3d5-becf-f684-84ffd013dae0","SharingSet","harper.yilmaz@example.com","SharePoint","https://example.sharepoint.com/sites/sunfish/","https://example.sharepoint.com/sites/sunfish/Shared Documents/Migration Plan.docx","Migration Plan.docx","logan.vasquez@partner9.example.com","Guest"
"2026-06-11T16:56:32Z","18991158-8b7e-9247-5a19-46e2c1ce7451","AnonymousLinkUsed","urn:spo:anon#876900","SharePoint","https://example.sharepoint.com/sites/northwind/","https://example.sharepoint.com/sites/northwind/Shared Documents/Architecture Review.pptx","Architecture Review.pptx","",""
"2026-06-11T18:01:11Z","ee1aebd6-fdab-a238-6801-52119200e1d6","SharingInvitationCreated","parker.kowalski@example.com","SharePoint","https://example.sharepoint.com/sites/sunfish/","https://example.sharepoint.com/sites/sunfish/Shared Documents/Architecture Review.pptx","Architecture Review.pptx","reese.haddad@partner5.example.com","Guest"
"2026-06-11T19:09:26Z","eeb05c2c-2747-da2d-7193-5365bea52883","AnonymousLinkCreated","quinn.kowalski@example.com","SharePoint","https://example.sharepoint.com/sites/launch/","https://example.sharepoint.com/sites/launch/Shared Documents/Migration Plan.docx","Migration Plan.docx","",""
"2026-06-12T07:43:10Z","24e8e70b-d5bc-2597-4679-05f727c656ff","SharingInvitationAccepted","yael.bergstrom@partner4.example.com","SharePoint","https://example.sharepoint.com/sites/sunfish/","https://example.sharepoint.com/sites/sunfish/Shared Documents/Security Questionnaire.docx","Security Questionnaire.docx","yael.bergstrom@partner4.example.com","Guest"
"2026-06-12T07:50:39Z","eeeec10d-cee9-e872-956b-c748da06eab2","AnonymousLinkUsed","urn:spo:anon#962577","OneDrive","https://example-my.sharepoint.com/personal/avery_abara_example_com/","https://example-my.sharepoint.com/personal/avery_abara_example_com/Shared Documents/Statement of Work.docx","Statement of Work.docx","",""
"2026-06-12T09:46:05Z","ddc6cee4-a333-a49c-a621-b61f5acd0a53","AnonymousLinkUsed","urn:spo:anon#186522","SharePoint","https://example.sharepoint.com/sites/sunfish/","https://example.sharepoint.com/sites/sunfish/Shared Documents/Test Results.xlsx","Test Results.xlsx","",""
"2026-06-12T10:15:13Z","43cd1eae-f196-699e-2050-e067aabe2d6c","SharingSet","harper.okonkwo@example.com","SharePoint","https://example.sharepoint.com/sites/launch/","https://example.sharepoint.com/sites/launch/Shared Documents/Meeting Notes.docx","Meeting Notes.docx","blair.kowalski@partner6.example.com","Guest"
"2026-06-12T11:19:13Z","07928623-fd8d-c19a-f102-d04fe75ee85c","AnonymousLinkUsed","urn:spo:anon#617582","OneDrive","https://example-my.sharepoint.com/personal/avery_abara_example_com/","https://example-my.sharepoint.com/personal/avery_abara_example_com/Shared Documents/Pricing Model.xlsx","Pricing Model.xlsx","",""
"2026-06-12T12:10:39Z","98c3da58-4297-f300-de13-484ca37f40fc","AnonymousLinkCreated","indigo.takahashi@example.com","SharePoint","https://example.sharepoint.com/sites/vendors/","https://example.sharepoint.com/sites/vendors/Shared Documents/Security Questionnaire.docx","Security Questionnaire.docx","",""
"2026-06-12T12:58:30Z","48d09a42-137a-1a6b-737c-3bfedda04bdf","AnonymousLinkUsed","urn:spo:anon#272006","SharePoint","https://example.sharepoint.com/sites/vendors/","https://example.sharepoint.com/sites/vendors/Shared Documents/Pricing Model.xlsx","Pricing Model.xlsx","",""
"2026-06-12T13:49:06Z","158ed5fd-d232-4e3e-2c88-4adf2816e61c","SharingSet","blair.gallagher@example.com","SharePoint","https://example.sharepoint.com/sites/northwind/","https://example.sharepoint.com/sites/northwind/Shared Documents/Rollout Schedule.xlsx","Rollout Schedule.xlsx","finley.chaudhry@partner10.example.com","Guest"
"2026-06-12T14:03:03Z","d0191f64-b028-3f0e-7229-964edea77c79","AnonymousLinkCreated","wren.whitfield@example.com","SharePoint","https://example.sharepoint.com/sites/vendors/","https://example.sharepoint.com/sites/vendors/Shared Documents/Security Questionnaire.docx","Security Questionnaire.docx","",""
"2026-06-12T14:33:08Z","af473f06-37a1-585f-a059-2d753733c3bf","SharingSet","blair.gallagher@example.com","SharePoint","https://example.sharepoint.com/sites/launch/","https://example.sharepoint.com/sites/launch/Shared Documents/Migration Plan.docx","Migration Plan.docx","finley.chaudhry@partner10.example.com","Guest"
"2026-06-12T16:54:04Z","d8de6281-a316-c6df-a3a2-732b13900095","AnonymousLinkUsed","urn:spo:anon#666297","SharePoint","https://example.sharepoint.com/sites/launch/","https://example.sharepoint.com/sites/launch/Shared Documents/Rollout Schedule.xlsx","Rollout Schedule.xlsx","",""
"2026-06-12T19:32:20Z","28435e20-d317-e8aa-50f7-cd6690d0a51e","SharingSet","vale.kowalski@example.com","SharePoint","https://example.sharepoint.com/sites/launch/","https://example.sharepoint.com/sites/launch/Shared Documents/Test Results.xlsx","Test Results.xlsx","noor.jovanovic@partner2.example.com","Guest"
"2026-06-13T11:21:52Z","0465d8f9-7414-f0de-c0bc-f161863b5b35","AnonymousLinkUsed","urn:spo:anon#122638","SharePoint","https://example.sharepoint.com/sites/vendors/","https://example.sharepoint.com/sites/vendors/Shared Documents/Test Results.xlsx","Test Results.xlsx","",""
"2026-06-13T13:43:21Z","06211b3e-0137-4c4f-b8a6-d274a2b4425f","AnonymousLinkUsed","urn:spo:anon#514873","SharePoint","https://example.sharepoint.com/sites/sunfish/","https://example.sharepoint.com/sites/sunfish/Shared Documents/Test Results.xlsx","Test Results.xlsx","",""
"2026-06-13T13:55:45Z","f5d894a4-a509-5689-3308-8f1cfcd6a808","SharingSet","harper.okonkwo@example.com","SharePoint","https://example.sharepoint.com/sites/launch/","https://example.sharepoint.com/sites/launch/Shared Documents/Security Questionnaire.docx","Security Questionnaire.docx","blair.kowalski@partner6.example.com","Guest"
"2026-06-13T16:04:31Z","df0ee0ac-0a01-8a61-fd66-e1af56efa19b","AnonymousLinkUsed","urn:spo:anon#808897","SharePoint","https://example.sharepoint.com/sites/launch/","https://example.sharepoint.com/sites/launch/Shared Documents/Architecture Review.pptx","Architecture Review.pptx","",""
"2026-06-13T18:18:26Z","236d106f-4ffa-49ae-a4d1-aa830f12d043","AnonymousLinkCreated","marlowe.bergstrom2@example.com","SharePoint","https://example.sharepoint.com/sites/northwind/","https://example.sharepoint.com/sites/northwind/Shared Documents/Test Results.xlsx","Test Results.xlsx","",""
"2026-06-14T08:25:02Z","2dbe651e-91f2-7c96-89f8-0f58886e2653","SharingSet","sage.haddad@example.com","SharePoint","https://example.sharepoint.com/sites/launch/","https://example.sharepoint.com/sites/launch/Shared Documents/Security Questionnaire.docx","Security Questionnaire.docx","yael.fontaine@partner10.example.com","Guest"
"2026-06-14T10:09:34Z","89f13320-b089-c5d8-c50f-f0b23719ff6e","SecureLinkUsed","harper.gallagher@partner7.example.com","SharePoint","https://example.sharepoint.com/sites/vendors/","https://example.sharepoint.com/sites/vendors/Shared Documents/Meeting Notes.docx","Meeting Notes.docx","harper.gallagher@partner7.example.com","Guest"
"2026-06-14T13:23:27Z","c20ab359-14d3-20dc-d23f-f67ecfb973f9","AnonymousLinkUsed","urn:spo:anon#435129","SharePoint","https://example.sharepoint.com/sites/vendors/","https://example.sharepoint.com/sites/vendors/Shared Documents/Test Results.xlsx","Test Results.xlsx","",""
"2026-06-14T14:53:45Z","1c64cc7b-6124-a227-42a5-aa3438f75c9d","SharingSet","harper.quintero@example.com","SharePoint","https://example.sharepoint.com/sites/northwind/","https://example.sharepoint.com/sites/northwind/Shared Documents/Statement of Work.docx","Statement of Work.docx","finley.haddad@partner5.example.com","Guest"
"2026-06-14T15:07:50Z","bdb57f13-9f78-b309-23ca-f0de2b25bc84","AnonymousLinkRemoved","drew.petrov@example.com","SharePoint","https://example.sharepoint.com/sites/northwind/","https://example.sharepoint.com/sites/northwind/Shared Documents/Meeting Notes.docx","Meeting Notes.docx","",""
"2026-06-14T16:07:10Z","31e48e6c-5379-c2a2-e498-e907b4158251","AnonymousLinkCreated","tatum.gallagher@example.com","SharePoint","https://example.sharepoint.com/sites/vendors/","https://example.sharepoint.com/sites/vendors/Shared Documents/Meeting Notes.docx","Meeting Notes.docx","",""
"2026-06-14T18:46:36Z","7f4ce64c-f69f-83ba-d784-683fa9e6aad6","SharingSet","xan.quintero@example.com","SharePoint","https://example.sharepoint.com/sites/launch/","https://example.sharepoint.com/sites/launch/Shared Documents/Test Results.xlsx","Test Results.xlsx","finley.petrov@partner8.example.com","Guest"
"2026-06-14T19:14:11Z","ed52543e-2860-445e-4271-b38868b6ff96","AnonymousLinkCreated","quinn.zawadzki@example.com","OneDrive","https://example-my.sharepoint.com/personal/avery_abara_example_com/","https://example-my.sharepoint.com/personal/avery_abara_example_com/Shared Documents/Architecture Review.pptx","Architecture Review.pptx","",""
"2026-06-15T07:58:35Z","d00e6a46-67bd-00b4-e71f-9926073868d4","AnonymousLinkUsed","urn:spo:anon#299990","SharePoint","https://example.sharepoint.com/sites/launch/","https://example.sharepoint.com/sites/launch/Shared Documents/Security Questionnaire.docx","Security Questionnaire.docx","",""
"2026-06-15T10:30:44Z","d5da9708-29ff-6192-b938-ba3c1effd6fa","AnonymousLinkUsed","urn:spo:anon#133119","SharePoint","https://example.sharepoint.com/sites/sunfish/","https://example.sharepoint.com/sites/sunfish/Shared Documents/Pricing Model.xlsx","Pricing Model.xlsx","",""
"2026-06-15T10:42:01Z","3c365e66-5d45-fc16-db84-b86a79c84c1e","AnonymousLinkUsed","urn:spo:anon#568462","OneDrive","https://example-my.sharepoint.com/personal/avery_abara_example_com/","https://example-my.sharepoint.com/personal/avery_abara_example_com/Shared Documents/Statement of Work.docx","Statement of Work.docx","",""
"2026-06-15T11:19:56Z","eb1d5135-fd07-c676-1931-3df00e4dfa7c","SharingSet","oakley.jovanovic@example.com","SharePoint","https://example.sharepoint.com/sites/northwind/","https://example.sharepoint.com/sites/northwind/Shared Documents/Meeting Notes.docx","Meeting Notes.docx","wren.fontaine@partner6.example.com","Guest"
"2026-06-15T12:21:47Z","6588452e-d95f-c1fd-1d3e-e81e13509264","AnonymousLinkUsed","urn:spo:anon#748053","SharePoint","https://example.sharepoint.com/sites/launch/","https://example.sharepoint.com/sites/launch/Shared Documents/Statement of Work.docx","Statement of Work.docx","",""
"2026-06-15T18:56:15Z","bf1a7de2-15d9-477e-808a-c13f4463d84d","AnonymousLinkUsed","urn:spo:anon#233124","OneDrive","https://example-my.sharepoint.com/personal/avery_abara_example_com/","https://example-my.sharepoint.com/personal/avery_abara_example_com/Shared Documents/Test Results.xlsx","Test Results.xlsx","",""
"2026-06-16T16:32:46Z","6c38e004-3212-8c07-a4a2-b479eb72d704","AnonymousLinkUsed","urn:spo:anon#501965","OneDrive","https://example-my.sharepoint.com/personal/avery_abara_example_com/","https://example-my.sharepoint.com/personal/avery_abara_example_com/Shared Documents/Test Results.xlsx","Test Results.xlsx","",""
"2026-06-16T16:49:22Z","596df785-ebb3-f5a3-fc87-4c91f22aa9a5","SharingSet","xan.quintero@example.com","SharePoint","https://example.sharepoint.com/sites/launch/","https://example.sharepoint.com/sites/launch/Shared Documents/Meeting Notes.docx","Meeting Notes.docx","finley.petrov@partner8.example.com","Guest"
"2026-06-16T17:04:56Z","b465c4df-08c3-e773-7470-787ec686ac2e","AnonymousLinkUsed","urn:spo:anon#280703","SharePoint","https://example.sharepoint.com/sites/launch/","https://example.sharepoint.com/sites/launch/Shared Documents/Test Results.xlsx","Test Results.xlsx","",""
"2026-06-16T17:08:41Z","58461471-2436-bc59-c19b-d003b1206946","AnonymousLinkRemoved","noor.rasmussen@example.com","OneDrive","https://example-my.sharepoint.com/personal/avery_abara_example_com/","https://example-my.sharepoint.com/personal/avery_abara_example_com/Shared Documents/Architecture Review.pptx","Architecture Review.pptx","",""
"2026-06-16T18:13:16Z","fa1b03a8-caa5-fdff-535a-38a6e3d9abda","SharingSet","parker.takahashi@example.com","SharePoint","https://example.sharepoint.com/sites/northwind/","https://example.sharepoint.com/sites/northwind/Shared Documents/Statement of Work.docx","Statement of Work.docx","yael.fontaine@partner3.example.com","Guest"
"2026-06-17T07:30:33Z","9f4adad5-0137-4db1-9cf3-f6f29d03b5f7","SharingSet","parker.kowalski@example.com","SharePoint","https://example.sharepoint.com/sites/vendors/","https://example.sharepoint.com/sites/vendors/Shared Documents/Pricing Model.xlsx","Pricing Model.xlsx","reese.haddad@partner5.example.com","Guest"
"2026-06-17T19:27:11Z","e0b9c6d7-1e72-d81e-62e0-6dbabf847db4","SharingSet","tatum.yilmaz@example.com","SharePoint","https://example.sharepoint.com/sites/launch/","https://example.sharepoint.com/sites/launch/Shared Documents/Security Questionnaire.docx","Security Questionnaire.docx","noor.yilmaz@partner12.example.com","Guest"
"2026-06-18T08:03:31Z","ece237f3-fadb-c51d-064c-448edb9919cb","SharingSet","sage.haddad@example.com","SharePoint","https://example.sharepoint.com/sites/vendors/","https://example.sharepoint.com/sites/vendors/Shared Documents/Test Results.xlsx","Test Results.xlsx","yael.fontaine@partner10.example.com","Guest"
"2026-06-18T08:08:26Z","dad1fcd2-c652-7eb0-da2e-7552a7c905a4","SharingSet","wren.gallagher@example.com","OneDrive","https://example-my.sharepoint.com/personal/avery_abara_example_com/","https://example-my.sharepoint.com/personal/avery_abara_example_com/Shared Documents/Rollout Schedule.xlsx","Rollout Schedule.xlsx","casey.kowalski@partner1.example.com","Guest"
"2026-06-18T10:08:04Z","c952afaf-9b98-aa28-8552-a191923d1e78","SharingSet","harper.quintero@example.com","SharePoint","https://example.sharepoint.com/sites/vendors/","https://example.sharepoint.com/sites/vendors/Shared Documents/Migration Plan.docx","Migration Plan.docx","finley.haddad@partner5.example.com","Guest"
"2026-06-18T11:50:10Z","ca59aa0e-e41e-09b5-f70c-b705c7637295","SharingSet","quinn.quintero@example.com","SharePoint","https://example.sharepoint.com/sites/launch/","https://example.sharepoint.com/sites/launch/Shared Documents/Pricing Model.xlsx","Pricing Model.xlsx","drew.lindqvist@partner2.example.com","Guest"
"2026-06-18T12:07:49Z","b814c4fe-3fcd-e185-79ed-73c681e1591b","AnonymousLinkCreated","finley.haddad@example.com","SharePoint","https://example.sharepoint.com/sites/sunfish/","https://example.sharepoint.com/sites/sunfish/Shared Documents/Statement of Work.docx","Statement of Work.docx","",""
"2026-06-18T13:09:38Z","d234d40f-4ec1-7138-9478-dc10505111c1","AnonymousLinkUsed","urn:spo:anon#164030","SharePoint","https://example.sharepoint.com/sites/northwind/","https://example.sharepoint.com/sites/northwind/Shared Documents/Test Results.xlsx","Test Results.xlsx","",""
"2026-06-18T14:07:00Z","2b78a39a-4579-fa1b-2ee0-3e2f5e90528d","AnonymousLinkUsed","urn:spo:anon#838988","SharePoint","https://example.sharepoint.com/sites/launch/","https://example.sharepoint.com/sites/launch/Shared Documents/Meeting Notes.docx","Meeting Notes.docx","",""
"2026-06-18T18:32:32Z","fc44177e-a7f2-17f9-5d6a-3a88bced6c38","AnonymousLinkUsed","urn:spo:anon#617013","OneDrive","https://example-my.sharepoint.com/personal/avery_abara_example_com/","https://example-my.sharepoint.com/personal/avery_abara_example_com/Shared Documents/Rollout Schedule.xlsx","Rollout Schedule.xlsx","",""
"2026-06-19T07:29:42Z","f8190dcd-af7a-e68f-71f3-ee4c09c60cf3","SharingSet","blair.ueda@example.com","SharePoint","https://example.sharepoint.com/sites/sunfish/","https://example.sharepoint.com/sites/sunfish/Shared Documents/Security Questionnaire.docx","Security Questionnaire.docx","avery.haddad@partner5.example.com","Guest"
"2026-06-19T12:43:40Z","77a93507-eba3-6980-f054-0b6196fe049e","AnonymousLinkUsed","urn:spo:anon#187888","SharePoint","https://example.sharepoint.com/sites/sunfish/","https://example.sharepoint.com/sites/sunfish/Shared Documents/Rollout Schedule.xlsx","Rollout Schedule.xlsx","",""
"2026-06-19T12:53:26Z","929aeb96-a198-515b-bb54-00ec23aaf7d5","SharingSet","oakley.xiong@example.com","SharePoint","https://example.sharepoint.com/sites/launch/","https://example.sharepoint.com/sites/launch/Shared Documents/Architecture Review.pptx","Architecture Review.pptx","harper.gallagher@partner7.example.com","Guest"
"2026-06-19T15:36:47Z","caffe2d6-eca0-1ed6-0fc1-9663e35966cd","SharingSet","zephyr.gallagher@example.com","SharePoint","https://example.sharepoint.com/sites/sunfish/","https://example.sharepoint.com/sites/sunfish/Shared Documents/Test Results.xlsx","Test Results.xlsx","reese.ibarra@partner7.example.com","Guest"
"2026-06-19T16:33:30Z","4cf4e326-f0e3-be6b-9766-9d397ab096e7","SharingSet","harper.quintero@example.com","SharePoint","https://example.sharepoint.com/sites/sunfish/","https://example.sharepoint.com/sites/sunfish/Shared Documents/Meeting Notes.docx","Meeting Notes.docx","finley.haddad@partner5.example.com","Guest"
"2026-06-19T16:43:39Z","40ed5730-e0a3-b6eb-65ce-9af5364bac82","SharingRevoked","drew.jovanovic@example.com","SharePoint","https://example.sharepoint.com/sites/launch/","https://example.sharepoint.com/sites/launch/Shared Documents/Statement of Work.docx","Statement of Work.docx","parker.takahashi@partner7.example.com","Guest"
"2026-06-19T18:29:58Z","bc935ad9-3337-1a32-d749-068c874bcc05","SharingSet","quinn.silva2@example.com","SharePoint","https://example.sharepoint.com/sites/launch/","https://example.sharepoint.com/sites/launch/Shared Documents/Meeting Notes.docx","Meeting Notes.docx","reese.moreau@partner6.example.com","Guest"
"2026-06-20T07:21:38Z","cbcff66f-e262-59b4-81c2-7b5aa694df06","AnonymousLinkUsed","urn:spo:anon#539362","OneDrive","https://example-my.sharepoint.com/personal/avery_abara_example_com/","https://example-my.sharepoint.com/personal/avery_abara_example_com/Shared Documents/Test Results.xlsx","Test Results.xlsx","",""
"2026-06-20T11:16:37Z","e68c4d4e-2ecf-c5f0-8e41-f1a73895dd49","SharingSet","drew.jovanovic@example.com","SharePoint","https://example.sharepoint.com/sites/vendors/","https://example.sharepoint.com/sites/vendors/Shared Documents/Security Questionnaire.docx","Security Questionnaire.docx","parker.takahashi@partner7.example.com","Guest"
"2026-06-20T16:28:20Z","c83e7484-3ad2-a277-fa0e-1c166edd1688","AnonymousLinkUsed","urn:spo:anon#907393","SharePoint","https://example.sharepoint.com/sites/launch/","https://example.sharepoint.com/sites/launch/Shared Documents/Migration Plan.docx","Migration Plan.docx","",""
"2026-06-20T16:42:49Z","51ee1822-2bbf-b773-39ba-a6f8dc695d17","SecureLinkUsed","drew.eriksen@partner12.example.com","SharePoint","https://example.sharepoint.com/sites/vendors/","https://example.sharepoint.com/sites/vendors/Shared Documents/Meeting Notes.docx","Meeting Notes.docx","drew.eriksen@partner12.example.com","Guest"
"2026-06-20T18:13:26Z","9af4595b-093d-75fb-58cb-98687f75a8df","AnonymousLinkUsed","urn:spo:anon#326530","SharePoint","https://example.sharepoint.com/sites/sunfish/","https://example.sharepoint.com/sites/sunfish/Shared Documents/Migration Plan.docx","Migration Plan.docx","",""
"2026-06-20T19:06:57Z","6aa89660-955e-ec14-633d-599a4b5a5dd5","SharingSet","harper.quintero@example.com","SharePoint","https://example.sharepoint.com/sites/sunfish/","https://example.sharepoint.com/sites/sunfish/Shared Documents/Architecture Review.pptx","Architecture Review.pptx","finley.haddad@partner5.example.com","Guest"
"2026-06-21T07:33:23Z","164d7e57-c7bc-f758-15ed-63d8521a6df4","SecureLinkUsed","blair.jovanovic@partner10.example.com","SharePoint","https://example.sharepoint.com/sites/sunfish/","https://example.sharepoint.com/sites/sunfish/Shared Documents/Test Results.xlsx","Test Results.xlsx","blair.jovanovic@partner10.example.com","Guest"
"2026-06-21T08:57:16Z","d4eb87c1-8aac-09d2-0fd0-2a6f179b1ae1","SharingSet","parker.kowalski@example.com","SharePoint","https://example.sharepoint.com/sites/northwind/","https://example.sharepoint.com/sites/northwind/Shared Documents/Rollout Schedule.xlsx","Rollout Schedule.xlsx","reese.haddad@partner5.example.com","Guest"
"2026-06-21T12:18:13Z","d4d07be9-9f80-1e62-9861-e4987576ba10","SharingSet","drew.lindqvist@example.com","SharePoint","https://example.sharepoint.com/sites/vendors/","https://example.sharepoint.com/sites/vendors/Shared Documents/Architecture Review.pptx","Architecture Review.pptx","gray.silva@partner4.example.com","Guest"
"2026-06-21T14:25:04Z","678eb377-e6e8-7ba5-5f1c-681cfe834641","SharingSet","drew.lindqvist@example.com","SharePoint","https://example.sharepoint.com/sites/sunfish/","https://example.sharepoint.com/sites/sunfish/Shared Documents/Pricing Model.xlsx","Pricing Model.xlsx","gray.silva@partner4.example.com","Guest"
"2026-06-21T16:15:17Z","05ad66f7-f750-b774-3064-faf6a9110897","SecureLinkUsed","noor.jovanovic@partner2.example.com","SharePoint","https://example.sharepoint.com/sites/sunfish/","https://example.sharepoint.com/sites/sunfish/Shared Documents/Architecture Review.pptx","Architecture Review.pptx","noor.jovanovic@partner2.example.com","Guest"
"2026-06-21T16:45:00Z","06955e99-c347-c3c9-d783-9273c747f1fe","SharingInvitationCreated","logan.ueda@example.com","SharePoint","https://example.sharepoint.com/sites/launch/","https://example.sharepoint.com/sites/launch/Shared Documents/Pricing Model.xlsx","Pricing Model.xlsx","drew.fontaine@partner1.example.com","Guest"
"2026-06-21T18:45:00Z","0653386c-4dd6-08c1-e616-4d132553d7d1","SecureLinkCreated","logan.ueda@example.com","SharePoint","https://example.sharepoint.com/sites/launch/","https://example.sharepoint.com/sites/launch/Shared Documents/Pricing Model.xlsx","Pricing Model.xlsx","drew.fontaine@partner1.example.com","Guest"
"2026-06-21T18:56:10Z","dec0ca76-f441-4f2d-9cc3-bda79a896621","AnonymousLinkUsed","urn:spo:anon#540992","SharePoint","https://example.sharepoint.com/sites/northwind/","https://example.sharepoint.com/sites/northwind/Shared Documents/Security Questionnaire.docx","Security Questionnaire.docx","",""
"2026-06-21T19:45:00Z","5603e4ea-6f15-82ad-1ea8-4da2a837ae39","AddedToSecureLink","logan.ueda@example.com","SharePoint","https://example.sharepoint.com/sites/sunfish/","https://example.sharepoint.com/sites/sunfish/Shared Documents/Test Results.xlsx","Test Results.xlsx","drew.fontaine@partner1.example.com","Guest"
"2026-06-22T05:45:00Z","7aae7731-af92-5331-1c40-b9da44d11f0f","SharingInvitationAccepted","drew.fontaine@partner1.example.com","OneDrive","https://example-my.sharepoint.com/personal/avery_abara_example_com/","https://example-my.sharepoint.com/personal/avery_abara_example_com/Shared Documents/Security Questionnaire.docx","Security Questionnaire.docx","drew.fontaine@partner1.example.com","Guest"
"2026-06-22T10:31:32Z","b5a75ac7-d794-cd9f-22c4-9292d6076d94","SharingSet","xan.kowalski@example.com","SharePoint","https://example.sharepoint.com/sites/launch/","https://example.sharepoint.com/sites/launch/Shared Documents/Meeting Notes.docx","Meeting Notes.docx","reese.quintero@partner3.example.com","Guest"
"2026-06-22T13:15:31Z","51026778-8630-bced-1a19-9119dd1b7765","SharingSet","emery.quintero@example.com","SharePoint","https://example.sharepoint.com/sites/northwind/","https://example.sharepoint.com/sites/northwind/Shared Documents/Meeting Notes.docx","Meeting Notes.docx","logan.nakamura@partner1.example.com","Guest"
"2026-06-22T14:08:55Z","2ba4c3f1-b14a-dd31-e965-6599c772d81d","AnonymousLinkCreated","emery.nakamura@example.com","OneDrive","https://example-my.sharepoint.com/personal/avery_abara_example_com/","https://example-my.sharepoint.com/personal/avery_abara_example_com/Shared Documents/Statement of Work.docx","Statement of Work.docx","",""
"2026-06-22T16:24:39Z","ac348aaf-7a66-e5d1-5d4b-be895e6d3dc7","AnonymousLinkUsed","urn:spo:anon#855768","OneDrive","https://example-my.sharepoint.com/personal/avery_abara_example_com/","https://example-my.sharepoint.com/personal/avery_abara_example_com/Shared Documents/Statement of Work.docx","Statement of Work.docx","",""
"2026-06-22T16:25:40Z","eb5d2624-bdf2-d1c4-e3c0-abe06b9d6b5a","AnonymousLinkCreated","oakley.vasquez@example.com","SharePoint","https://example.sharepoint.com/sites/vendors/","https://example.sharepoint.com/sites/vendors/Shared Documents/Statement of Work.docx","Statement of Work.docx","",""
"2026-06-22T16:52:53Z","f44eb402-3686-c9c2-1e38-7301b3bf0166","AnonymousLinkUsed","urn:spo:anon#379795","OneDrive","https://example-my.sharepoint.com/personal/avery_abara_example_com/","https://example-my.sharepoint.com/personal/avery_abara_example_com/Shared Documents/Architecture Review.pptx","Architecture Review.pptx","",""
"2026-06-22T17:56:44Z","06c7e3b0-a207-e358-50c5-4e9f3394acb5","SharingSet","harper.yilmaz@example.com","SharePoint","https://example.sharepoint.com/sites/launch/","https://example.sharepoint.com/sites/launch/Shared Documents/Migration Plan.docx","Migration Plan.docx","logan.vasquez@partner9.example.com","Guest"
"2026-06-22T18:05:55Z","36f72149-0e42-f764-e15b-81fa20089bf1","AnonymousLinkUsed","urn:spo:anon#573688","SharePoint","https://example.sharepoint.com/sites/sunfish/","https://example.sharepoint.com/sites/sunfish/Shared Documents/Meeting Notes.docx","Meeting Notes.docx","",""
"2026-06-22T18:46:53Z","a8d51500-4d0f-e4d0-63b9-073e40aeb167","SharingSet","indigo.ibarra@example.com","SharePoint","https://example.sharepoint.com/sites/vendors/","https://example.sharepoint.com/sites/vendors/Shared Documents/Test Results.xlsx","Test Results.xlsx","kai.bergstrom@partner11.example.com","Guest"
"2026-06-22T18:54:51Z","ed87ab54-3c17-21d5-6879-a5b4e238d677","SharingSet","noor.abara@example.com","SharePoint","https://example.sharepoint.com/sites/launch/","https://example.sharepoint.com/sites/launch/Shared Documents/Meeting Notes.docx","Meeting Notes.docx","reese.gallagher@partner1.example.com","Guest"
"2026-06-23T07:55:18Z","12bb217c-6432-1cb4-9a39-d389d444c570","SharingSet","yael.kowalski@example.com","SharePoint","https://example.sharepoint.com/sites/vendors/","https://example.sharepoint.com/sites/vendors/Shared Documents/Pricing Model.xlsx","Pricing Model.xlsx","harper.rasmussen@partner3.example.com","Guest"
"2026-06-23T11:38:51Z","5b0c31e3-88f0-4a90-4baf-94cb5198286c","AnonymousLinkUsed","urn:spo:anon#165035","OneDrive","https://example-my.sharepoint.com/personal/avery_abara_example_com/","https://example-my.sharepoint.com/personal/avery_abara_example_com/Shared Documents/Security Questionnaire.docx","Security Questionnaire.docx","",""
"2026-06-23T12:05:29Z","f19423a7-51ee-4e1f-f065-a28d2b3e819d","AnonymousLinkUsed","urn:spo:anon#204408","SharePoint","https://example.sharepoint.com/sites/sunfish/","https://example.sharepoint.com/sites/sunfish/Shared Documents/Migration Plan.docx","Migration Plan.docx","",""
"2026-06-23T13:15:37Z","3a92440c-4694-4f25-9169-5c2f6bdb0298","SharingSet","indigo.ibarra@example.com","OneDrive","https://example-my.sharepoint.com/personal/avery_abara_example_com/","https://example-my.sharepoint.com/personal/avery_abara_example_com/Shared Documents/Migration Plan.docx","Migration Plan.docx","kai.bergstrom@partner11.example.com","Guest"
"2026-06-23T17:01:24Z","28d60f84-3af9-7264-5782-d1c5fff65d82","AnonymousLinkUsed","urn:spo:anon#963176","OneDrive","https://example-my.sharepoint.com/personal/avery_abara_example_com/","https://example-my.sharepoint.com/personal/avery_abara_example_com/Shared Documents/Rollout Schedule.xlsx","Rollout Schedule.xlsx","",""
"2026-06-23T17:22:45Z","ad65b6c8-9265-6858-7076-d5abb82b5a86","AnonymousLinkUsed","urn:spo:anon#129100","OneDrive","https://example-my.sharepoint.com/personal/avery_abara_example_com/","https://example-my.sharepoint.com/personal/avery_abara_example_com/Shared Documents/Migration Plan.docx","Migration Plan.docx","",""
"2026-06-23T18:01:06Z","75bc97f9-9bee-7547-6b89-bc84ccb28e47","AnonymousLinkUsed","urn:spo:anon#215211","SharePoint","https://example.sharepoint.com/sites/launch/","https://example.sharepoint.com/sites/launch/Shared Documents/Architecture Review.pptx","Architecture Review.pptx","",""
"2026-06-23T19:54:55Z","b38a73e9-b87f-3630-d327-b3d59aff1e83","AnonymousLinkUsed","urn:spo:anon#809115","SharePoint","https://example.sharepoint.com/sites/launch/","https://example.sharepoint.com/sites/launch/Shared Documents/Statement of Work.docx","Statement of Work.docx","",""
"2026-06-24T08:30:29Z","ea213338-89e9-1885-a393-43a7743bc2d0","AnonymousLinkUsed","urn:spo:anon#399404","SharePoint","https://example.sharepoint.com/sites/northwind/","https://example.sharepoint.com/sites/northwind/Shared Documents/Meeting Notes.docx","Meeting Notes.docx","",""
"2026-06-24T13:26:10Z","085e4aa7-1b59-571f-c3de-7e6603362faf","SharingSet","oakley.jovanovic@example.com","OneDrive","https://example-my.sharepoint.com/personal/avery_abara_example_com/","https://example-my.sharepoint.com/personal/avery_abara_example_com/Shared Documents/Migration Plan.docx","Migration Plan.docx","wren.fontaine@partner6.example.com","Guest"
"2026-06-24T14:05:58Z","0bf42cff-b16f-1cdd-3992-5eecf43083b1","AnonymousLinkUsed","urn:spo:anon#926104","SharePoint","https://example.sharepoint.com/sites/launch/","https://example.sharepoint.com/sites/launch/Shared Documents/Statement of Work.docx","Statement of Work.docx","",""
"2026-06-24T17:28:12Z","662d6237-c5a9-ccdf-8f13-eb0203fac539","AnonymousLinkUsed","urn:spo:anon#124662","SharePoint","https://example.sharepoint.com/sites/launch/","https://example.sharepoint.com/sites/launch/Shared Documents/Architecture Review.pptx","Architecture Review.pptx","",""
"2026-06-24T17:52:47Z","a09f92c6-cba0-d04a-83e7-79f6315a0c34","SharingSet","parker.takahashi@example.com","SharePoint","https://example.sharepoint.com/sites/sunfish/","https://example.sharepoint.com/sites/sunfish/Shared Documents/Test Results.xlsx","Test Results.xlsx","yael.fontaine@partner3.example.com","Guest"
"2026-06-24T19:01:59Z","8b7b5134-1607-0595-629b-bcbb8f9250c9","AnonymousLinkUsed","urn:spo:anon#491952","SharePoint","https://example.sharepoint.com/sites/sunfish/","https://example.sharepoint.com/sites/sunfish/Shared Documents/Migration Plan.docx","Migration Plan.docx","",""
"2026-06-25T07:08:09Z","d6f15a50-69a3-81dc-30f8-c84cb0214cd6","AnonymousLinkUsed","urn:spo:anon#493267","SharePoint","https://example.sharepoint.com/sites/launch/","https://example.sharepoint.com/sites/launch/Shared Documents/Architecture Review.pptx","Architecture Review.pptx","",""
"2026-06-25T08:02:31Z","3e5d05ed-9899-3715-d6d1-9a8fd2a609e9","AnonymousLinkUsed","urn:spo:anon#899043","SharePoint","https://example.sharepoint.com/sites/northwind/","https://example.sharepoint.com/sites/northwind/Shared Documents/Meeting Notes.docx","Meeting Notes.docx","",""
"2026-06-25T08:04:49Z","68723cfa-9130-1c39-6269-a6c74cdaedf2","SharingSet","blair.jovanovic@example.com","SharePoint","https://example.sharepoint.com/sites/launch/","https://example.sharepoint.com/sites/launch/Shared Documents/Migration Plan.docx","Migration Plan.docx","logan.xiong@partner11.example.com","Guest"
"2026-06-25T11:09:04Z","8bc3699b-00e0-a833-1823-aead4ec10f06","AnonymousLinkUsed","urn:spo:anon#730868","SharePoint","https://example.sharepoint.com/sites/vendors/","https://example.sharepoint.com/sites/vendors/Shared Documents/Architecture Review.pptx","Architecture Review.pptx","",""
"2026-06-25T11:10:54Z","cbe738e9-8429-4e21-0213-2ca546cf7292","SharingSet","tatum.yilmaz@example.com","SharePoint","https://example.sharepoint.com/sites/northwind/","https://example.sharepoint.com/sites/northwind/Shared Documents/Architecture Review.pptx","Architecture Review.pptx","noor.yilmaz@partner12.example.com","Guest"
"2026-06-25T12:15:05Z","9ed8562e-50e9-16aa-4b5e-6bd479ef81d0","SharingSet","noor.abara@example.com","SharePoint","https://example.sharepoint.com/sites/northwind/","https://example.sharepoint.com/sites/northwind/Shared Documents/Migration Plan.docx","Migration Plan.docx","reese.gallagher@partner1.example.com","Guest"
"2026-06-25T12:49:05Z","b767120f-3342-998c-8250-7bf4b305443a","AnonymousLinkRemoved","vale.vasquez@example.com","SharePoint","https://example.sharepoint.com/sites/northwind/","https://example.sharepoint.com/sites/northwind/Shared Documents/Test Results.xlsx","Test Results.xlsx","",""
"2026-06-25T12:53:32Z","16dc413d-b65c-fcbe-15d0-4915d38ca478","AnonymousLinkUsed","urn:spo:anon#870433","OneDrive","https://example-my.sharepoint.com/personal/avery_abara_example_com/","https://example-my.sharepoint.com/personal/avery_abara_example_com/Shared Documents/Test Results.xlsx","Test Results.xlsx","",""
"2026-06-25T17:42:22Z","dd7c3733-a881-a28c-29c5-1c0ea24aff02","AnonymousLinkCreated","zephyr.quintero@example.com","SharePoint","https://example.sharepoint.com/sites/vendors/","https://example.sharepoint.com/sites/vendors/Shared Documents/Test Results.xlsx","Test Results.xlsx","",""
"2026-06-26T11:23:07Z","a4e08de5-36fe-e494-c07e-cc584e8c08f8","SharingRevoked","harper.ueda@example.com","SharePoint","https://example.sharepoint.com/sites/launch/","https://example.sharepoint.com/sites/launch/Shared Documents/Test Results.xlsx","Test Results.xlsx","sage.nakamura@partner5.example.com","Guest"
"2026-06-26T12:25:13Z","dcf6bf45-18cb-89c5-8fd5-c8f2f0b7185c","SecureLinkUsed","jordan.abara@partner9.example.com","SharePoint","https://example.sharepoint.com/sites/sunfish/","https://example.sharepoint.com/sites/sunfish/Shared Documents/Test Results.xlsx","Test Results.xlsx","jordan.abara@partner9.example.com","Guest"
"2026-06-26T12:29:14Z","9bdc64fd-72c0-7a5d-5207-c65aa0781907","AnonymousLinkUsed","urn:spo:anon#278574","SharePoint","https://example.sharepoint.com/sites/launch/","https://example.sharepoint.com/sites/launch/Shared Documents/Test Results.xlsx","Test Results.xlsx","",""
"2026-06-26T14:16:31Z","8001b168-da57-1445-bd07-b8da6ffbb022","AnonymousLinkCreated","indigo.ibarra@example.com","SharePoint","https://example.sharepoint.com/sites/northwind/","https://example.sharepoint.com/sites/northwind/Shared Documents/Meeting Notes.docx","Meeting Notes.docx","",""
"2026-06-26T16:14:50Z","71e2e0e4-db3d-2031-1a0f-a619e759013a","AnonymousLinkCreated","drew.haddad@example.com","SharePoint","https://example.sharepoint.com/sites/launch/","https://example.sharepoint.com/sites/launch/Shared Documents/Migration Plan.docx","Migration Plan.docx","",""
"2026-06-26T16:57:14Z","11423833-8332-7735-b31b-4009f5fbe761","AnonymousLinkUsed","urn:spo:anon#653090","SharePoint","https://example.sharepoint.com/sites/launch/","https://example.sharepoint.com/sites/launch/Shared Documents/Rollout Schedule.xlsx","Rollout Schedule.xlsx","",""
"2026-06-26T19:11:13Z","cab95b35-459c-2c49-a492-340bc7506e25","SharingSet","emery.whitfield@example.com","SharePoint","https://example.sharepoint.com/sites/northwind/","https://example.sharepoint.com/sites/northwind/Shared Documents/Test Results.xlsx","Test Results.xlsx","reese.rasmussen@partner5.example.com","Guest"
"2026-06-27T08:47:42Z","f6ce4bbf-973d-13c4-ce16-aec51e5618e3","SecureLinkUsed","yael.fontaine@partner3.example.com","SharePoint","https://example.sharepoint.com/sites/sunfish/","https://example.sharepoint.com/sites/sunfish/Shared Documents/Architecture Review.pptx","Architecture Review.pptx","yael.fontaine@partner3.example.com","Guest"
"2026-06-27T09:46:29Z","0019cbfa-65ef-c6ab-b065-b566399b2d21","AnonymousLinkUsed","urn:spo:anon#633935","SharePoint","https://example.sharepoint.com/sites/launch/","https://example.sharepoint.com/sites/launch/Shared Documents/Rollout Schedule.xlsx","Rollout Schedule.xlsx","",""
"2026-06-27T12:22:00Z","d7ecffb2-62fa-613c-9209-369223e2681b","SharingSet","blair.jovanovic@example.com","SharePoint","https://example.sharepoint.com/sites/vendors/","https://example.sharepoint.com/sites/vendors/Shared Documents/Pricing Model.xlsx","Pricing Model.xlsx","logan.xiong@partner11.example.com","Guest"
"2026-06-27T13:20:55Z","5b92d933-03c1-eb22-cdd3-b174806ed599","SharingSet","oakley.moreau@example.com","SharePoint","https://example.sharepoint.com/sites/sunfish/","https://example.sharepoint.com/sites/sunfish/Shared Documents/Statement of Work.docx","Statement of Work.docx","zephyr.bergstrom@partner12.example.com","Guest"
"2026-06-27T14:58:14Z","28e3c7ea-f1a6-4d82-477e-02f215ba0132","SharingSet","jordan.whitfield@example.com","SharePoint","https://example.sharepoint.com/sites/northwind/","https://example.sharepoint.com/sites/northwind/Shared Documents/Rollout Schedule.xlsx","Rollout Schedule.xlsx","blair.jovanovic@partner10.example.com","Guest"
"2026-06-27T15:00:46Z","8e91b1d3-6e20-dc72-4157-621d9cc7e424","SharingSet","parker.takahashi@example.com","SharePoint","https://example.sharepoint.com/sites/vendors/","https://example.sharepoint.com/sites/vendors/Shared Documents/Migration Plan.docx","Migration Plan.docx","yael.fontaine@partner3.example.com","Guest"
"2026-06-27T15:13:53Z","3203d6ff-3f22-9eaa-fb49-ce152462b7dd","AnonymousLinkRemoved","noor.abara@example.com","SharePoint","https://example.sharepoint.com/sites/sunfish/","https://example.sharepoint.com/sites/sunfish/Shared Documents/Security Questionnaire.docx","Security Questionnaire.docx","",""
"2026-06-27T16:24:22Z","edc0012d-cd0d-d2a6-9e2a-62c121cc5728","AnonymousLinkUsed","urn:spo:anon#776456","SharePoint","https://example.sharepoint.com/sites/sunfish/","https://example.sharepoint.com/sites/sunfish/Shared Documents/Migration Plan.docx","Migration Plan.docx","",""
"2026-06-27T16:38:17Z","99959549-f5d7-d563-b1ab-fb58c23ad164","SharingSet","wren.zawadzki@example.com","OneDrive","https://example-my.sharepoint.com/personal/avery_abara_example_com/","https://example-my.sharepoint.com/personal/avery_abara_example_com/Shared Documents/Rollout Schedule.xlsx","Rollout Schedule.xlsx","casey.okonkwo@partner8.example.com","Guest"
"2026-06-27T18:01:34Z","7aa43939-2c57-897e-37ca-a7c48912cda1","SecureLinkUsed","sage.xiong@partner8.example.com","SharePoint","https://example.sharepoint.com/sites/sunfish/","https://example.sharepoint.com/sites/sunfish/Shared Documents/Statement of Work.docx","Statement of Work.docx","sage.xiong@partner8.example.com","Guest"
"2026-06-27T19:51:45Z","ed8ee3d1-8a2e-de79-1de3-42084da8f286","AnonymousLinkUsed","urn:spo:anon#103633","SharePoint","https://example.sharepoint.com/sites/vendors/","https://example.sharepoint.com/sites/vendors/Shared Documents/Rollout Schedule.xlsx","Rollout Schedule.xlsx","",""
"2026-06-28T08:23:08Z","99de6085-1fa5-7e02-abac-50e8c8887e8c","SharingSet","parker.takahashi@example.com","SharePoint","https://example.sharepoint.com/sites/vendors/","https://example.sharepoint.com/sites/vendors/Shared Documents/Pricing Model.xlsx","Pricing Model.xlsx","yael.fontaine@partner3.example.com","Guest"
"2026-06-28T10:17:05Z","d35c86fe-9d39-1963-209f-3572cace5674","AnonymousLinkUsed","urn:spo:anon#563811","SharePoint","https://example.sharepoint.com/sites/launch/","https://example.sharepoint.com/sites/launch/Shared Documents/Security Questionnaire.docx","Security Questionnaire.docx","",""
"2026-06-28T12:31:56Z","df4ad9fd-663b-f9b5-2c7c-5ba07cf613fd","SharingSet","yael.kowalski@example.com","SharePoint","https://example.sharepoint.com/sites/launch/","https://example.sharepoint.com/sites/launch/Shared Documents/Rollout Schedule.xlsx","Rollout Schedule.xlsx","harper.rasmussen@partner3.example.com","Guest"
"2026-06-28T14:38:26Z","edb94938-7694-541f-882a-16fb6b4ff457","AnonymousLinkUsed","urn:spo:anon#796940","OneDrive","https://example-my.sharepoint.com/personal/avery_abara_example_com/","https://example-my.sharepoint.com/personal/avery_abara_example_com/Shared Documents/Architecture Review.pptx","Architecture Review.pptx","",""
"2026-06-29T07:17:19Z","cf64f181-8fb5-e1a3-ae00-ce22e8989971","AnonymousLinkUsed","urn:spo:anon#170210","SharePoint","https://example.sharepoint.com/sites/sunfish/","https://example.sharepoint.com/sites/sunfish/Shared Documents/Pricing Model.xlsx","Pricing Model.xlsx","",""
"2026-06-29T07:51:19Z","655b1309-20b3-1134-8cdb-5095bfae9648","AnonymousLinkUsed","urn:spo:anon#354522","SharePoint","https://example.sharepoint.com/sites/launch/","https://example.sharepoint.com/sites/launch/Shared Documents/Meeting Notes.docx","Meeting Notes.docx","",""
"2026-06-29T08:29:33Z","1d9ed114-47ca-055b-0ffc-3af233026881","SharingInvitationCreated","blair.ueda@example.com","SharePoint","https://example.sharepoint.com/sites/vendors/","https://example.sharepoint.com/sites/vendors/Shared Documents/Test Results.xlsx","Test Results.xlsx","avery.haddad@partner5.example.com","Guest"
"2026-06-29T10:22:54Z","8f2ec0ba-f4ae-872d-9fc0-147dc9994ee4","SharingSet","blair.gallagher@example.com","OneDrive","https://example-my.sharepoint.com/personal/avery_abara_example_com/","https://example-my.sharepoint.com/personal/avery_abara_example_com/Shared Documents/Test Results.xlsx","Test Results.xlsx","finley.chaudhry@partner10.example.com","Guest"
"2026-06-29T10:29:33Z","3f2214a9-7b95-25e2-4775-0a9c076e57ea","SecureLinkCreated","blair.ueda@example.com","SharePoint","https://example.sharepoint.com/sites/northwind/","https://example.sharepoint.com/sites/northwind/Shared Documents/Rollout Schedule.xlsx","Rollout Schedule.xlsx","avery.haddad@partner5.example.com","Guest"
"2026-06-29T11:29:33Z","d856abd3-e2cd-2e31-0987-b068d8a4d309","AddedToSecureLink","blair.ueda@example.com","OneDrive","https://example-my.sharepoint.com/personal/avery_abara_example_com/","https://example-my.sharepoint.com/personal/avery_abara_example_com/Shared Documents/Statement of Work.docx","Statement of Work.docx","avery.haddad@partner5.example.com","Guest"
"2026-06-29T11:30:42Z","8932b5b6-dd6d-d636-5343-53ad34a50b03","AnonymousLinkUsed","urn:spo:anon#923038","SharePoint","https://example.sharepoint.com/sites/sunfish/","https://example.sharepoint.com/sites/sunfish/Shared Documents/Pricing Model.xlsx","Pricing Model.xlsx","",""
"2026-06-29T12:27:12Z","0e14ec49-ea2a-337c-ca56-9e170791ccda","AnonymousLinkUsed","urn:spo:anon#922278","SharePoint","https://example.sharepoint.com/sites/northwind/","https://example.sharepoint.com/sites/northwind/Shared Documents/Test Results.xlsx","Test Results.xlsx","",""
"2026-06-29T13:39:35Z","add8b434-ffec-0bdc-0b04-5e02ba07d74c","SharingSet","quinn.quintero@example.com","SharePoint","https://example.sharepoint.com/sites/vendors/","https://example.sharepoint.com/sites/vendors/Shared Documents/Migration Plan.docx","Migration Plan.docx","drew.lindqvist@partner2.example.com","Guest"
"2026-06-29T13:45:12Z","d5b8d6a5-3734-3f36-1e7d-911f831d5e70","SecureLinkUsed","drew.eriksen@partner12.example.com","OneDrive","https://example-my.sharepoint.com/personal/avery_abara_example_com/","https://example-my.sharepoint.com/personal/avery_abara_example_com/Shared Documents/Meeting Notes.docx","Meeting Notes.docx","drew.eriksen@partner12.example.com","Guest"
"2026-06-29T15:36:01Z","b8d380cf-ccb2-40c0-0bda-7e2815e8de48","SharingInvitationCreated","blair.jovanovic@example.com","SharePoint","https://example.sharepoint.com/sites/launch/","https://example.sharepoint.com/sites/launch/Shared Documents/Security Questionnaire.docx","Security Questionnaire.docx","logan.xiong@partner11.example.com","Guest"
"2026-06-29T17:00:45Z","56297ba9-bea7-a5d9-a596-fb42142094e0","SharingSet","tatum.yilmaz@example.com","SharePoint","https://example.sharepoint.com/sites/northwind/","https://example.sharepoint.com/sites/northwind/Shared Documents/Statement of Work.docx","Statement of Work.docx","noor.yilmaz@partner12.example.com","Guest"
"2026-06-29T17:36:01Z","8fe27465-2555-2b0e-52cb-4c7332728c60","SecureLinkCreated","blair.jovanovic@example.com","OneDrive","https://example-my.sharepoint.com/personal/avery_abara_example_com/","https://example-my.sharepoint.com/personal/avery_abara_example_com/Shared Documents/Meeting Notes.docx","Meeting Notes.docx","logan.xiong@partner11.example.com","Guest"
"2026-06-29T18:36:01Z","fe4f53af-b815-eb88-9bca-bcf698a128e9","AddedToSecureLink","blair.jovanovic@example.com","OneDrive","https://example-my.sharepoint.com/personal/avery_abara_example_com/","https://example-my.sharepoint.com/personal/avery_abara_example_com/Shared Documents/Rollout Schedule.xlsx","Rollout Schedule.xlsx","logan.xiong@partner11.example.com","Guest"
"2026-06-29T18:48:55Z","18624a95-95af-d695-7710-d729a0dad7f1","AnonymousLinkUsed","urn:spo:anon#520986","OneDrive","https://example-my.sharepoint.com/personal/avery_abara_example_com/","https://example-my.sharepoint.com/personal/avery_abara_example_com/Shared Documents/Meeting Notes.docx","Meeting Notes.docx","",""
"2026-06-29T19:07:11Z","c3d70342-c657-9fde-a611-e199f2af9821","SharingSet","blair.ueda@example.com","SharePoint","https://example.sharepoint.com/sites/vendors/","https://example.sharepoint.com/sites/vendors/Shared Documents/Architecture Review.pptx","Architecture Review.pptx","avery.haddad@partner5.example.com","Guest"
"2026-06-30T07:43:18Z","47f240ab-0c56-1c65-1143-af497783bad4","SharingInvitationCreated","tatum.yilmaz@example.com","SharePoint","https://example.sharepoint.com/sites/northwind/","https://example.sharepoint.com/sites/northwind/Shared Documents/Meeting Notes.docx","Meeting Notes.docx","noor.yilmaz@partner12.example.com","Guest"
"2026-06-30T09:43:18Z","2eda6fba-04b1-7ce4-4f82-dc97b9cc92b5","SecureLinkCreated","tatum.yilmaz@example.com","SharePoint","https://example.sharepoint.com/sites/northwind/","https://example.sharepoint.com/sites/northwind/Shared Documents/Architecture Review.pptx","Architecture Review.pptx","noor.yilmaz@partner12.example.com","Guest"
"2026-06-30T10:43:18Z","975f001c-1f6b-ac67-490a-34bd2437d304","AddedToSecureLink","tatum.yilmaz@example.com","OneDrive","https://example-my.sharepoint.com/personal/avery_abara_example_com/","https://example-my.sharepoint.com/personal/avery_abara_example_com/Shared Documents/Architecture Review.pptx","Architecture Review.pptx","noor.yilmaz@partner12.example.com","Guest"
"2026-06-30T11:35:01Z","a4b2975e-4f89-469f-0830-62866d662132","SharingSet","sage.quintero@example.com","SharePoint","https://example.sharepoint.com/sites/northwind/","https://example.sharepoint.com/sites/northwind/Shared Documents/Statement of Work.docx","Statement of Work.docx","umi.ibarra@partner10.example.com","Guest"
"2026-06-30T12:37:27Z","acba4688-28b8-83f0-ef90-4ef1500dcec7","SharingSet","blair.rasmussen2@example.com","SharePoint","https://example.sharepoint.com/sites/northwind/","https://example.sharepoint.com/sites/northwind/Shared Documents/Migration Plan.docx","Migration Plan.docx","umi.xiong@partner12.example.com","Guest"
"2026-06-30T15:41:15Z","72d8f911-a844-02b1-1f33-6c846d325fd3","SharingInvitationCreated","harper.okonkwo@example.com","SharePoint","https://example.sharepoint.com/sites/northwind/","https://example.sharepoint.com/sites/northwind/Shared Documents/Rollout Schedule.xlsx","Rollout Schedule.xlsx","blair.kowalski@partner6.example.com","Guest"
"2026-06-30T17:41:15Z","19a39d68-f082-ecc2-d6b7-4aac5f808013","SecureLinkCreated","harper.okonkwo@example.com","SharePoint","https://example.sharepoint.com/sites/vendors/","https://example.sharepoint.com/sites/vendors/Shared Documents/Statement of Work.docx","Statement of Work.docx","blair.kowalski@partner6.example.com","Guest"
"2026-06-30T18:10:19Z","b84b7e6b-d50f-1f7b-274c-bfb78ec3f704","SharingSet","drew.lindqvist@example.com","SharePoint","https://example.sharepoint.com/sites/launch/","https://example.sharepoint.com/sites/launch/Shared Documents/Security Questionnaire.docx","Security Questionnaire.docx","gray.silva@partner4.example.com","Guest"
"2026-06-30T18:41:15Z","134b3fca-5f41-9dad-88ec-79d221ae2cc2","AddedToSecureLink","harper.okonkwo@example.com","SharePoint","https://example.sharepoint.com/sites/vendors/","https://example.sharepoint.com/sites/vendors/Shared Documents/Meeting Notes.docx","Meeting Notes.docx","blair.kowalski@partner6.example.com","Guest"
"2026-06-30T19:25:07Z","afadffbf-8ea0-14ba-d99b-4728093f161c","AnonymousLinkUsed","urn:spo:anon#249064","SharePoint","https://example.sharepoint.com/sites/northwind/","https://example.sharepoint.com/sites/northwind/Shared Documents/Architecture Review.pptx","Architecture Review.pptx","",""
"2026-06-30T19:29:33Z","26400137-4447-65fd-2ad7-067489895b5d","SharingInvitationAccepted","avery.haddad@partner5.example.com","SharePoint","https://example.sharepoint.com/sites/sunfish/","https://example.sharepoint.com/sites/sunfish/Shared Documents/Rollout Schedule.xlsx","Rollout Schedule.xlsx","avery.haddad@partner5.example.com","Guest"
"2026-06-30T23:36:01Z","2c1f48c7-b984-149d-3855-6f0fc2317d46","SharingInvitationAccepted","logan.xiong@partner11.example.com","SharePoint","https://example.sharepoint.com/sites/sunfish/","https://example.sharepoint.com/sites/sunfish/Shared Documents/Migration Plan.docx","Migration Plan.docx","logan.xiong@partner11.example.com","Guest"
"2026-07-01T10:11:42Z","c15ec02a-8bb1-f1cc-04e2-e869d8975b11","AnonymousLinkUsed","urn:spo:anon#124289","SharePoint","https://example.sharepoint.com/sites/launch/","https://example.sharepoint.com/sites/launch/Shared Documents/Meeting Notes.docx","Meeting Notes.docx","",""
"2026-07-01T10:22:26Z","d29a1ed9-4dfe-2ca0-3273-0704179efe25","AnonymousLinkUsed","urn:spo:anon#329337","SharePoint","https://example.sharepoint.com/sites/sunfish/","https://example.sharepoint.com/sites/sunfish/Shared Documents/Architecture Review.pptx","Architecture Review.pptx","",""
"2026-07-01T10:23:52Z","30cf30bd-b760-9eae-5d1d-673487ff1bf4","SharingSet","wren.gallagher@example.com","SharePoint","https://example.sharepoint.com/sites/vendors/","https://example.sharepoint.com/sites/vendors/Shared Documents/Architecture Review.pptx","Architecture Review.pptx","casey.kowalski@partner1.example.com","Guest"
"2026-07-01T10:29:00Z","e2d31218-cd44-5475-62eb-c561637514a9","SharingSet","emery.whitfield@example.com","SharePoint","https://example.sharepoint.com/sites/sunfish/","https://example.sharepoint.com/sites/sunfish/Shared Documents/Migration Plan.docx","Migration Plan.docx","reese.rasmussen@partner5.example.com","Guest"
"2026-07-01T15:13:41Z","97ec0a12-2fc4-76b5-70f4-47cf59bcbab4","AnonymousLinkUsed","urn:spo:anon#176517","SharePoint","https://example.sharepoint.com/sites/sunfish/","https://example.sharepoint.com/sites/sunfish/Shared Documents/Migration Plan.docx","Migration Plan.docx","",""
"2026-07-01T16:35:24Z","3d4afa31-012d-f9e2-9418-b48886aaff6a","AnonymousLinkUsed","urn:spo:anon#160912","SharePoint","https://example.sharepoint.com/sites/northwind/","https://example.sharepoint.com/sites/northwind/Shared Documents/Test Results.xlsx","Test Results.xlsx","",""
"2026-07-01T16:48:36Z","4f517bda-ffbb-9121-3385-e955ed9dc4c2","SharingInvitationCreated","drew.lindqvist@example.com","OneDrive","https://example-my.sharepoint.com/personal/avery_abara_example_com/","https://example-my.sharepoint.com/personal/avery_abara_example_com/Shared Documents/Pricing Model.xlsx","Pricing Model.xlsx","gray.silva@partner4.example.com","Guest"
"2026-07-01T17:45:45Z","f17043f7-84fc-b8c4-bcbd-c81b12fc8f69","SharingInvitationCreated","logan.quintero@example.com","SharePoint","https://example.sharepoint.com/sites/northwind/","https://example.sharepoint.com/sites/northwind/Shared Documents/Pricing Model.xlsx","Pricing Model.xlsx","indigo.rasmussen@partner10.example.com","Guest"
"2026-07-01T18:27:13Z","2ce03f17-8ea7-f713-6ba1-848064cddd84","SharingInvitationCreated","blair.gallagher@example.com","SharePoint","https://example.sharepoint.com/sites/northwind/","https://example.sharepoint.com/sites/northwind/Shared Documents/Pricing Model.xlsx","Pricing Model.xlsx","finley.chaudhry@partner10.example.com","Guest"
"2026-07-01T20:27:13Z","12fd93fb-20de-c8e8-2779-bd2df845e774","SecureLinkCreated","blair.gallagher@example.com","SharePoint","https://example.sharepoint.com/sites/northwind/","https://example.sharepoint.com/sites/northwind/Shared Documents/Rollout Schedule.xlsx","Rollout Schedule.xlsx","finley.chaudhry@partner10.example.com","Guest"
"2026-07-01T21:27:13Z","3e591dac-97ca-6921-736e-8d80c4637af6","AddedToSecureLink","blair.gallagher@example.com","SharePoint","https://example.sharepoint.com/sites/sunfish/","https://example.sharepoint.com/sites/sunfish/Shared Documents/Security Questionnaire.docx","Security Questionnaire.docx","finley.chaudhry@partner10.example.com","Guest"
"2026-07-02T00:41:15Z","ba4669f9-5f8c-4903-0364-9646f3b24b83","SharingInvitationAccepted","blair.kowalski@partner6.example.com","SharePoint","https://example.sharepoint.com/sites/sunfish/","https://example.sharepoint.com/sites/sunfish/Shared Documents/Test Results.xlsx","Test Results.xlsx","blair.kowalski@partner6.example.com","Guest"
"2026-07-02T13:15:39Z","50da2756-90f9-1ae7-6402-4ea758f93047","SharingSet","tatum.yilmaz@example.com","SharePoint","https://example.sharepoint.com/sites/sunfish/","https://example.sharepoint.com/sites/sunfish/Shared Documents/Meeting Notes.docx","Meeting Notes.docx","noor.yilmaz@partner12.example.com","Guest"
"2026-07-02T14:31:09Z","9c6113b4-71b2-ae2a-2c9c-a4323107ca93","SharingSet","blair.gallagher@example.com","SharePoint","https://example.sharepoint.com/sites/sunfish/","https://example.sharepoint.com/sites/sunfish/Shared Documents/Statement of Work.docx","Statement of Work.docx","finley.chaudhry@partner10.example.com","Guest"
"2026-07-02T15:12:01Z","d81c5c60-1d56-3ef7-91d7-162ee42638b5","SharingSet","vale.kowalski@example.com","OneDrive","https://example-my.sharepoint.com/personal/avery_abara_example_com/","https://example-my.sharepoint.com/personal/avery_abara_example_com/Shared Documents/Meeting Notes.docx","Meeting Notes.docx","noor.jovanovic@partner2.example.com","Guest"
"2026-07-02T15:44:26Z","38ec4f2f-f84f-36ce-b445-b3454bfa64b9","SharingSet","tatum.ibarra@example.com","OneDrive","https://example-my.sharepoint.com/personal/avery_abara_example_com/","https://example-my.sharepoint.com/personal/avery_abara_example_com/Shared Documents/Architecture Review.pptx","Architecture Review.pptx","sage.xiong@partner8.example.com","Guest"
"2026-07-02T16:37:14Z","b73b7d5c-3b02-2a9a-94fb-52cda37c4430","SharingSet","xan.kowalski@example.com","SharePoint","https://example.sharepoint.com/sites/northwind/","https://example.sharepoint.com/sites/northwind/Shared Documents/Test Results.xlsx","Test Results.xlsx","reese.quintero@partner3.example.com","Guest"
"2026-07-02T19:24:20Z","4a2d7cda-3fd3-29e0-aff5-2458945c9fc1","SharingSet","drew.lindqvist@example.com","SharePoint","https://example.sharepoint.com/sites/launch/","https://example.sharepoint.com/sites/launch/Shared Documents/Pricing Model.xlsx","Pricing Model.xlsx","gray.silva@partner4.example.com","Guest"
"2026-07-03T06:43:18Z","408e45aa-af92-ecea-fd70-c8397a8b534c","SharingInvitationAccepted","noor.yilmaz@partner12.example.com","SharePoint","https://example.sharepoint.com/sites/northwind/","https://example.sharepoint.com/sites/northwind/Shared Documents/Migration Plan.docx","Migration Plan.docx","noor.yilmaz@partner12.example.com","Guest"
"2026-07-03T07:33:22Z","82a7cc60-9eae-9de9-3bbe-47778b67e514","AnonymousLinkRemoved","logan.quintero@example.com","SharePoint","https://example.sharepoint.com/sites/launch/","https://example.sharepoint.com/sites/launch/Shared Documents/Meeting Notes.docx","Meeting Notes.docx","",""
"2026-07-03T07:48:51Z","4498625c-0860-a193-ed58-2f7eb6b57e3f","SecureLinkUsed","finley.chaudhry@partner10.example.com","SharePoint","https://example.sharepoint.com/sites/launch/","https://example.sharepoint.com/sites/launch/Shared Documents/Security Questionnaire.docx","Security Questionnaire.docx","finley.chaudhry@partner10.example.com","Guest"
"2026-07-03T08:33:57Z","3b0bf0b3-13a7-c384-07ed-dc038d492c62","AnonymousLinkUsed","urn:spo:anon#817253","SharePoint","https://example.sharepoint.com/sites/sunfish/","https://example.sharepoint.com/sites/sunfish/Shared Documents/Test Results.xlsx","Test Results.xlsx","",""
"2026-07-03T12:34:52Z","c234a5fe-3a76-cf8d-bd9d-bf831eaddf11","SecureLinkUsed","finley.chaudhry@partner10.example.com","SharePoint","https://example.sharepoint.com/sites/sunfish/","https://example.sharepoint.com/sites/sunfish/Shared Documents/Rollout Schedule.xlsx","Rollout Schedule.xlsx","finley.chaudhry@partner10.example.com","Guest"
"2026-07-03T13:30:17Z","0172a997-aa85-25e7-74cc-03f220c267aa","AnonymousLinkCreated","marlowe.bergstrom@example.com","SharePoint","https://example.sharepoint.com/sites/launch/","https://example.sharepoint.com/sites/launch/Shared Documents/Architecture Review.pptx","Architecture Review.pptx","",""
"2026-07-03T14:25:25Z","472edbb8-4d2c-1f00-3485-b2d6dea327b3","SharingRevoked","blair.rasmussen2@example.com","SharePoint","https://example.sharepoint.com/sites/launch/","https://example.sharepoint.com/sites/launch/Shared Documents/Security Questionnaire.docx","Security Questionnaire.docx","umi.xiong@partner12.example.com","Guest"
"2026-07-03T15:57:07Z","6b66f279-b77f-87b8-20e1-48f818f34fec","SharingSet","harper.okonkwo@example.com","OneDrive","https://example-my.sharepoint.com/personal/avery_abara_example_com/","https://example-my.sharepoint.com/personal/avery_abara_example_com/Shared Documents/Statement of Work.docx","Statement of Work.docx","blair.kowalski@partner6.example.com","Guest"
"2026-07-03T16:56:01Z","ebc24ae6-d23a-c7ad-87b9-cd7fa5eb7631","AnonymousLinkUsed","urn:spo:anon#108549","SharePoint","https://example.sharepoint.com/sites/vendors/","https://example.sharepoint.com/sites/vendors/Shared Documents/Statement of Work.docx","Statement of Work.docx","",""
"2026-07-03T17:49:16Z","da1a5994-3a69-96b2-b9b5-555bf0181053","SharingSet","drew.lindqvist@example.com","SharePoint","https://example.sharepoint.com/sites/launch/","https://example.sharepoint.com/sites/launch/Shared Documents/Migration Plan.docx","Migration Plan.docx","avery.abara@partner6.example.com","Guest"
"2026-07-03T19:43:32Z","72f1d6eb-6f8d-94a8-331d-f91573d24700","SharingInvitationRevoked","parker.kowalski@example.com","SharePoint","https://example.sharepoint.com/sites/sunfish/","https://example.sharepoint.com/sites/sunfish/Shared Documents/Architecture Review.pptx","Architecture Review.pptx","reese.haddad@partner5.example.com","Guest"
"2026-07-04T02:27:13Z","226b11d2-ed86-f7dc-f18e-f833f600a06a","SharingInvitationAccepted","finley.chaudhry@partner10.example.com","OneDrive","https://example-my.sharepoint.com/personal/avery_abara_example_com/","https://example-my.sharepoint.com/personal/avery_abara_example_com/Shared Documents/Architecture Review.pptx","Architecture Review.pptx","finley.chaudhry@partner10.example.com","Guest"
"2026-07-04T08:26:52Z","50e4ea20-560c-a5d4-9557-5a342e0cbf8a","SharingSet","oakley.moreau@example.com","SharePoint","https://example.sharepoint.com/sites/vendors/","https://example.sharepoint.com/sites/vendors/Shared Documents/Pricing Model.xlsx","Pricing Model.xlsx","zephyr.bergstrom@partner12.example.com","Guest"
"2026-07-04T09:20:53Z","21bc4391-be93-cb41-7b57-7e27e365ace1","AnonymousLinkUsed","urn:spo:anon#917397","SharePoint","https://example.sharepoint.com/sites/vendors/","https://example.sharepoint.com/sites/vendors/Shared Documents/Migration Plan.docx","Migration Plan.docx","",""
"2026-07-04T09:53:02Z","712ad9e5-a257-7ca4-e361-76ba1a521170","AnonymousLinkUsed","urn:spo:anon#284481","SharePoint","https://example.sharepoint.com/sites/sunfish/","https://example.sharepoint.com/sites/sunfish/Shared Documents/Meeting Notes.docx","Meeting Notes.docx","",""
"2026-07-04T11:24:09Z","4574c15a-1c98-af26-df61-32de2d642e7b","SharingInvitationCreated","quinn.eriksen@example.com","SharePoint","https://example.sharepoint.com/sites/vendors/","https://example.sharepoint.com/sites/vendors/Shared Documents/Pricing Model.xlsx","Pricing Model.xlsx","vale.petrov@partner9.example.com","Guest"
"2026-07-04T14:22:18Z","3778e90b-cae4-8a63-c4ed-52559413c611","AnonymousLinkUsed","urn:spo:anon#669232","SharePoint","https://example.sharepoint.com/sites/launch/","https://example.sharepoint.com/sites/launch/Shared Documents/Architecture Review.pptx","Architecture Review.pptx","",""
"2026-07-04T16:58:51Z","223cb967-7b41-1096-c461-553756ffdd7c","AnonymousLinkUsed","urn:spo:anon#770461","SharePoint","https://example.sharepoint.com/sites/vendors/","https://example.sharepoint.com/sites/vendors/Shared Documents/Test Results.xlsx","Test Results.xlsx","",""
"2026-07-04T18:12:07Z","e80bc6ca-98f5-eb4b-acc5-86c6bd16afbe","SharingSet","harper.ueda@example.com","SharePoint","https://example.sharepoint.com/sites/northwind/","https://example.sharepoint.com/sites/northwind/Shared Documents/Statement of Work.docx","Statement of Work.docx","sage.nakamura@partner5.example.com","Guest"
"2026-07-04T19:29:18Z","3d3fc45e-d257-70ad-b01d-584544455cf7","SharingSet","sage.quintero@example.com","OneDrive","https://example-my.sharepoint.com/personal/avery_abara_example_com/","https://example-my.sharepoint.com/personal/avery_abara_example_com/Shared Documents/Migration Plan.docx","Migration Plan.docx","umi.ibarra@partner10.example.com","Guest"
"2026-07-05T07:53:26Z","bd46d87b-5aaa-ec77-5872-cac8ef5c1e6d","SharingSet","harper.ueda@example.com","OneDrive","https://example-my.sharepoint.com/personal/avery_abara_example_com/","https://example-my.sharepoint.com/personal/avery_abara_example_com/Shared Documents/Rollout Schedule.xlsx","Rollout Schedule.xlsx","sage.nakamura@partner5.example.com","Guest"
"2026-07-05T08:27:02Z","d05051ad-eaeb-af23-9590-076f2aa01036","SecureLinkUsed","sage.nakamura@partner5.example.com","SharePoint","https://example.sharepoint.com/sites/launch/","https://example.sharepoint.com/sites/launch/Shared Documents/Architecture Review.pptx","Architecture Review.pptx","sage.nakamura@partner5.example.com","Guest"
"2026-07-05T09:03:03Z","bb67f27d-e831-8251-9dd0-0d407569f8b2","SharingSet","logan.okonkwo@example.com","SharePoint","https://example.sharepoint.com/sites/launch/","https://example.sharepoint.com/sites/launch/Shared Documents/Architecture Review.pptx","Architecture Review.pptx","drew.eriksen@partner12.example.com","Guest"
"2026-07-05T09:43:44Z","f048edc6-122c-90c7-32a1-c097bbab0c0c","SharingSet","harper.quintero@example.com","SharePoint","https://example.sharepoint.com/sites/launch/","https://example.sharepoint.com/sites/launch/Shared Documents/Statement of Work.docx","Statement of Work.docx","finley.haddad@partner5.example.com","Guest"
"2026-07-05T11:16:29Z","ef694bc1-02cd-7b0a-bbe4-67a5bb5fec64","SharingSet","wren.gallagher@example.com","SharePoint","https://example.sharepoint.com/sites/launch/","https://example.sharepoint.com/sites/launch/Shared Documents/Meeting Notes.docx","Meeting Notes.docx","casey.kowalski@partner1.example.com","Guest"
"2026-07-05T11:30:19Z","62977e6c-5e0c-3fc3-e89c-de4339942be3","SharingSet","oakley.moreau@example.com","SharePoint","https://example.sharepoint.com/sites/vendors/","https://example.sharepoint.com/sites/vendors/Shared Documents/Statement of Work.docx","Statement of Work.docx","zephyr.bergstrom@partner12.example.com","Guest"
"2026-07-05T11:34:22Z","06d3f7ee-c368-145b-a177-ed90ed62e4ce","SharingSet","indigo.ibarra@example.com","OneDrive","https://example-my.sharepoint.com/personal/avery_abara_example_com/","https://example-my.sharepoint.com/personal/avery_abara_example_com/Shared Documents/Pricing Model.xlsx","Pricing Model.xlsx","kai.bergstrom@partner11.example.com","Guest"
"2026-07-05T12:20:40Z","e6ba556b-3792-11ef-41a5-0a6eda2658b0","AnonymousLinkUsed","urn:spo:anon#975898","SharePoint","https://example.sharepoint.com/sites/northwind/","https://example.sharepoint.com/sites/northwind/Shared Documents/Security Questionnaire.docx","Security Questionnaire.docx","",""
"2026-07-05T15:34:27Z","796765eb-f91e-c859-6d9f-6949d2fdb52a","AnonymousLinkUsed","urn:spo:anon#738404","SharePoint","https://example.sharepoint.com/sites/northwind/","https://example.sharepoint.com/sites/northwind/Shared Documents/Statement of Work.docx","Statement of Work.docx","",""
"2026-07-05T16:16:59Z","703b6918-1378-9472-2978-0782215f8579","AnonymousLinkUsed","urn:spo:anon#415263","OneDrive","https://example-my.sharepoint.com/personal/avery_abara_example_com/","https://example-my.sharepoint.com/personal/avery_abara_example_com/Shared Documents/Rollout Schedule.xlsx","Rollout Schedule.xlsx","",""
"2026-07-05T17:17:59Z","ae31e152-f961-3bf9-8b9a-c0ec9016c431","AnonymousLinkUsed","urn:spo:anon#194563","SharePoint","https://example.sharepoint.com/sites/northwind/","https://example.sharepoint.com/sites/northwind/Shared Documents/Rollout Schedule.xlsx","Rollout Schedule.xlsx","",""
"2026-07-05T17:23:43Z","8ec412ad-01a7-b0cd-0512-75eb58dd8c08","SharingSet","avery.silva@example.com","SharePoint","https://example.sharepoint.com/sites/vendors/","https://example.sharepoint.com/sites/vendors/Shared Documents/Architecture Review.pptx","Architecture Review.pptx","parker.nakamura@partner8.example.com","Guest"
"2026-07-05T18:48:06Z","66513dc9-ed56-366e-adf3-ba37a66ab0be","AnonymousLinkUsed","urn:spo:anon#579302","SharePoint","https://example.sharepoint.com/sites/vendors/","https://example.sharepoint.com/sites/vendors/Shared Documents/Statement of Work.docx","Statement of Work.docx","",""
"2026-07-06T10:47:00Z","b6efcdfe-fe87-fc03-84f4-145a0dce2e93","SecureLinkUsed","reese.moreau@partner6.example.com","SharePoint","https://example.sharepoint.com/sites/sunfish/","https://example.sharepoint.com/sites/sunfish/Shared Documents/Architecture Review.pptx","Architecture Review.pptx","reese.moreau@partner6.example.com","Guest"
"2026-07-06T12:51:04Z","dd49407c-76b7-174d-fe50-d187f53baf2e","AnonymousLinkUsed","urn:spo:anon#571285","SharePoint","https://example.sharepoint.com/sites/sunfish/","https://example.sharepoint.com/sites/sunfish/Shared Documents/Migration Plan.docx","Migration Plan.docx","",""
"2026-07-06T13:47:33Z","b445247d-4512-cd05-fd26-e0293768355e","SharingSet","tatum.rasmussen@example.com","OneDrive","https://example-my.sharepoint.com/personal/avery_abara_example_com/","https://example-my.sharepoint.com/personal/avery_abara_example_com/Shared Documents/Test Results.xlsx","Test Results.xlsx","finley.lindqvist@partner9.example.com","Guest"
"2026-07-06T13:55:10Z","acf39d27-5b9e-170e-d9b9-07345997fc30","AnonymousLinkUsed","urn:spo:anon#957861","SharePoint","https://example.sharepoint.com/sites/vendors/","https://example.sharepoint.com/sites/vendors/Shared Documents/Pricing Model.xlsx","Pricing Model.xlsx","",""
"2026-07-06T14:36:21Z","39356917-cec8-c457-20df-31f3b50b1604","SharingSet","quinn.eriksen@example.com","SharePoint","https://example.sharepoint.com/sites/launch/","https://example.sharepoint.com/sites/launch/Shared Documents/Meeting Notes.docx","Meeting Notes.docx","vale.petrov@partner9.example.com","Guest"
"2026-07-06T17:57:10Z","aedcb845-6f8c-ff80-4b90-40899024c918","SecureLinkUsed","yael.silva@partner9.example.com","SharePoint","https://example.sharepoint.com/sites/sunfish/","https://example.sharepoint.com/sites/sunfish/Shared Documents/Migration Plan.docx","Migration Plan.docx","yael.silva@partner9.example.com","Guest"
"2026-07-07T07:23:40Z","7645fb1b-ed95-9f02-a758-8cc04a59ec68","AnonymousLinkUsed","urn:spo:anon#488991","SharePoint","https://example.sharepoint.com/sites/sunfish/","https://example.sharepoint.com/sites/sunfish/Shared Documents/Test Results.xlsx","Test Results.xlsx","",""
"2026-07-07T07:37:28Z","46fa4b19-2bfd-048c-c695-373205f554e5","SecureLinkUsed","noor.jovanovic@partner2.example.com","SharePoint","https://example.sharepoint.com/sites/vendors/","https://example.sharepoint.com/sites/vendors/Shared Documents/Rollout Schedule.xlsx","Rollout Schedule.xlsx","noor.jovanovic@partner2.example.com","Guest"
"2026-07-07T09:05:47Z","1d4ac58e-0d10-7662-c592-30af706d1032","AnonymousLinkUsed","urn:spo:anon#684651","SharePoint","https://example.sharepoint.com/sites/sunfish/","https://example.sharepoint.com/sites/sunfish/Shared Documents/Rollout Schedule.xlsx","Rollout Schedule.xlsx","",""
"2026-07-07T12:50:43Z","e25035f9-2174-3fd4-0bc2-b1710748da95","SharingSet","logan.quintero@example.com","SharePoint","https://example.sharepoint.com/sites/vendors/","https://example.sharepoint.com/sites/vendors/Shared Documents/Statement of Work.docx","Statement of Work.docx","jordan.lindqvist@partner3.example.com","Guest"
"2026-07-07T15:52:18Z","44a9d3c5-294a-95f1-8545-4fe56282f837","SharingSet","avery.silva@example.com","SharePoint","https://example.sharepoint.com/sites/northwind/","https://example.sharepoint.com/sites/northwind/Shared Documents/Security Questionnaire.docx","Security Questionnaire.docx","parker.nakamura@partner8.example.com","Guest"
"2026-07-08T07:49:15Z","1f48f9f9-37c7-6e62-e8fc-8580caf6da2f","SharingSet","vale.yilmaz@example.com","SharePoint","https://example.sharepoint.com/sites/launch/","https://example.sharepoint.com/sites/launch/Shared Documents/Migration Plan.docx","Migration Plan.docx","oakley.xiong@partner1.example.com","Guest"
"2026-07-08T09:23:22Z","3068a3c5-00f6-75dd-bf79-34e4e8fc8c5a","SharingSet","avery.lindqvist@example.com","SharePoint","https://example.sharepoint.com/sites/sunfish/","https://example.sharepoint.com/sites/sunfish/Shared Documents/Test Results.xlsx","Test Results.xlsx","blair.delacroix@partner7.example.com","Guest"
"2026-07-08T10:23:21Z","de36a975-4eee-ba21-ebdc-85c8378d8344","SharingSet","blair.ueda@example.com","OneDrive","https://example-my.sharepoint.com/personal/avery_abara_example_com/","https://example-my.sharepoint.com/personal/avery_abara_example_com/Shared Documents/Meeting Notes.docx","Meeting Notes.docx","avery.haddad@partner5.example.com","Guest"
"2026-07-08T11:21:37Z","7dca9646-3a8e-49a9-bfa8-aa6ff290b36f","SharingSet","drew.jovanovic@example.com","OneDrive","https://example-my.sharepoint.com/personal/avery_abara_example_com/","https://example-my.sharepoint.com/personal/avery_abara_example_com/Shared Documents/Rollout Schedule.xlsx","Rollout Schedule.xlsx","parker.takahashi@partner7.example.com","Guest"
"2026-07-08T12:04:48Z","6675cb7a-2cab-c857-5bf1-42cef8c05ed6","SharingSet","harper.yilmaz@example.com","OneDrive","https://example-my.sharepoint.com/personal/avery_abara_example_com/","https://example-my.sharepoint.com/personal/avery_abara_example_com/Shared Documents/Migration Plan.docx","Migration Plan.docx","logan.vasquez@partner9.example.com","Guest"
"2026-07-08T12:49:04Z","43ef8b8e-ed35-de02-8025-82a234e3aa02","AnonymousLinkUsed","urn:spo:anon#567011","SharePoint","https://example.sharepoint.com/sites/sunfish/","https://example.sharepoint.com/sites/sunfish/Shared Documents/Security Questionnaire.docx","Security Questionnaire.docx","",""
"2026-07-08T13:44:55Z","155f823c-5e92-8a91-6dc7-612561530ce7","SharingSet","blair.ueda@example.com","SharePoint","https://example.sharepoint.com/sites/sunfish/","https://example.sharepoint.com/sites/sunfish/Shared Documents/Architecture Review.pptx","Architecture Review.pptx","avery.haddad@partner5.example.com","Guest"
"2026-07-08T14:42:59Z","1933da72-a3d7-764c-561a-6c3208256664","AnonymousLinkUsed","urn:spo:anon#430226","SharePoint","https://example.sharepoint.com/sites/sunfish/","https://example.sharepoint.com/sites/sunfish/Shared Documents/Migration Plan.docx","Migration Plan.docx","",""
"2026-07-08T16:50:08Z","6f49137f-d68a-0510-1078-4e211749d39d","AnonymousLinkUsed","urn:spo:anon#383752","SharePoint","https://example.sharepoint.com/sites/northwind/","https://example.sharepoint.com/sites/northwind/Shared Documents/Rollout Schedule.xlsx","Rollout Schedule.xlsx","",""
"2026-07-08T17:28:40Z","47ab9a9a-332d-4499-71db-46a83f5404b6","SharingSet","tatum.rasmussen@example.com","OneDrive","https://example-my.sharepoint.com/personal/avery_abara_example_com/","https://example-my.sharepoint.com/personal/avery_abara_example_com/Shared Documents/Meeting Notes.docx","Meeting Notes.docx","finley.lindqvist@partner9.example.com","Guest"
"2026-07-08T18:23:52Z","a0813f63-f417-ee60-ebb0-5c9c4e647e94","AnonymousLinkUsed","urn:spo:anon#127228","SharePoint","https://example.sharepoint.com/sites/northwind/","https://example.sharepoint.com/sites/northwind/Shared Documents/Statement of Work.docx","Statement of Work.docx","",""
"2026-07-08T18:48:49Z","64a342ca-96f1-f880-3b6c-67b0873dad7d","SharingInvitationCreated","wren.zawadzki@example.com","OneDrive","https://example-my.sharepoint.com/personal/avery_abara_example_com/","https://example-my.sharepoint.com/personal/avery_abara_example_com/Shared Documents/Statement of Work.docx","Statement of Work.docx","yael.haddad@partner4.example.com","Guest"
"2026-07-08T19:27:07Z","c89ef6fd-7bce-e608-87f9-de7ea37626c6","AnonymousLinkUsed","urn:spo:anon#839273","SharePoint","https://example.sharepoint.com/sites/northwind/","https://example.sharepoint.com/sites/northwind/Shared Documents/Statement of Work.docx","Statement of Work.docx","",""
"2026-07-08T19:34:28Z","490b3cf6-1266-2095-f39e-1e0869653474","SharingSet","indigo.ibarra@example.com","SharePoint","https://example.sharepoint.com/sites/launch/","https://example.sharepoint.com/sites/launch/Shared Documents/Migration Plan.docx","Migration Plan.docx","kai.bergstrom@partner11.example.com","Guest"
"2026-07-08T20:48:49Z","c4aa4a7d-43b4-5111-b03f-c5025014b3d1","SecureLinkCreated","wren.zawadzki@example.com","SharePoint","https://example.sharepoint.com/sites/sunfish/","https://example.sharepoint.com/sites/sunfish/Shared Documents/Meeting Notes.docx","Meeting Notes.docx","yael.haddad@partner4.example.com","Guest"
"2026-07-08T21:48:49Z","90ce64e9-ac6c-9b75-a584-63b9749807a4","AddedToSecureLink","wren.zawadzki@example.com","SharePoint","https://example.sharepoint.com/sites/northwind/","https://example.sharepoint.com/sites/northwind/Shared Documents/Security Questionnaire.docx","Security Questionnaire.docx","yael.haddad@partner4.example.com","Guest"
"2026-07-09T07:55:54Z","f9052cea-3490-7316-d0aa-b3d16672d472","SharingInvitationRevoked","logan.quintero@example.com","SharePoint","https://example.sharepoint.com/sites/northwind/","https://example.sharepoint.com/sites/northwind/Shared Documents/Rollout Schedule.xlsx","Rollout Schedule.xlsx","jordan.lindqvist@partner3.example.com","Guest"
"2026-07-09T08:28:28Z","b3057d62-b578-7610-3e72-87e97c896f66","AnonymousLinkUsed","urn:spo:anon#175709","SharePoint","https://example.sharepoint.com/sites/sunfish/","https://example.sharepoint.com/sites/sunfish/Shared Documents/Architecture Review.pptx","Architecture Review.pptx","",""
"2026-07-09T10:26:48Z","eb7e6c2a-5d90-2a1c-9dd5-2d03bbde1e48","SecureLinkUsed","parker.nakamura@partner8.example.com","OneDrive","https://example-my.sharepoint.com/personal/avery_abara_example_com/","https://example-my.sharepoint.com/personal/avery_abara_example_com/Shared Documents/Rollout Schedule.xlsx","Rollout Schedule.xlsx","parker.nakamura@partner8.example.com","Guest"
"2026-07-09T11:08:27Z","5a47b3f1-de4a-f763-892c-b34404a6b2f5","SharingSet","oakley.moreau@example.com","SharePoint","https://example.sharepoint.com/sites/sunfish/","https://example.sharepoint.com/sites/sunfish/Shared Documents/Test Results.xlsx","Test Results.xlsx","zephyr.bergstrom@partner12.example.com","Guest"
"2026-07-09T16:40:35Z","64971ecd-9b3f-af41-088e-9321deaddc86","SharingSet","wren.gallagher@example.com","SharePoint","https://example.sharepoint.com/sites/sunfish/","https://example.sharepoint.com/sites/sunfish/Shared Documents/Architecture Review.pptx","Architecture Review.pptx","casey.kowalski@partner1.example.com","Guest"
"2026-07-09T16:51:18Z","b0ef3de2-c746-d5d6-eae6-8a2b9e31983c","SharingSet","wren.zawadzki@example.com","SharePoint","https://example.sharepoint.com/sites/northwind/","https://example.sharepoint.com/sites/northwind/Shared Documents/Statement of Work.docx","Statement of Work.docx","yael.haddad@partner4.example.com","Guest"
"2026-07-09T17:07:33Z","b9e3daf7-67f9-002c-63f3-c4ee6d046b2f","AnonymousLinkCreated","tatum.ueda@example.com","SharePoint","https://example.sharepoint.com/sites/sunfish/","https://example.sharepoint.com/sites/sunfish/Shared Documents/Meeting Notes.docx","Meeting Notes.docx","",""
"2026-07-09T19:48:49Z","dee0506d-d3d5-e984-0a5d-96e704f713a4","SharingInvitationAccepted","yael.haddad@partner4.example.com","SharePoint","https://example.sharepoint.com/sites/sunfish/","https://example.sharepoint.com/sites/sunfish/Shared Documents/Statement of Work.docx","Statement of Work.docx","yael.haddad@partner4.example.com","Guest"
"2026-07-09T19:49:58Z","8847339b-7a29-ebb4-7672-e20237021473","SecureLinkUsed","drew.fontaine@partner1.example.com","SharePoint","https://example.sharepoint.com/sites/vendors/","https://example.sharepoint.com/sites/vendors/Shared Documents/Statement of Work.docx","Statement of Work.docx","drew.fontaine@partner1.example.com","Guest"
"2026-07-10T07:54:03Z","54d9a4e2-6669-db7f-3584-099afef9848e","SharingSet","drew.lindqvist@example.com","SharePoint","https://example.sharepoint.com/sites/sunfish/","https://example.sharepoint.com/sites/sunfish/Shared Documents/Statement of Work.docx","Statement of Work.docx","gray.silva@partner4.example.com","Guest"
"2026-07-10T09:37:43Z","d89da82e-540e-d143-93f9-61db36231b07","SharingSet","quinn.eriksen@example.com","OneDrive","https://example-my.sharepoint.com/personal/avery_abara_example_com/","https://example-my.sharepoint.com/personal/avery_abara_example_com/Shared Documents/Migration Plan.docx","Migration Plan.docx","vale.petrov@partner9.example.com","Guest"
"2026-07-10T14:16:19Z","b65c68a0-1e8d-4dfd-fea0-51eb37b18967","SharingSet","avery.lindqvist@example.com","SharePoint","https://example.sharepoint.com/sites/launch/","https://example.sharepoint.com/sites/launch/Shared Documents/Meeting Notes.docx","Meeting Notes.docx","blair.delacroix@partner7.example.com","Guest"
"2026-07-10T15:00:20Z","971e13e4-4ee0-6d2b-22c4-ed335475025b","SharingSet","noor.vasquez@example.com","SharePoint","https://example.sharepoint.com/sites/vendors/","https://example.sharepoint.com/sites/vendors/Shared Documents/Rollout Schedule.xlsx","Rollout Schedule.xlsx","emery.yilmaz@partner4.example.com","Guest"
"2026-07-10T18:07:35Z","ed5108dd-3637-67b8-323f-94c5654fcf55","AnonymousLinkRemoved","oakley.fontaine@example.com","SharePoint","https://example.sharepoint.com/sites/northwind/","https://example.sharepoint.com/sites/northwind/Shared Documents/Migration Plan.docx","Migration Plan.docx","",""
"2026-07-11T08:59:51Z","007327cf-aa43-aebb-2432-6bc94a8589da","AnonymousLinkCreated","blair.zawadzki@example.com","SharePoint","https://example.sharepoint.com/sites/northwind/","https://example.sharepoint.com/sites/northwind/Shared Documents/Security Questionnaire.docx","Security Questionnaire.docx","",""
"2026-07-11T12:24:16Z","05e910eb-92c7-8059-4521-942e78505042","AnonymousLinkUsed","urn:spo:anon#890649","SharePoint","https://example.sharepoint.com/sites/northwind/","https://example.sharepoint.com/sites/northwind/Shared Documents/Rollout Schedule.xlsx","Rollout Schedule.xlsx","",""
"2026-07-11T14:38:23Z","ceab1232-fa11-3135-5171-c9f39640eedf","AnonymousLinkUsed","urn:spo:anon#762071","OneDrive","https://example-my.sharepoint.com/personal/avery_abara_example_com/","https://example-my.sharepoint.com/personal/avery_abara_example_com/Shared Documents/Architecture Review.pptx","Architecture Review.pptx","",""
"2026-07-11T15:03:27Z","028905c1-3ace-e99e-303f-e3f56f395376","AnonymousLinkUsed","urn:spo:anon#425561","OneDrive","https://example-my.sharepoint.com/personal/avery_abara_example_com/","https://example-my.sharepoint.com/personal/avery_abara_example_com/Shared Documents/Pricing Model.xlsx","Pricing Model.xlsx","",""
"2026-07-11T15:28:46Z","7f6c91bc-957b-259f-5fda-4f2494d77570","SharingSet","zephyr.gallagher@example.com","SharePoint","https://example.sharepoint.com/sites/launch/","https://example.sharepoint.com/sites/launch/Shared Documents/Statement of Work.docx","Statement of Work.docx","reese.ibarra@partner7.example.com","Guest"
"2026-07-11T15:48:21Z","f63f9699-fda2-3074-9909-c9a13087e101","AnonymousLinkUsed","urn:spo:anon#793446","SharePoint","https://example.sharepoint.com/sites/launch/","https://example.sharepoint.com/sites/launch/Shared Documents/Test Results.xlsx","Test Results.xlsx","",""
"2026-07-11T16:01:03Z","974fe450-0730-2949-0f17-c5cc8bf3d40d","SharingSet","avery.lindqvist@example.com","SharePoint","https://example.sharepoint.com/sites/northwind/","https://example.sharepoint.com/sites/northwind/Shared Documents/Statement of Work.docx","Statement of Work.docx","blair.delacroix@partner7.example.com","Guest"
"2026-07-11T17:57:46Z","8ff1e3d0-3016-c6ee-08b1-428521094260","AnonymousLinkUsed","urn:spo:anon#544412","SharePoint","https://example.sharepoint.com/sites/launch/","https://example.sharepoint.com/sites/launch/Shared Documents/Meeting Notes.docx","Meeting Notes.docx","",""
"2026-07-11T18:52:22Z","efe7b03c-2c5b-265d-13ba-51c3107e75e5","SharingSet","tatum.rasmussen@example.com","SharePoint","https://example.sharepoint.com/sites/vendors/","https://example.sharepoint.com/sites/vendors/Shared Documents/Statement of Work.docx","Statement of Work.docx","finley.lindqvist@partner9.example.com","Guest"
"2026-07-11T19:02:33Z","c502ab35-e22d-747f-8839-ef26fe61d85c","AnonymousLinkUsed","urn:spo:anon#572685","OneDrive","https://example-my.sharepoint.com/personal/avery_abara_example_com/","https://example-my.sharepoint.com/personal/avery_abara_example_com/Shared Documents/Pricing Model.xlsx","Pricing Model.xlsx","",""
"2026-07-12T08:43:20Z","6aa0be88-a4cc-4347-d695-7d0cf8bb5236","SharingSet","blair.rasmussen@example.com","SharePoint","https://example.sharepoint.com/sites/sunfish/","https://example.sharepoint.com/sites/sunfish/Shared Documents/Architecture Review.pptx","Architecture Review.pptx","yael.bergstrom@partner4.example.com","Guest"
"2026-07-12T09:00:48Z","da956aca-adec-f37a-fd56-0821e4e7f792","AnonymousLinkUsed","urn:spo:anon#863359","SharePoint","https://example.sharepoint.com/sites/launch/","https://example.sharepoint.com/sites/launch/Shared Documents/Security Questionnaire.docx","Security Questionnaire.docx","",""
"2026-07-12T09:05:03Z","b7f51bf1-379b-76bf-ea17-549589858de5","SharingSet","oakley.moreau@example.com","OneDrive","https://example-my.sharepoint.com/personal/avery_abara_example_com/","https://example-my.sharepoint.com/personal/avery_abara_example_com/Shared Documents/Meeting Notes.docx","Meeting Notes.docx","zephyr.bergstrom@partner12.example.com","Guest"
"2026-07-12T11:04:22Z","49670f21-cf10-9c79-b612-2cc6bb265c3c","SharingSet","vale.takahashi@example.com","SharePoint","https://example.sharepoint.com/sites/launch/","https://example.sharepoint.com/sites/launch/Shared Documents/Pricing Model.xlsx","Pricing Model.xlsx","blair.eriksen@partner11.example.com","Guest"
"2026-07-12T13:17:18Z","96b284b6-c1a4-8411-2e4b-d0dd4d6e2442","AnonymousLinkUsed","urn:spo:anon#446227","SharePoint","https://example.sharepoint.com/sites/launch/","https://example.sharepoint.com/sites/launch/Shared Documents/Security Questionnaire.docx","Security Questionnaire.docx","",""
"2026-07-12T14:16:42Z","bc30a1c4-7497-dd58-bcc3-8b354d8a4667","SharingInvitationCreated","avery.lindqvist@example.com","SharePoint","https://example.sharepoint.com/sites/northwind/","https://example.sharepoint.com/sites/northwind/Shared Documents/Architecture Review.pptx","Architecture Review.pptx","blair.delacroix@partner7.example.com","Guest"
"2026-07-12T15:02:57Z","c6cc23d9-7dce-2264-60f6-d1950861edfd","SharingSet","harper.ueda@example.com","SharePoint","https://example.sharepoint.com/sites/northwind/","https://example.sharepoint.com/sites/northwind/Shared Documents/Meeting Notes.docx","Meeting Notes.docx","sage.nakamura@partner5.example.com","Guest"
"2026-07-12T15:23:01Z","cde2ae44-c2d8-5352-3822-3b9f484f9599","SecureLinkUsed","noor.jovanovic@partner2.example.com","SharePoint","https://example.sharepoint.com/sites/vendors/","https://example.sharepoint.com/sites/vendors/Shared Documents/Statement of Work.docx","Statement of Work.docx","noor.jovanovic@partner2.example.com","Guest"
"2026-07-12T15:36:47Z","36a56569-f949-2671-235c-52d3bfedd24b","AnonymousLinkUsed","urn:spo:anon#933061","SharePoint","https://example.sharepoint.com/sites/vendors/","https://example.sharepoint.com/sites/vendors/Shared Documents/Test Results.xlsx","Test Results.xlsx","",""
"2026-07-12T16:16:42Z","d129fe2f-c8f5-f8ea-e0f1-a75c97d3f021","SecureLinkCreated","avery.lindqvist@example.com","SharePoint","https://example.sharepoint.com/sites/northwind/","https://example.sharepoint.com/sites/northwind/Shared Documents/Statement of Work.docx","Statement of Work.docx","blair.delacroix@partner7.example.com","Guest"
"2026-07-12T17:15:32Z","5a3b5630-90bf-8806-3bbb-a8dee7691618","SharingSet","parker.kowalski@example.com","SharePoint","https://example.sharepoint.com/sites/northwind/","https://example.sharepoint.com/sites/northwind/Shared Documents/Security Questionnaire.docx","Security Questionnaire.docx","reese.haddad@partner5.example.com","Guest"
"2026-07-12T17:16:42Z","217c63f8-3f4d-8b55-71b1-02955b7c7872","AddedToSecureLink","avery.lindqvist@example.com","OneDrive","https://example-my.sharepoint.com/personal/avery_abara_example_com/","https://example-my.sharepoint.com/personal/avery_abara_example_com/Shared Documents/Meeting Notes.docx","Meeting Notes.docx","blair.delacroix@partner7.example.com","Guest"
"2026-07-12T18:40:46Z","14da5073-267c-8c16-e4d6-52b337aa2dc4","SharingSet","tatum.rasmussen@example.com","SharePoint","https://example.sharepoint.com/sites/northwind/","https://example.sharepoint.com/sites/northwind/Shared Documents/Security Questionnaire.docx","Security Questionnaire.docx","finley.lindqvist@partner9.example.com","Guest"
"2026-07-12T19:05:24Z","e42a954b-d024-9b87-f383-f40fc266f3b2","SecureLinkUsed","blair.delacroix@partner7.example.com","SharePoint","https://example.sharepoint.com/sites/vendors/","https://example.sharepoint.com/sites/vendors/Shared Documents/Test Results.xlsx","Test Results.xlsx","blair.delacroix@partner7.example.com","Guest"
"2026-07-13T07:12:05Z","bc757c5b-ff9e-1166-2005-98f8788f6331","AnonymousLinkCreated","yael.eriksen@example.com","SharePoint","https://example.sharepoint.com/sites/sunfish/","https://example.sharepoint.com/sites/sunfish/Shared Documents/Architecture Review.pptx","Architecture Review.pptx","",""
"2026-07-13T07:43:22Z","d8ab4b29-56d1-b4c4-a8da-4497dd32338e","SharingSet","yael.kowalski@example.com","SharePoint","https://example.sharepoint.com/sites/northwind/","https://example.sharepoint.com/sites/northwind/Shared Documents/Migration Plan.docx","Migration Plan.docx","harper.rasmussen@partner3.example.com","Guest"
"2026-07-13T09:32:23Z","9d318349-47d8-9d5b-a681-4cbaa1eff228","SecureLinkUsed","umi.xiong@partner12.example.com","SharePoint","https://example.sharepoint.com/sites/launch/","https://example.sharepoint.com/sites/launch/Shared Documents/Meeting Notes.docx","Meeting Notes.docx","umi.xiong@partner12.example.com","Guest"
"2026-07-13T10:27:27Z","d50fe1d6-faf2-a35a-954b-1a3407b41e7f","AnonymousLinkUsed","urn:spo:anon#696394","SharePoint","https://example.sharepoint.com/sites/northwind/","https://example.sharepoint.com/sites/northwind/Shared Documents/Pricing Model.xlsx","Pricing Model.xlsx","",""
"2026-07-13T10:33:08Z","fbe2cbce-530c-7ea3-da20-a8830406651d","SharingSet","vale.yilmaz@example.com","SharePoint","https://example.sharepoint.com/sites/northwind/","https://example.sharepoint.com/sites/northwind/Shared Documents/Pricing Model.xlsx","Pricing Model.xlsx","oakley.xiong@partner1.example.com","Guest"
"2026-07-13T10:55:04Z","40f8246c-f147-70b6-1983-92dedaba739e","AnonymousLinkUsed","urn:spo:anon#256508","SharePoint","https://example.sharepoint.com/sites/vendors/","https://example.sharepoint.com/sites/vendors/Shared Documents/Rollout Schedule.xlsx","Rollout Schedule.xlsx","",""
"2026-07-13T12:59:06Z","d0b60793-376d-8a28-8c31-d5cc9f950399","AnonymousLinkCreated","harper.rasmussen@example.com","SharePoint","https://example.sharepoint.com/sites/launch/","https://example.sharepoint.com/sites/launch/Shared Documents/Security Questionnaire.docx","Security Questionnaire.docx","",""
"2026-07-13T14:15:21Z","ba03af3f-28fb-5016-81c5-d9fe80a58fa4","AnonymousLinkUsed","urn:spo:anon#801777","SharePoint","https://example.sharepoint.com/sites/northwind/","https://example.sharepoint.com/sites/northwind/Shared Documents/Architecture Review.pptx","Architecture Review.pptx","",""
"2026-07-13T15:12:34Z","32c5ec83-e1da-d8b2-3c08-aaeb290e97d6","SharingInvitationCreated","noor.petrov@example.com","SharePoint","https://example.sharepoint.com/sites/vendors/","https://example.sharepoint.com/sites/vendors/Shared Documents/Migration Plan.docx","Migration Plan.docx","kai.ibarra@partner2.example.com","Guest"
"2026-07-13T17:12:34Z","5fb17394-e81d-9b97-0893-4ed9a18a11f2","SecureLinkCreated","noor.petrov@example.com","SharePoint","https://example.sharepoint.com/sites/sunfish/","https://example.sharepoint.com/sites/sunfish/Shared Documents/Pricing Model.xlsx","Pricing Model.xlsx","kai.ibarra@partner2.example.com","Guest"
"2026-07-13T17:22:28Z","b25ab5a7-1201-81e4-e8a7-61e39b78685d","SecureLinkUsed","finley.chaudhry@partner10.example.com","SharePoint","https://example.sharepoint.com/sites/sunfish/","https://example.sharepoint.com/sites/sunfish/Shared Documents/Pricing Model.xlsx","Pricing Model.xlsx","finley.chaudhry@partner10.example.com","Guest"
"2026-07-13T17:25:11Z","21c82e41-c15a-003a-3ff4-51e669f7e73f","AnonymousLinkUsed","urn:spo:anon#368529","SharePoint","https://example.sharepoint.com/sites/northwind/","https://example.sharepoint.com/sites/northwind/Shared Documents/Security Questionnaire.docx","Security Questionnaire.docx","",""
"2026-07-13T18:08:18Z","c2db27ab-f76b-5b6d-9011-88da9b6dae72","SharingSet","logan.quintero@example.com","SharePoint","https://example.sharepoint.com/sites/launch/","https://example.sharepoint.com/sites/launch/Shared Documents/Architecture Review.pptx","Architecture Review.pptx","indigo.rasmussen@partner10.example.com","Guest"
"2026-07-13T18:12:34Z","292936ae-dbe9-ebe3-ff3c-883fb14015d1","AddedToSecureLink","noor.petrov@example.com","SharePoint","https://example.sharepoint.com/sites/vendors/","https://example.sharepoint.com/sites/vendors/Shared Documents/Rollout Schedule.xlsx","Rollout Schedule.xlsx","kai.ibarra@partner2.example.com","Guest"
"2026-07-13T18:17:14Z","aae71a1e-1b41-dcf4-d93b-593a514f3b34","SharingSet","drew.petrov@example.com","SharePoint","https://example.sharepoint.com/sites/vendors/","https://example.sharepoint.com/sites/vendors/Shared Documents/Security Questionnaire.docx","Security Questionnaire.docx","jordan.eriksen@partner7.example.com","Guest"
"2026-07-13T23:12:34Z","b5d529d2-089c-05f1-cfed-3dcb22ab78cd","SharingInvitationAccepted","kai.ibarra@partner2.example.com","SharePoint","https://example.sharepoint.com/sites/launch/","https://example.sharepoint.com/sites/launch/Shared Documents/Migration Plan.docx","Migration Plan.docx","kai.ibarra@partner2.example.com","Guest"
"2026-07-14T02:16:42Z","3ecccdd4-9bb3-344a-0352-4b1189a0f10d","SharingInvitationAccepted","blair.delacroix@partner7.example.com","SharePoint","https://example.sharepoint.com/sites/vendors/","https://example.sharepoint.com/sites/vendors/Shared Documents/Security Questionnaire.docx","Security Questionnaire.docx","blair.delacroix@partner7.example.com","Guest"
"2026-07-14T08:45:36Z","70d4110b-eb6a-d01a-777a-1eead1387d9f","SharingSet","sage.quintero@example.com","SharePoint","https://example.sharepoint.com/sites/vendors/","https://example.sharepoint.com/sites/vendors/Shared Documents/Rollout Schedule.xlsx","Rollout Schedule.xlsx","umi.ibarra@partner10.example.com","Guest"
"2026-07-14T09:14:34Z","3db6e79e-3125-2ab0-4481-b0e5fd158103","AnonymousLinkUsed","urn:spo:anon#632243","SharePoint","https://example.sharepoint.com/sites/sunfish/","https://example.sharepoint.com/sites/sunfish/Shared Documents/Security Questionnaire.docx","Security Questionnaire.docx","",""
"2026-07-14T10:31:54Z","ddb6ffcf-789b-3491-a35c-5c9f24e71c06","SharingInvitationCreated","vale.yilmaz@example.com","SharePoint","https://example.sharepoint.com/sites/vendors/","https://example.sharepoint.com/sites/vendors/Shared Documents/Test Results.xlsx","Test Results.xlsx","oakley.xiong@partner1.example.com","Guest"
"2026-07-14T11:32:54Z","57e44988-c3f5-d85f-723d-6330352a7fd1","AnonymousLinkUsed","urn:spo:anon#297289","SharePoint","https://example.sharepoint.com/sites/vendors/","https://example.sharepoint.com/sites/vendors/Shared Documents/Migration Plan.docx","Migration Plan.docx","",""
"2026-07-14T11:33:10Z","a54240a2-fdd4-0ad2-5ad3-8e3cbe7eb887","SharingSet","tatum.ibarra@example.com","SharePoint","https://example.sharepoint.com/sites/sunfish/","https://example.sharepoint.com/sites/sunfish/Shared Documents/Meeting Notes.docx","Meeting Notes.docx","logan.fontaine@partner11.example.com","Guest"
"2026-07-14T11:47:55Z","e4a20853-f56e-e58c-ae30-6b6dd8244790","AnonymousLinkUsed","urn:spo:anon#556992","SharePoint","https://example.sharepoint.com/sites/launch/","https://example.sharepoint.com/sites/launch/Shared Documents/Architecture Review.pptx","Architecture Review.pptx","",""
"2026-07-14T12:31:54Z","b1278801-1fe4-11cf-37df-38e52cfc89ac","SecureLinkCreated","vale.yilmaz@example.com","SharePoint","https://example.sharepoint.com/sites/northwind/","https://example.sharepoint.com/sites/northwind/Shared Documents/Pricing Model.xlsx","Pricing Model.xlsx","oakley.xiong@partner1.example.com","Guest"
"2026-07-14T13:23:33Z","a988db2b-a011-1c7e-d707-ac9f0455f9a3","AnonymousLinkUsed","urn:spo:anon#356806","SharePoint","https://example.sharepoint.com/sites/vendors/","https://example.sharepoint.com/sites/vendors/Shared Documents/Security Questionnaire.docx","Security Questionnaire.docx","",""
"2026-07-14T13:31:54Z","b6e461e1-8d0b-56f3-6806-a97f4e9d73bc","AddedToSecureLink","vale.yilmaz@example.com","SharePoint","https://example.sharepoint.com/sites/sunfish/","https://example.sharepoint.com/sites/sunfish/Shared Documents/Pricing Model.xlsx","Pricing Model.xlsx","oakley.xiong@partner1.example.com","Guest"
"2026-07-14T14:01:50Z","13ea3c95-e127-f8da-06a1-0d946c578d9b","SharingSet","parker.takahashi@example.com","SharePoint","https://example.sharepoint.com/sites/northwind/","https://example.sharepoint.com/sites/northwind/Shared Documents/Meeting Notes.docx","Meeting Notes.docx","yael.fontaine@partner3.example.com","Guest"
"2026-07-14T15:43:29Z","2cba8048-6c61-fbcf-e118-ab9543a2ba8f","AnonymousLinkCreated","yael.yilmaz@example.com","SharePoint","https://example.sharepoint.com/sites/vendors/","https://example.sharepoint.com/sites/vendors/Shared Documents/Architecture Review.pptx","Architecture Review.pptx","",""
"2026-07-14T16:14:05Z","7a181f86-a7ac-4d01-1514-754ca7c2e92d","SharingSet","parker.takahashi@example.com","SharePoint","https://example.sharepoint.com/sites/launch/","https://example.sharepoint.com/sites/launch/Shared Documents/Rollout Schedule.xlsx","Rollout Schedule.xlsx","yael.fontaine@partner3.example.com","Guest"
"2026-07-14T16:25:18Z","25619ad2-699e-1d1d-d065-425720d73124","AnonymousLinkUsed","urn:spo:anon#439748","SharePoint","https://example.sharepoint.com/sites/northwind/","https://example.sharepoint.com/sites/northwind/Shared Documents/Statement of Work.docx","Statement of Work.docx","",""
"2026-07-14T17:07:36Z","0b43b02d-6520-6138-1787-71a6d69410e2","SharingSet","vale.yilmaz@example.com","SharePoint","https://example.sharepoint.com/sites/vendors/","https://example.sharepoint.com/sites/vendors/Shared Documents/Architecture Review.pptx","Architecture Review.pptx","oakley.xiong@partner1.example.com","Guest"
"2026-07-14T18:33:33Z","95b0e216-ef74-e498-784b-e36eeec44b59","SharingSet","logan.okonkwo@example.com","SharePoint","https://example.sharepoint.com/sites/sunfish/","https://example.sharepoint.com/sites/sunfish/Shared Documents/Security Questionnaire.docx","Security Questionnaire.docx","drew.eriksen@partner12.example.com","Guest"
"2026-07-14T18:37:54Z","ecade248-e400-abec-5137-3e18e92370cf","SharingSet","wren.zawadzki@example.com","SharePoint","https://example.sharepoint.com/sites/launch/","https://example.sharepoint.com/sites/launch/Shared Documents/Migration Plan.docx","Migration Plan.docx","casey.okonkwo@partner8.example.com","Guest"
"2026-07-15T07:14:47Z","58aac63f-c032-1760-788d-bdd52076025e","SharingSet","blair.rasmussen2@example.com","OneDrive","https://example-my.sharepoint.com/personal/avery_abara_example_com/","https://example-my.sharepoint.com/personal/avery_abara_example_com/Shared Documents/Test Results.xlsx","Test Results.xlsx","umi.xiong@partner12.example.com","Guest"
"2026-07-15T08:31:37Z","b4180342-3b21-544d-991b-54f836245f47","AnonymousLinkCreated","vale.takahashi@example.com","SharePoint","https://example.sharepoint.com/sites/northwind/","https://example.sharepoint.com/sites/northwind/Shared Documents/Test Results.xlsx","Test Results.xlsx","",""
"2026-07-15T08:53:39Z","5eca3217-a169-80f4-97c8-08e174f918af","SharingSet","quinn.quintero@example.com","SharePoint","https://example.sharepoint.com/sites/sunfish/","https://example.sharepoint.com/sites/sunfish/Shared Documents/Pricing Model.xlsx","Pricing Model.xlsx","drew.lindqvist@partner2.example.com","Guest"
"2026-07-15T08:56:05Z","b569e438-36eb-839f-a48b-d2fe558dcc2e","AnonymousLinkRemoved","quinn.kowalski@example.com","SharePoint","https://example.sharepoint.com/sites/launch/","https://example.sharepoint.com/sites/launch/Shared Documents/Statement of Work.docx","Statement of Work.docx","",""
"2026-07-15T10:19:45Z","e89b0bfd-7934-049c-698e-e605985c2c22","SharingSet","wren.zawadzki@example.com","SharePoint","https://example.sharepoint.com/sites/vendors/","https://example.sharepoint.com/sites/vendors/Shared Documents/Rollout Schedule.xlsx","Rollout Schedule.xlsx","casey.okonkwo@partner8.example.com","Guest"
"2026-07-15T11:18:34Z","f01015b8-b87b-50cc-b547-cb24dba1f5a5","AnonymousLinkUsed","urn:spo:anon#764046","SharePoint","https://example.sharepoint.com/sites/northwind/","https://example.sharepoint.com/sites/northwind/Shared Documents/Pricing Model.xlsx","Pricing Model.xlsx","",""
"2026-07-15T14:29:51Z","7ac8d84c-9e62-c6d7-ee76-86b643d410e1","AnonymousLinkUsed","urn:spo:anon#404871","SharePoint","https://example.sharepoint.com/sites/sunfish/","https://example.sharepoint.com/sites/sunfish/Shared Documents/Architecture Review.pptx","Architecture Review.pptx","",""
"2026-07-15T16:30:15Z","57319958-a6f1-18c1-112b-0d7d08db31c4","SharingInvitationCreated","oakley.moreau@example.com","SharePoint","https://example.sharepoint.com/sites/vendors/","https://example.sharepoint.com/sites/vendors/Shared Documents/Rollout Schedule.xlsx","Rollout Schedule.xlsx","zephyr.bergstrom@partner12.example.com","Guest"
"2026-07-15T17:14:45Z","fd39f55d-09e3-75f8-02ed-222c86b563d8","SecureLinkUsed","blair.kowalski@partner6.example.com","SharePoint","https://example.sharepoint.com/sites/launch/","https://example.sharepoint.com/sites/launch/Shared Documents/Test Results.xlsx","Test Results.xlsx","blair.kowalski@partner6.example.com","Guest"
"2026-07-15T17:18:30Z","31127b75-49ed-57f1-c7b4-a0e7e2780acc","SharingSet","wren.gallagher@example.com","OneDrive","https://example-my.sharepoint.com/personal/avery_abara_example_com/","https://example-my.sharepoint.com/personal/avery_abara_example_com/Shared Documents/Rollout Schedule.xlsx","Rollout Schedule.xlsx","casey.kowalski@partner1.example.com","Guest"
"2026-07-15T17:54:28Z","ec868f1f-1444-dbc8-2035-a5b1cc36c501","SharingSet","emery.whitfield@example.com","SharePoint","https://example.sharepoint.com/sites/northwind/","https://example.sharepoint.com/sites/northwind/Shared Documents/Test Results.xlsx","Test Results.xlsx","reese.rasmussen@partner5.example.com","Guest"
"2026-07-15T18:30:15Z","7d1c6db5-8acf-35b3-bb8b-4fb29f1ff44a","SecureLinkCreated","oakley.moreau@example.com","SharePoint","https://example.sharepoint.com/sites/northwind/","https://example.sharepoint.com/sites/northwind/Shared Documents/Meeting Notes.docx","Meeting Notes.docx","zephyr.bergstrom@partner12.example.com","Guest"
"2026-07-15T18:41:30Z","084128c4-c766-3370-ece2-5a51a148943e","AnonymousLinkUsed","urn:spo:anon#620265","SharePoint","https://example.sharepoint.com/sites/launch/","https://example.sharepoint.com/sites/launch/Shared Documents/Pricing Model.xlsx","Pricing Model.xlsx","",""
"2026-07-15T19:30:11Z","a5c5ba81-870d-4943-1550-5d353e4c5543","SharingSet","oakley.xiong@example.com","SharePoint","https://example.sharepoint.com/sites/vendors/","https://example.sharepoint.com/sites/vendors/Shared Documents/Meeting Notes.docx","Meeting Notes.docx","harper.gallagher@partner7.example.com","Guest"
"2026-07-15T19:30:15Z","d239be7e-f8de-512b-dabe-87a3b5b53393","AddedToSecureLink","oakley.moreau@example.com","SharePoint","https://example.sharepoint.com/sites/sunfish/","https://example.sharepoint.com/sites/sunfish/Shared Documents/Security Questionnaire.docx","Security Questionnaire.docx","zephyr.bergstrom@partner12.example.com","Guest"
"2026-07-15T19:50:01Z","cff25f1a-5efa-8b8e-979d-e229e2216dc4","SharingSet","tatum.rasmussen@example.com","OneDrive","https://example-my.sharepoint.com/personal/avery_abara_example_com/","https://example-my.sharepoint.com/personal/avery_abara_example_com/Shared Documents/Security Questionnaire.docx","Security Questionnaire.docx","finley.lindqvist@partner9.example.com","Guest"
"2026-07-16T08:53:06Z","cf89f1aa-e8d4-7518-1b96-eaa662ab6cb5","SharingSet","drew.lindqvist@example.com","SharePoint","https://example.sharepoint.com/sites/northwind/","https://example.sharepoint.com/sites/northwind/Shared Documents/Rollout Schedule.xlsx","Rollout Schedule.xlsx","gray.silva@partner4.example.com","Guest"
"2026-07-16T09:07:39Z","64aed38a-684f-e00c-38d5-ea31d588785d","SharingSet","xan.quintero@example.com","SharePoint","https://example.sharepoint.com/sites/northwind/","https://example.sharepoint.com/sites/northwind/Shared Documents/Test Results.xlsx","Test Results.xlsx","finley.petrov@partner8.example.com","Guest"
"2026-07-16T09:28:58Z","887a2292-7e72-c1e9-8d10-d7624d8da5b4","AnonymousLinkUsed","urn:spo:anon#276567","OneDrive","https://example-my.sharepoint.com/personal/avery_abara_example_com/","https://example-my.sharepoint.com/personal/avery_abara_example_com/Shared Documents/Meeting Notes.docx","Meeting Notes.docx","",""
"2026-07-16T09:37:21Z","910f89d5-d775-b43f-53a0-702871f9e7e3","AnonymousLinkUsed","urn:spo:anon#489945","SharePoint","https://example.sharepoint.com/sites/northwind/","https://example.sharepoint.com/sites/northwind/Shared Documents/Meeting Notes.docx","Meeting Notes.docx","",""
"2026-07-16T10:36:10Z","b56fca9f-5324-34b0-2a72-09ff8f8a95ca","AnonymousLinkUsed","urn:spo:anon#648656","SharePoint","https://example.sharepoint.com/sites/sunfish/","https://example.sharepoint.com/sites/sunfish/Shared Documents/Security Questionnaire.docx","Security Questionnaire.docx","",""
"2026-07-16T10:53:17Z","eb16b24c-0de5-e74e-9d0b-98bd6e6e17a6","SecureLinkUsed","casey.kowalski@partner1.example.com","OneDrive","https://example-my.sharepoint.com/personal/avery_abara_example_com/","https://example-my.sharepoint.com/personal/avery_abara_example_com/Shared Documents/Architecture Review.pptx","Architecture Review.pptx","casey.kowalski@partner1.example.com","Guest"
"2026-07-16T11:36:13Z","db2253d3-a9cc-c51a-ef3b-149beb931baf","AnonymousLinkCreated","tatum.gallagher@example.com","SharePoint","https://example.sharepoint.com/sites/vendors/","https://example.sharepoint.com/sites/vendors/Shared Documents/Rollout Schedule.xlsx","Rollout Schedule.xlsx","",""
"2026-07-16T14:08:51Z","392cecb3-8ae9-add4-1d95-06bce55feb9e","AnonymousLinkCreated","drew.petrov@example.com","SharePoint","https://example.sharepoint.com/sites/vendors/","https://example.sharepoint.com/sites/vendors/Shared Documents/Security Questionnaire.docx","Security Questionnaire.docx","",""
"2026-07-16T15:31:54Z","9eed2457-26d1-eb8f-9dde-3b55b320d649","SharingInvitationAccepted","oakley.xiong@partner1.example.com","SharePoint","https://example.sharepoint.com/sites/northwind/","https://example.sharepoint.com/sites/northwind/Shared Documents/Meeting Notes.docx","Meeting Notes.docx","oakley.xiong@partner1.example.com","Guest"
"2026-07-16T15:40:31Z","ec8d426b-5a3b-46d0-940c-c8d5d8693bd2","AnonymousLinkUsed","urn:spo:anon#698936","SharePoint","https://example.sharepoint.com/sites/northwind/","https://example.sharepoint.com/sites/northwind/Shared Documents/Test Results.xlsx","Test Results.xlsx","",""
"2026-07-16T17:17:04Z","5a88fc22-cf8d-1d97-9e9b-318ae921d046","SecureLinkUsed","avery.haddad@partner5.example.com","SharePoint","https://example.sharepoint.com/sites/vendors/","https://example.sharepoint.com/sites/vendors/Shared Documents/Meeting Notes.docx","Meeting Notes.docx","avery.haddad@partner5.example.com","Guest"
"2026-07-16T18:33:22Z","f17a14e1-5a6a-0a79-12bb-dc2fe8009682","SharingSet","logan.quintero@example.com","SharePoint","https://example.sharepoint.com/sites/launch/","https://example.sharepoint.com/sites/launch/Shared Documents/Rollout Schedule.xlsx","Rollout Schedule.xlsx","jordan.lindqvist@partner3.example.com","Guest"
"2026-07-17T03:30:15Z","dad921fa-85f7-ad12-96c6-376d86da5326","SharingInvitationAccepted","zephyr.bergstrom@partner12.example.com","SharePoint","https://example.sharepoint.com/sites/sunfish/","https://example.sharepoint.com/sites/sunfish/Shared Documents/Test Results.xlsx","Test Results.xlsx","zephyr.bergstrom@partner12.example.com","Guest"
"2026-07-17T08:25:01Z","f64e48a0-0a7b-0558-5711-8fba8c1d2f12","AnonymousLinkUsed","urn:spo:anon#468457","SharePoint","https://example.sharepoint.com/sites/sunfish/","https://example.sharepoint.com/sites/sunfish/Shared Documents/Meeting Notes.docx","Meeting Notes.docx","",""
"2026-07-17T08:29:06Z","79265bd9-c365-a5f2-e9f5-f98e77401055","AnonymousLinkUsed","urn:spo:anon#408018","SharePoint","https://example.sharepoint.com/sites/launch/","https://example.sharepoint.com/sites/launch/Shared Documents/Statement of Work.docx","Statement of Work.docx","",""
"2026-07-17T08:41:45Z","9b85cbe8-b8f2-ce4b-1cf9-a5bdf9ee14dc","AnonymousLinkCreated","vale.takahashi@example.com","SharePoint","https://example.sharepoint.com/sites/sunfish/","https://example.sharepoint.com/sites/sunfish/Shared Documents/Meeting Notes.docx","Meeting Notes.docx","",""
"2026-07-17T09:55:20Z","d3d87954-d65e-1459-6a5e-eaa874b590e2","SharingSet","avery.lindqvist@example.com","OneDrive","https://example-my.sharepoint.com/personal/avery_abara_example_com/","https://example-my.sharepoint.com/personal/avery_abara_example_com/Shared Documents/Rollout Schedule.xlsx","Rollout Schedule.xlsx","blair.delacroix@partner7.example.com","Guest"
"2026-07-17T13:25:48Z","1d86640f-67cb-d34b-b14c-437dba3038db","SharingSet","oakley.xiong@example.com","SharePoint","https://example.sharepoint.com/sites/northwind/","https://example.sharepoint.com/sites/northwind/Shared Documents/Rollout Schedule.xlsx","Rollout Schedule.xlsx","harper.gallagher@partner7.example.com","Guest"
"2026-07-17T16:23:56Z","f08a96d9-6caa-0742-90c5-95fc5ae86735","AnonymousLinkRemoved","yael.yilmaz@example.com","SharePoint","https://example.sharepoint.com/sites/launch/","https://example.sharepoint.com/sites/launch/Shared Documents/Rollout Schedule.xlsx","Rollout Schedule.xlsx","",""
"2026-07-17T16:24:20Z","b1adb0d8-effd-f7c5-a027-012202950995","AnonymousLinkUsed","urn:spo:anon#379091","SharePoint","https://example.sharepoint.com/sites/sunfish/","https://example.sharepoint.com/sites/sunfish/Shared Documents/Migration Plan.docx","Migration Plan.docx","",""
"2026-07-17T16:50:00Z","714d1878-e1ed-0e18-2cba-46a9b986591a","SecureLinkUsed","reese.moreau@partner6.example.com","SharePoint","https://example.sharepoint.com/sites/sunfish/","https://example.sharepoint.com/sites/sunfish/Shared Documents/Test Results.xlsx","Test Results.xlsx","reese.moreau@partner6.example.com","Guest"
"2026-07-17T18:11:45Z","c87c932c-dba0-f573-371b-0247462de83f","AnonymousLinkUsed","urn:spo:anon#258542","SharePoint","https://example.sharepoint.com/sites/northwind/","https://example.sharepoint.com/sites/northwind/Shared Documents/Pricing Model.xlsx","Pricing Model.xlsx","",""
"2026-07-17T18:33:19Z","db4cedc4-0e5a-3ae9-39f0-3e49d1746438","SharingInvitationCreated","vale.takahashi@example.com","OneDrive","https://example-my.sharepoint.com/personal/avery_abara_example_com/","https://example-my.sharepoint.com/personal/avery_abara_example_com/Shared Documents/Meeting Notes.docx","Meeting Notes.docx","blair.eriksen@partner11.example.com","Guest"
"2026-07-17T19:29:14Z","5e87cac2-27e4-7918-3be2-5ba73ff7e28e","SecureLinkUsed","zephyr.bergstrom@partner12.example.com","OneDrive","https://example-my.sharepoint.com/personal/avery_abara_example_com/","https://example-my.sharepoint.com/personal/avery_abara_example_com/Shared Documents/Test Results.xlsx","Test Results.xlsx","zephyr.bergstrom@partner12.example.com","Guest"
"2026-07-17T20:33:19Z","24a13dc8-4805-9196-a59d-b0d267959b72","SecureLinkCreated","vale.takahashi@example.com","SharePoint","https://example.sharepoint.com/sites/sunfish/","https://example.sharepoint.com/sites/sunfish/Shared Documents/Statement of Work.docx","Statement of Work.docx","blair.eriksen@partner11.example.com","Guest"
"2026-07-17T21:33:19Z","a461ae19-f66d-06a1-11b1-89fdd8456dac","AddedToSecureLink","vale.takahashi@example.com","OneDrive","https://example-my.sharepoint.com/personal/avery_abara_example_com/","https://example-my.sharepoint.com/personal/avery_abara_example_com/Shared Documents/Architecture Review.pptx","Architecture Review.pptx","blair.eriksen@partner11.example.com","Guest"
"2026-07-18T07:42:39Z","0f750c35-30b5-c730-2c60-7542107cd20e","AnonymousLinkRemoved","tatum.gallagher@example.com","SharePoint","https://example.sharepoint.com/sites/launch/","https://example.sharepoint.com/sites/launch/Shared Documents/Pricing Model.xlsx","Pricing Model.xlsx","",""
"2026-07-18T09:10:45Z","ae66c180-e0dc-3992-3fb6-81a2e4e4c79c","AnonymousLinkUsed","urn:spo:anon#157333","SharePoint","https://example.sharepoint.com/sites/northwind/","https://example.sharepoint.com/sites/northwind/Shared Documents/Rollout Schedule.xlsx","Rollout Schedule.xlsx","",""
"2026-07-18T10:32:00Z","c30de2c9-3bd0-7ef4-737e-c118282a8c24","SecureLinkUsed","kai.ibarra@partner2.example.com","SharePoint","https://example.sharepoint.com/sites/northwind/","https://example.sharepoint.com/sites/northwind/Shared Documents/Security Questionnaire.docx","Security Questionnaire.docx","kai.ibarra@partner2.example.com","Guest"
"2026-07-18T12:46:42Z","719b91b8-b96f-06b0-66e4-139225c75bda","SecureLinkUsed","oakley.xiong@partner1.example.com","OneDrive","https://example-my.sharepoint.com/personal/avery_abara_example_com/","https://example-my.sharepoint.com/personal/avery_abara_example_com/Shared Documents/Meeting Notes.docx","Meeting Notes.docx","oakley.xiong@partner1.example.com","Guest"
"2026-07-18T14:33:54Z","4270b437-2efe-16da-227e-7f74ec7fdf2a","AnonymousLinkUsed","urn:spo:anon#210773","SharePoint","https://example.sharepoint.com/sites/sunfish/","https://example.sharepoint.com/sites/sunfish/Shared Documents/Statement of Work.docx","Statement of Work.docx","",""
"2026-07-18T17:03:16Z","9516945e-6b98-98f0-4181-c0b21b29a795","SharingSet","drew.petrov@example.com","SharePoint","https://example.sharepoint.com/sites/vendors/","https://example.sharepoint.com/sites/vendors/Shared Documents/Pricing Model.xlsx","Pricing Model.xlsx","jordan.eriksen@partner7.example.com","Guest"
"2026-07-18T17:38:25Z","754b1fb5-cb5b-b5d3-e792-241b296c49e1","SharingSet","blair.ueda@example.com","SharePoint","https://example.sharepoint.com/sites/launch/","https://example.sharepoint.com/sites/launch/Shared Documents/Statement of Work.docx","Statement of Work.docx","avery.haddad@partner5.example.com","Guest"
"2026-07-18T19:23:42Z","73206322-867f-96c5-7bd3-ee0398d1ea35","SharingSet","xan.quintero@example.com","OneDrive","https://example-my.sharepoint.com/personal/avery_abara_example_com/","https://example-my.sharepoint.com/personal/avery_abara_example_com/Shared Documents/Test Results.xlsx","Test Results.xlsx","finley.petrov@partner8.example.com","Guest"
"2026-07-18T19:29:56Z","cd99c44b-454e-b566-7314-c6511cd2770a","SharingSet","vale.kowalski@example.com","OneDrive","https://example-my.sharepoint.com/personal/avery_abara_example_com/","https://example-my.sharepoint.com/personal/avery_abara_example_com/Shared Documents/Statement of Work.docx","Statement of Work.docx","noor.jovanovic@partner2.example.com","Guest"
"2026-07-18T19:43:13Z","cdb29dc2-2638-50e0-fee1-e1cd3a8eeba3","AnonymousLinkUsed","urn:spo:anon#334548","SharePoint","https://example.sharepoint.com/sites/sunfish/","https://example.sharepoint.com/sites/sunfish/Shared Documents/Test Results.xlsx","Test Results.xlsx","",""
"2026-07-18T21:33:19Z","3eaad2a8-37eb-17ed-4833-273fb54bf92f","SharingInvitationAccepted","blair.eriksen@partner11.example.com","SharePoint","https://example.sharepoint.com/sites/launch/","https://example.sharepoint.com/sites/launch/Shared Documents/Rollout Schedule.xlsx","Rollout Schedule.xlsx","blair.eriksen@partner11.example.com","Guest"
"2026-07-19T07:42:14Z","9932d358-ac15-bb34-f0b4-dcf02951b5b9","AnonymousLinkUsed","urn:spo:anon#817780","SharePoint","https://example.sharepoint.com/sites/sunfish/","https://example.sharepoint.com/sites/sunfish/Shared Documents/Statement of Work.docx","Statement of Work.docx","",""
"2026-07-19T09:24:28Z","d9c23304-7b39-1bea-cdf5-44eaa4c59a46","SharingSet","parker.takahashi@example.com","OneDrive","https://example-my.sharepoint.com/personal/avery_abara_example_com/","https://example-my.sharepoint.com/personal/avery_abara_example_com/Shared Documents/Security Questionnaire.docx","Security Questionnaire.docx","yael.fontaine@partner3.example.com","Guest"
"2026-07-19T10:18:32Z","8eaec8cc-2b3f-6117-41f6-53f7d0420662","SharingSet","tatum.ibarra@example.com","OneDrive","https://example-my.sharepoint.com/personal/avery_abara_example_com/","https://example-my.sharepoint.com/personal/avery_abara_example_com/Shared Documents/Test Results.xlsx","Test Results.xlsx","logan.fontaine@partner11.example.com","Guest"
"2026-07-19T11:19:26Z","982657e1-cd0e-905f-5d4a-ddcd6d5f7145","AnonymousLinkUsed","urn:spo:anon#658606","SharePoint","https://example.sharepoint.com/sites/vendors/","https://example.sharepoint.com/sites/vendors/Shared Documents/Security Questionnaire.docx","Security Questionnaire.docx","",""
"2026-07-19T16:01:15Z","cef451d0-7249-d3dc-cd3a-d78507e50282","AnonymousLinkCreated","noor.bergstrom@example.com","SharePoint","https://example.sharepoint.com/sites/northwind/","https://example.sharepoint.com/sites/northwind/Shared Documents/Migration Plan.docx","Migration Plan.docx","",""
"2026-07-19T18:24:43Z","b1192094-90b0-fc5c-862a-282e9ec2a38f","SharingInvitationCreated","harper.quintero@example.com","SharePoint","https://example.sharepoint.com/sites/northwind/","https://example.sharepoint.com/sites/northwind/Shared Documents/Rollout Schedule.xlsx","Rollout Schedule.xlsx","finley.haddad@partner5.example.com","Guest"
"2026-07-19T18:40:48Z","bf43feab-84a3-7aba-e080-e855e3c460c9","AnonymousLinkUsed","urn:spo:anon#421997","SharePoint","https://example.sharepoint.com/sites/northwind/","https://example.sharepoint.com/sites/northwind/Shared Documents/Rollout Schedule.xlsx","Rollout Schedule.xlsx","",""
"2026-07-19T18:59:44Z","c8d16659-22c4-83fd-6106-af976210665f","SecureLinkUsed","logan.xiong@partner11.example.com","SharePoint","https://example.sharepoint.com/sites/sunfish/","https://example.sharepoint.com/sites/sunfish/Shared Documents/Security Questionnaire.docx","Security Questionnaire.docx","logan.xiong@partner11.example.com","Guest"
"2026-07-19T19:03:39Z","d4b0d643-2b58-3734-5fa9-7a0c31e1dac8","AnonymousLinkUsed","urn:spo:anon#598939","SharePoint","https://example.sharepoint.com/sites/northwind/","https://example.sharepoint.com/sites/northwind/Shared Documents/Rollout Schedule.xlsx","Rollout Schedule.xlsx","",""
"2026-07-19T19:58:59Z","d8e181e5-2fc7-b472-154c-21e59ddf824b","AnonymousLinkUsed","urn:spo:anon#209346","SharePoint","https://example.sharepoint.com/sites/vendors/","https://example.sharepoint.com/sites/vendors/Shared Documents/Architecture Review.pptx","Architecture Review.pptx","",""
"2026-07-19T20:24:43Z","ca266096-5c51-3dc1-dbd7-d62180fc2859","SecureLinkCreated","harper.quintero@example.com","SharePoint","https://example.sharepoint.com/sites/northwind/","https://example.sharepoint.com/sites/northwind/Shared Documents/Migration Plan.docx","Migration Plan.docx","finley.haddad@partner5.example.com","Guest"
"2026-07-19T21:24:43Z","33ae5c05-9f0e-482d-64ef-367877023954","AddedToSecureLink","harper.quintero@example.com","SharePoint","https://example.sharepoint.com/sites/sunfish/","https://example.sharepoint.com/sites/sunfish/Shared Documents/Architecture Review.pptx","Architecture Review.pptx","finley.haddad@partner5.example.com","Guest"
"2026-07-20T08:00:04Z","c846a64c-dfde-e10e-e040-96864e24d961","SharingSet","vale.takahashi@example.com","SharePoint","https://example.sharepoint.com/sites/vendors/","https://example.sharepoint.com/sites/vendors/Shared Documents/Rollout Schedule.xlsx","Rollout Schedule.xlsx","blair.eriksen@partner11.example.com","Guest"
"2026-07-20T10:03:41Z","0f034689-6d64-bb1f-af36-eec3dc467a3e","SharingSet","tatum.rasmussen@example.com","SharePoint","https://example.sharepoint.com/sites/sunfish/","https://example.sharepoint.com/sites/sunfish/Shared Documents/Meeting Notes.docx","Meeting Notes.docx","finley.lindqvist@partner9.example.com","Guest"
"2026-07-20T12:21:42Z","3fb1b905-333b-2caa-545d-3dee50b8949b","AnonymousLinkCreated","wren.zawadzki@example.com","SharePoint","https://example.sharepoint.com/sites/vendors/","https://example.sharepoint.com/sites/vendors/Shared Documents/Security Questionnaire.docx","Security Questionnaire.docx","",""
"2026-07-20T12:27:04Z","932e7c1d-fde2-21fe-b14c-71c6b23f7a77","SharingSet","vale.kowalski@example.com","SharePoint","https://example.sharepoint.com/sites/vendors/","https://example.sharepoint.com/sites/vendors/Shared Documents/Test Results.xlsx","Test Results.xlsx","noor.jovanovic@partner2.example.com","Guest"
"2026-07-20T15:34:14Z","ddf63a93-672a-dd48-ae16-80a59873f5b9","SharingSet","vale.yilmaz@example.com","SharePoint","https://example.sharepoint.com/sites/vendors/","https://example.sharepoint.com/sites/vendors/Shared Documents/Test Results.xlsx","Test Results.xlsx","oakley.xiong@partner1.example.com","Guest"
"2026-07-20T16:01:00Z","af0975f6-cc04-4490-fcac-0cbdfe5d1ce6","AnonymousLinkUsed","urn:spo:anon#368277","SharePoint","https://example.sharepoint.com/sites/northwind/","https://example.sharepoint.com/sites/northwind/Shared Documents/Architecture Review.pptx","Architecture Review.pptx","",""
"2026-07-20T16:36:04Z","c9fcf67d-6034-be06-dda6-aa49054bffb3","AnonymousLinkUsed","urn:spo:anon#707105","SharePoint","https://example.sharepoint.com/sites/sunfish/","https://example.sharepoint.com/sites/sunfish/Shared Documents/Meeting Notes.docx","Meeting Notes.docx","",""
"2026-07-20T18:13:16Z","870707fb-88b1-9d32-cd48-56ef598d8d02","AnonymousLinkUsed","urn:spo:anon#994296","SharePoint","https://example.sharepoint.com/sites/vendors/","https://example.sharepoint.com/sites/vendors/Shared Documents/Security Questionnaire.docx","Security Questionnaire.docx","",""
"2026-07-21T09:20:07Z","416d0f3e-57b4-b117-be39-53b56cebc2cf","SharingSet","tatum.ibarra@example.com","SharePoint","https://example.sharepoint.com/sites/sunfish/","https://example.sharepoint.com/sites/sunfish/Shared Documents/Meeting Notes.docx","Meeting Notes.docx","logan.fontaine@partner11.example.com","Guest"
"2026-07-21T10:49:23Z","95c11dfd-af4a-8823-fd72-9bacb00361ee","SharingSet","tatum.ibarra@example.com","SharePoint","https://example.sharepoint.com/sites/vendors/","https://example.sharepoint.com/sites/vendors/Shared Documents/Migration Plan.docx","Migration Plan.docx","logan.fontaine@partner11.example.com","Guest"
"2026-07-21T12:03:28Z","98d63c0b-6c6a-6fc8-96fa-21ed8e6d3730","AnonymousLinkUsed","urn:spo:anon#557842","OneDrive","https://example-my.sharepoint.com/personal/avery_abara_example_com/","https://example-my.sharepoint.com/personal/avery_abara_example_com/Shared Documents/Meeting Notes.docx","Meeting Notes.docx","",""
"2026-07-21T12:10:57Z","96ad28dc-d1f9-2d2f-b3fd-605b8e344bed","SharingSet","wren.zawadzki@example.com","SharePoint","https://example.sharepoint.com/sites/launch/","https://example.sharepoint.com/sites/launch/Shared Documents/Meeting Notes.docx","Meeting Notes.docx","yael.haddad@partner4.example.com","Guest"
"2026-07-21T13:52:03Z","155a744e-e9b3-ad27-9843-b591475947f9","SharingSet","tatum.rasmussen@example.com","SharePoint","https://example.sharepoint.com/sites/northwind/","https://example.sharepoint.com/sites/northwind/Shared Documents/Migration Plan.docx","Migration Plan.docx","finley.lindqvist@partner9.example.com","Guest"
"2026-07-21T14:21:36Z","4a790834-a29b-d835-faa0-9ce38edb2e26","AnonymousLinkUsed","urn:spo:anon#425674","OneDrive","https://example-my.sharepoint.com/personal/avery_abara_example_com/","https://example-my.sharepoint.com/personal/avery_abara_example_com/Shared Documents/Security Questionnaire.docx","Security Questionnaire.docx","",""
"2026-07-21T14:42:13Z","51dc5172-0e52-c34f-594f-8f3dc2bb800d","SharingSet","noor.abara@example.com","SharePoint","https://example.sharepoint.com/sites/vendors/","https://example.sharepoint.com/sites/vendors/Shared Documents/Statement of Work.docx","Statement of Work.docx","reese.gallagher@partner1.example.com","Guest"
"2026-07-21T14:49:24Z","9288cfb2-9578-375a-d7c8-8c92063e83bb","SharingSet","tatum.ibarra@example.com","SharePoint","https://example.sharepoint.com/sites/vendors/","https://example.sharepoint.com/sites/vendors/Shared Documents/Rollout Schedule.xlsx","Rollout Schedule.xlsx","logan.fontaine@partner11.example.com","Guest"
"2026-07-21T16:29:03Z","c0df07b7-768c-3563-cbc7-0c45510c6b29","SharingSet","xan.quintero@example.com","OneDrive","https://example-my.sharepoint.com/personal/avery_abara_example_com/","https://example-my.sharepoint.com/personal/avery_abara_example_com/Shared Documents/Pricing Model.xlsx","Pricing Model.xlsx","finley.petrov@partner8.example.com","Guest"
"2026-07-21T16:51:21Z","61f5c33c-1fa4-bda1-cce1-7719753a4d66","SharingSet","quinn.quintero@example.com","SharePoint","https://example.sharepoint.com/sites/launch/","https://example.sharepoint.com/sites/launch/Shared Documents/Rollout Schedule.xlsx","Rollout Schedule.xlsx","drew.lindqvist@partner2.example.com","Guest"
"2026-07-22T07:29:20Z","8ffff4a1-8d05-8ca3-51fd-e30a39b5e167","SharingSet","blair.rasmussen2@example.com","SharePoint","https://example.sharepoint.com/sites/launch/","https://example.sharepoint.com/sites/launch/Shared Documents/Rollout Schedule.xlsx","Rollout Schedule.xlsx","drew.ueda@partner2.example.com","Guest"
"2026-07-22T07:50:49Z","e9285788-543e-f1c4-e772-6105dd344a39","AnonymousLinkUsed","urn:spo:anon#939025","SharePoint","https://example.sharepoint.com/sites/vendors/","https://example.sharepoint.com/sites/vendors/Shared Documents/Test Results.xlsx","Test Results.xlsx","",""
"2026-07-22T07:54:11Z","be051183-7d7d-f3f5-2058-0c0a311c1ac9","AnonymousLinkUsed","urn:spo:anon#507387","SharePoint","https://example.sharepoint.com/sites/vendors/","https://example.sharepoint.com/sites/vendors/Shared Documents/Test Results.xlsx","Test Results.xlsx","",""
"2026-07-22T07:54:43Z","463faa11-df7e-43ca-e0c2-90c584bc0222","SharingSet","tatum.ibarra@example.com","SharePoint","https://example.sharepoint.com/sites/vendors/","https://example.sharepoint.com/sites/vendors/Shared Documents/Statement of Work.docx","Statement of Work.docx","logan.fontaine@partner11.example.com","Guest"
"2026-07-22T09:00:39Z","ce26195e-8a1f-64cc-49da-ce2b1cd56a7d","AnonymousLinkUsed","urn:spo:anon#767255","SharePoint","https://example.sharepoint.com/sites/sunfish/","https://example.sharepoint.com/sites/sunfish/Shared Documents/Meeting Notes.docx","Meeting Notes.docx","",""
"2026-07-22T09:58:07Z","4d3b3256-b90e-2341-b1ce-496de287b2a0","SecureLinkUsed","yael.silva@partner9.example.com","SharePoint","https://example.sharepoint.com/sites/vendors/","https://example.sharepoint.com/sites/vendors/Shared Documents/Test Results.xlsx","Test Results.xlsx","yael.silva@partner9.example.com","Guest"
"2026-07-22T10:40:03Z","340e7088-28db-5eda-ce0e-8f613c758ae9","SharingSet","logan.ueda@example.com","SharePoint","https://example.sharepoint.com/sites/vendors/","https://example.sharepoint.com/sites/vendors/Shared Documents/Architecture Review.pptx","Architecture Review.pptx","drew.fontaine@partner1.example.com","Guest"
"2026-07-22T10:59:14Z","78e60078-34ff-d81d-4cf3-9d988dd1de0d","SharingSet","xan.quintero@example.com","OneDrive","https://example-my.sharepoint.com/personal/avery_abara_example_com/","https://example-my.sharepoint.com/personal/avery_abara_example_com/Shared Documents/Pricing Model.xlsx","Pricing Model.xlsx","finley.petrov@partner8.example.com","Guest"
"2026-07-22T12:59:47Z","7f9b9603-479d-d61a-b29f-7547ab89f660","SecureLinkUsed","blair.kowalski@partner6.example.com","SharePoint","https://example.sharepoint.com/sites/sunfish/","https://example.sharepoint.com/sites/sunfish/Shared Documents/Migration Plan.docx","Migration Plan.docx","blair.kowalski@partner6.example.com","Guest"
"2026-07-22T13:24:43Z","c48e3740-7d6a-f0a1-2eb4-213af1b527bf","SharingInvitationAccepted","finley.haddad@partner5.example.com","OneDrive","https://example-my.sharepoint.com/personal/avery_abara_example_com/","https://example-my.sharepoint.com/personal/avery_abara_example_com/Shared Documents/Migration Plan.docx","Migration Plan.docx","finley.haddad@partner5.example.com","Guest"
"2026-07-22T14:27:52Z","58126a9c-341b-8a37-8b56-a46740ae0b70","AnonymousLinkUsed","urn:spo:anon#261824","SharePoint","https://example.sharepoint.com/sites/launch/","https://example.sharepoint.com/sites/launch/Shared Documents/Test Results.xlsx","Test Results.xlsx","",""
"2026-07-22T19:02:26Z","2d816588-561c-d167-e9ec-51bbafc8d1de","AnonymousLinkUsed","urn:spo:anon#103785","SharePoint","https://example.sharepoint.com/sites/launch/","https://example.sharepoint.com/sites/launch/Shared Documents/Architecture Review.pptx","Architecture Review.pptx","",""
"2026-07-22T19:07:18Z","b4e65412-cabe-608e-cacb-3580f62dc233","AnonymousLinkUsed","urn:spo:anon#264924","OneDrive","https://example-my.sharepoint.com/personal/avery_abara_example_com/","https://example-my.sharepoint.com/personal/avery_abara_example_com/Shared Documents/Security Questionnaire.docx","Security Questionnaire.docx","",""
"2026-07-23T07:04:22Z","4a10a193-bb5d-1d68-cf6d-8d74324eb9c3","SharingSet","wren.zawadzki@example.com","OneDrive","https://example-my.sharepoint.com/personal/avery_abara_example_com/","https://example-my.sharepoint.com/personal/avery_abara_example_com/Shared Documents/Statement of Work.docx","Statement of Work.docx","casey.okonkwo@partner8.example.com","Guest"
"2026-07-23T07:42:13Z","7c6c9a8e-72d8-c53e-dae6-da21c8883af5","SharingSet","tatum.ibarra@example.com","SharePoint","https://example.sharepoint.com/sites/sunfish/","https://example.sharepoint.com/sites/sunfish/Shared Documents/Security Questionnaire.docx","Security Questionnaire.docx","sage.xiong@partner8.example.com","Guest"
"2026-07-23T08:57:15Z","d6c20923-74a5-bd34-3e5a-5d97346e6263","SharingSet","drew.petrov@example.com","OneDrive","https://example-my.sharepoint.com/personal/avery_abara_example_com/","https://example-my.sharepoint.com/personal/avery_abara_example_com/Shared Documents/Test Results.xlsx","Test Results.xlsx","jordan.eriksen@partner7.example.com","Guest"
"2026-07-23T10:41:18Z","4d1ba1b9-95ea-4637-b001-0f4fbb4b0f67","AnonymousLinkUsed","urn:spo:anon#501832","SharePoint","https://example.sharepoint.com/sites/vendors/","https://example.sharepoint.com/sites/vendors/Shared Documents/Rollout Schedule.xlsx","Rollout Schedule.xlsx","",""
"2026-07-23T12:08:58Z","4fbce85d-f8fa-3656-8c44-d5bea4425575","SharingSet","sage.quintero@example.com","OneDrive","https://example-my.sharepoint.com/personal/avery_abara_example_com/","https://example-my.sharepoint.com/personal/avery_abara_example_com/Shared Documents/Pricing Model.xlsx","Pricing Model.xlsx","umi.ibarra@partner10.example.com","Guest"
"2026-07-23T13:46:34Z","444d826a-ec1d-2a3b-7773-6b0a97c23caa","SharingSet","drew.jovanovic2@example.com","SharePoint","https://example.sharepoint.com/sites/northwind/","https://example.sharepoint.com/sites/northwind/Shared Documents/Security Questionnaire.docx","Security Questionnaire.docx","blair.kowalski@partner3.example.com","Guest"
"2026-07-23T14:04:06Z","11f43a56-bb7a-d524-bca7-2955c29741a5","SecureLinkUsed","kai.ibarra@partner2.example.com","SharePoint","https://example.sharepoint.com/sites/launch/","https://example.sharepoint.com/sites/launch/Shared Documents/Pricing Model.xlsx","Pricing Model.xlsx","kai.ibarra@partner2.example.com","Guest"
"2026-07-23T14:57:47Z","960b5620-ee7e-fdfb-9db8-2c6a2d16aa79","SharingSet","blair.rasmussen2@example.com","OneDrive","https://example-my.sharepoint.com/personal/avery_abara_example_com/","https://example-my.sharepoint.com/personal/avery_abara_example_com/Shared Documents/Meeting Notes.docx","Meeting Notes.docx","drew.ueda@partner2.example.com","Guest"
"2026-07-23T15:27:26Z","731ed334-a596-14af-91e7-44097810e85c","SharingSet","blair.rasmussen2@example.com","SharePoint","https://example.sharepoint.com/sites/sunfish/","https://example.sharepoint.com/sites/sunfish/Shared Documents/Rollout Schedule.xlsx","Rollout Schedule.xlsx","drew.ueda@partner2.example.com","Guest"
"2026-07-23T16:00:07Z","b2b0efbf-b2b8-cc3e-0614-b26747644a7c","SecureLinkUsed","oakley.xiong@partner1.example.com","SharePoint","https://example.sharepoint.com/sites/northwind/","https://example.sharepoint.com/sites/northwind/Shared Documents/Test Results.xlsx","Test Results.xlsx","oakley.xiong@partner1.example.com","Guest"
"2026-07-23T17:48:35Z","ef6e54e2-4e11-7c00-4490-7c257c0d0876","AnonymousLinkUsed","urn:spo:anon#924873","SharePoint","https://example.sharepoint.com/sites/launch/","https://example.sharepoint.com/sites/launch/Shared Documents/Migration Plan.docx","Migration Plan.docx","",""
"2026-07-23T17:57:21Z","503fdf08-cc90-44c8-8e80-ce16a2acdb73","AnonymousLinkUsed","urn:spo:anon#686887","SharePoint","https://example.sharepoint.com/sites/northwind/","https://example.sharepoint.com/sites/northwind/Shared Documents/Test Results.xlsx","Test Results.xlsx","",""
"2026-07-23T19:00:16Z","872fd5cc-08c6-9611-210a-d078fb62d6b6","SharingSet","blair.rasmussen@example.com","SharePoint","https://example.sharepoint.com/sites/sunfish/","https://example.sharepoint.com/sites/sunfish/Shared Documents/Architecture Review.pptx","Architecture Review.pptx","yael.bergstrom@partner4.example.com","Guest"
"2026-07-23T19:32:47Z","78501337-9a8c-d1ad-4e32-a1cd85adf0a4","SecureLinkUsed","drew.fontaine@partner1.example.com","SharePoint","https://example.sharepoint.com/sites/sunfish/","https://example.sharepoint.com/sites/sunfish/Shared Documents/Migration Plan.docx","Migration Plan.docx","drew.fontaine@partner1.example.com","Guest"
"2026-07-24T10:18:04Z","85987981-4605-738e-61f4-95fb45899c6c","SharingSet","noor.vasquez@example.com","SharePoint","https://example.sharepoint.com/sites/launch/","https://example.sharepoint.com/sites/launch/Shared Documents/Rollout Schedule.xlsx","Rollout Schedule.xlsx","emery.yilmaz@partner4.example.com","Guest"
"2026-07-24T11:11:51Z","1bce1a2c-433a-eaa1-fc15-6c4aa0867127","SharingRevoked","blair.jovanovic@example.com","SharePoint","https://example.sharepoint.com/sites/northwind/","https://example.sharepoint.com/sites/northwind/Shared Documents/Statement of Work.docx","Statement of Work.docx","logan.xiong@partner11.example.com","Guest"
"2026-07-24T11:21:27Z","215df8b6-a4de-f67c-03d5-8b81c57b9216","AnonymousLinkUsed","urn:spo:anon#100527","SharePoint","https://example.sharepoint.com/sites/sunfish/","https://example.sharepoint.com/sites/sunfish/Shared Documents/Pricing Model.xlsx","Pricing Model.xlsx","",""
"2026-07-24T12:31:23Z","5de94884-6612-b26c-044e-777dc9d68c42","AnonymousLinkUsed","urn:spo:anon#901459","SharePoint","https://example.sharepoint.com/sites/launch/","https://example.sharepoint.com/sites/launch/Shared Documents/Test Results.xlsx","Test Results.xlsx","",""
"2026-07-24T15:29:30Z","4374e2a5-6429-6b2c-f143-10600a072ec3","SharingSet","avery.lindqvist@example.com","OneDrive","https://example-my.sharepoint.com/personal/avery_abara_example_com/","https://example-my.sharepoint.com/personal/avery_abara_example_com/Shared Documents/Rollout Schedule.xlsx","Rollout Schedule.xlsx","blair.delacroix@partner7.example.com","Guest"
"2026-07-24T16:53:06Z","f89f869a-fcde-c83d-3c73-1e374aed8327","SecureLinkUsed","drew.lindqvist@partner2.example.com","SharePoint","https://example.sharepoint.com/sites/vendors/","https://example.sharepoint.com/sites/vendors/Shared Documents/Test Results.xlsx","Test Results.xlsx","drew.lindqvist@partner2.example.com","Guest"
"2026-07-24T17:45:08Z","10676015-b666-a6fc-c404-7a2fe76f2303","SecureLinkUsed","noor.yilmaz@partner12.example.com","SharePoint","https://example.sharepoint.com/sites/sunfish/","https://example.sharepoint.com/sites/sunfish/Shared Documents/Rollout Schedule.xlsx","Rollout Schedule.xlsx","noor.yilmaz@partner12.example.com","Guest"
"2026-07-24T19:28:10Z","099c9142-bceb-004f-2b55-39a72daf87f8","SecureLinkUsed","kai.bergstrom@partner11.example.com","OneDrive","https://example-my.sharepoint.com/personal/avery_abara_example_com/","https://example-my.sharepoint.com/personal/avery_abara_example_com/Shared Documents/Architecture Review.pptx","Architecture Review.pptx","kai.bergstrom@partner11.example.com","Guest"
"2026-07-25T08:25:19Z","5c61f0d4-080a-83c4-23a3-ddd8d1759de6","SharingSet","tatum.yilmaz@example.com","SharePoint","https://example.sharepoint.com/sites/vendors/","https://example.sharepoint.com/sites/vendors/Shared Documents/Rollout Schedule.xlsx","Rollout Schedule.xlsx","noor.yilmaz@partner12.example.com","Guest"
"2026-07-25T08:45:34Z","bae36804-f32d-da80-3442-1b6cb329697f","SharingSet","noor.vasquez@example.com","SharePoint","https://example.sharepoint.com/sites/vendors/","https://example.sharepoint.com/sites/vendors/Shared Documents/Statement of Work.docx","Statement of Work.docx","emery.yilmaz@partner4.example.com","Guest"
"2026-07-25T10:17:58Z","361b2d97-452f-0812-2471-fe3b67019903","AnonymousLinkUsed","urn:spo:anon#796893","SharePoint","https://example.sharepoint.com/sites/sunfish/","https://example.sharepoint.com/sites/sunfish/Shared Documents/Migration Plan.docx","Migration Plan.docx","",""
"2026-07-25T11:59:02Z","cdd4fa5d-8f9a-0d63-48eb-615f4eb4f411","AnonymousLinkUsed","urn:spo:anon#384002","SharePoint","https://example.sharepoint.com/sites/sunfish/","https://example.sharepoint.com/sites/sunfish/Shared Documents/Meeting Notes.docx","Meeting Notes.docx","",""
"2026-07-25T12:30:25Z","ec0fb772-e8eb-a5fb-655c-0fcca2aed333","AnonymousLinkUsed","urn:spo:anon#307545","SharePoint","https://example.sharepoint.com/sites/vendors/","https://example.sharepoint.com/sites/vendors/Shared Documents/Meeting Notes.docx","Meeting Notes.docx","",""
"2026-07-25T13:21:32Z","16362f88-9b6d-e242-94d1-91f6154ca46f","SharingSet","xan.kowalski@example.com","SharePoint","https://example.sharepoint.com/sites/vendors/","https://example.sharepoint.com/sites/vendors/Shared Documents/Test Results.xlsx","Test Results.xlsx","reese.quintero@partner3.example.com","Guest"
"2026-07-25T13:59:28Z","75de8020-a94f-5d3f-c6ae-e09f9b17de48","SharingSet","drew.jovanovic2@example.com","SharePoint","https://example.sharepoint.com/sites/launch/","https://example.sharepoint.com/sites/launch/Shared Documents/Test Results.xlsx","Test Results.xlsx","blair.kowalski@partner3.example.com","Guest"
"2026-07-25T15:21:22Z","abc0ca0f-43d1-ac31-4fd5-319a77741861","SharingSet","emery.whitfield@example.com","SharePoint","https://example.sharepoint.com/sites/launch/","https://example.sharepoint.com/sites/launch/Shared Documents/Security Questionnaire.docx","Security Questionnaire.docx","reese.rasmussen@partner5.example.com","Guest"
"2026-07-25T15:58:27Z","93402418-14b5-b782-a807-9a2aea06d1f1","SharingInvitationCreated","tatum.rasmussen@example.com","SharePoint","https://example.sharepoint.com/sites/launch/","https://example.sharepoint.com/sites/launch/Shared Documents/Pricing Model.xlsx","Pricing Model.xlsx","finley.lindqvist@partner9.example.com","Guest"
"2026-07-25T17:58:27Z","fa6561d1-c9af-f467-6681-6fd5d43b5285","SecureLinkCreated","tatum.rasmussen@example.com","OneDrive","https://example-my.sharepoint.com/personal/avery_abara_example_com/","https://example-my.sharepoint.com/personal/avery_abara_example_com/Shared Documents/Test Results.xlsx","Test Results.xlsx","finley.lindqvist@partner9.example.com","Guest"
"2026-07-25T18:05:12Z","64da091e-f75d-7823-7ef9-8cf0ce4fcd82","SharingSet","blair.gallagher@example.com","SharePoint","https://example.sharepoint.com/sites/sunfish/","https://example.sharepoint.com/sites/sunfish/Shared Documents/Migration Plan.docx","Migration Plan.docx","finley.chaudhry@partner10.example.com","Guest"
"2026-07-25T18:07:55Z","746446e9-86f1-8fa1-ac01-0f2e572784aa","SharingSet","blair.gallagher@example.com","SharePoint","https://example.sharepoint.com/sites/sunfish/","https://example.sharepoint.com/sites/sunfish/Shared Documents/Meeting Notes.docx","Meeting Notes.docx","finley.chaudhry@partner10.example.com","Guest"
"2026-07-25T18:58:27Z","b3bb79fa-0020-9471-a9d2-66b97d5341b5","AddedToSecureLink","tatum.rasmussen@example.com","OneDrive","https://example-my.sharepoint.com/personal/avery_abara_example_com/","https://example-my.sharepoint.com/personal/avery_abara_example_com/Shared Documents/Security Questionnaire.docx","Security Questionnaire.docx","finley.lindqvist@partner9.example.com","Guest"
"2026-07-25T19:29:17Z","d5c2518d-b078-1c43-df14-8934f3b1e6c5","AnonymousLinkUsed","urn:spo:anon#394607","OneDrive","https://example-my.sharepoint.com/personal/avery_abara_example_com/","https://example-my.sharepoint.com/personal/avery_abara_example_com/Shared Documents/Test Results.xlsx","Test Results.xlsx","",""
"2026-07-25T19:36:01Z","cc36b802-b345-88a2-6833-5e6d0110731a","AnonymousLinkUsed","urn:spo:anon#373944","SharePoint","https://example.sharepoint.com/sites/northwind/","https://example.sharepoint.com/sites/northwind/Shared Documents/Architecture Review.pptx","Architecture Review.pptx","",""
"2026-07-25T19:59:12Z","246b19bd-2703-b4ea-a70b-e3f135a3762d","AnonymousLinkUsed","urn:spo:anon#681466","OneDrive","https://example-my.sharepoint.com/personal/avery_abara_example_com/","https://example-my.sharepoint.com/personal/avery_abara_example_com/Shared Documents/Migration Plan.docx","Migration Plan.docx","",""
"2026-07-26T07:08:16Z","3b9e9335-9726-9988-ed7b-cbb0c124119a","AnonymousLinkCreated","gray.haddad@example.com","SharePoint","https://example.sharepoint.com/sites/northwind/","https://example.sharepoint.com/sites/northwind/Shared Documents/Architecture Review.pptx","Architecture Review.pptx","",""
"2026-07-26T07:33:34Z","68f6a1d1-5f74-e969-073d-17b3927954b2","SharingSet","indigo.yilmaz@example.com","SharePoint","https://example.sharepoint.com/sites/launch/","https://example.sharepoint.com/sites/launch/Shared Documents/Architecture Review.pptx","Architecture Review.pptx","drew.haddad@partner4.example.com","Guest"
"2026-07-26T09:31:17Z","874e5796-2ddd-8616-d7b9-a96d5654c716","SharingSet","logan.ueda@example.com","OneDrive","https://example-my.sharepoint.com/personal/avery_abara_example_com/","https://example-my.sharepoint.com/personal/avery_abara_example_com/Shared Documents/Security Questionnaire.docx","Security Questionnaire.docx","jordan.abara@partner9.example.com","Guest"
"2026-07-26T09:35:48Z","1aff39a7-5a90-87ff-5161-d2b0d37171c0","AnonymousLinkUsed","urn:spo:anon#482597","SharePoint","https://example.sharepoint.com/sites/sunfish/","https://example.sharepoint.com/sites/sunfish/Shared Documents/Rollout Schedule.xlsx","Rollout Schedule.xlsx","",""
"2026-07-26T10:27:17Z","e21aba36-01fb-9bb4-d875-7f9f6b5d8d18","AnonymousLinkUsed","urn:spo:anon#114096","SharePoint","https://example.sharepoint.com/sites/northwind/","https://example.sharepoint.com/sites/northwind/Shared Documents/Architecture Review.pptx","Architecture Review.pptx","",""
"2026-07-26T11:19:34Z","c4a6e078-1138-2ef7-8969-e745cc04b555","SharingSet","quinn.eriksen@example.com","OneDrive","https://example-my.sharepoint.com/personal/avery_abara_example_com/","https://example-my.sharepoint.com/personal/avery_abara_example_com/Shared Documents/Test Results.xlsx","Test Results.xlsx","vale.petrov@partner9.example.com","Guest"
"2026-07-26T11:20:01Z","4ec0bf52-4059-f213-f756-790b35cd9642","SharingSet","drew.petrov@example.com","SharePoint","https://example.sharepoint.com/sites/sunfish/","https://example.sharepoint.com/sites/sunfish/Shared Documents/Test Results.xlsx","Test Results.xlsx","jordan.eriksen@partner7.example.com","Guest"
"2026-07-26T11:35:32Z","bd86c42f-fc7a-5895-c4f8-b0373eae5d22","SharingSet","tatum.rasmussen@example.com","SharePoint","https://example.sharepoint.com/sites/launch/","https://example.sharepoint.com/sites/launch/Shared Documents/Pricing Model.xlsx","Pricing Model.xlsx","finley.lindqvist@partner9.example.com","Guest"
"2026-07-26T11:48:10Z","8a1cafbc-8d5d-4ac2-9ec4-91998cddbb7f","SharingInvitationCreated","harper.yilmaz@example.com","SharePoint","https://example.sharepoint.com/sites/sunfish/","https://example.sharepoint.com/sites/sunfish/Shared Documents/Security Questionnaire.docx","Security Questionnaire.docx","logan.vasquez@partner9.example.com","Guest"
"2026-07-26T11:48:41Z","525512fe-905e-cd2c-366d-80a9d08dc78a","SharingSet","tatum.ibarra@example.com","OneDrive","https://example-my.sharepoint.com/personal/avery_abara_example_com/","https://example-my.sharepoint.com/personal/avery_abara_example_com/Shared Documents/Migration Plan.docx","Migration Plan.docx","logan.fontaine@partner11.example.com","Guest"
"2026-07-26T12:10:11Z","8d59baba-bba6-2078-67a9-95156a780eb1","SecureLinkUsed","blair.delacroix@partner7.example.com","OneDrive","https://example-my.sharepoint.com/personal/avery_abara_example_com/","https://example-my.sharepoint.com/personal/avery_abara_example_com/Shared Documents/Meeting Notes.docx","Meeting Notes.docx","blair.delacroix@partner7.example.com","Guest"
"2026-07-26T12:17:55Z","e555687f-8458-8972-cd4c-f9abde3649cf","SecureLinkUsed","sage.xiong@partner8.example.com","SharePoint","https://example.sharepoint.com/sites/vendors/","https://example.sharepoint.com/sites/vendors/Shared Documents/Architecture Review.pptx","Architecture Review.pptx","sage.xiong@partner8.example.com","Guest"
"2026-07-26T12:52:32Z","41a9dea5-63e0-0296-9370-081b0a754b2f","AnonymousLinkUsed","urn:spo:anon#268233","SharePoint","https://example.sharepoint.com/sites/sunfish/","https://example.sharepoint.com/sites/sunfish/Shared Documents/Pricing Model.xlsx","Pricing Model.xlsx","",""
"2026-07-26T13:33:41Z","9c8720b0-10f3-8130-b77b-5470ede77db1","AnonymousLinkUsed","urn:spo:anon#901712","SharePoint","https://example.sharepoint.com/sites/launch/","https://example.sharepoint.com/sites/launch/Shared Documents/Security Questionnaire.docx","Security Questionnaire.docx","",""
"2026-07-26T13:48:10Z","05c9ce20-5310-3c7e-5f34-801a3dbfa433","SecureLinkCreated","harper.yilmaz@example.com","OneDrive","https://example-my.sharepoint.com/personal/avery_abara_example_com/","https://example-my.sharepoint.com/personal/avery_abara_example_com/Shared Documents/Meeting Notes.docx","Meeting Notes.docx","logan.vasquez@partner9.example.com","Guest"
"2026-07-26T14:00:25Z","230f3f4b-08b5-86e0-c684-5bd18cd9ebd5","AnonymousLinkUsed","urn:spo:anon#565563","OneDrive","https://example-my.sharepoint.com/personal/avery_abara_example_com/","https://example-my.sharepoint.com/personal/avery_abara_example_com/Shared Documents/Test Results.xlsx","Test Results.xlsx","",""
"2026-07-26T14:19:44Z","c5ff4423-2205-6d84-993d-b0ca40fd940b","SharingSet","vale.yilmaz@example.com","SharePoint","https://example.sharepoint.com/sites/sunfish/","https://example.sharepoint.com/sites/sunfish/Shared Documents/Pricing Model.xlsx","Pricing Model.xlsx","oakley.xiong@partner1.example.com","Guest"
"2026-07-26T14:48:10Z","61726eca-d4c6-9f16-5403-d6c633cef635","AddedToSecureLink","harper.yilmaz@example.com","OneDrive","https://example-my.sharepoint.com/personal/avery_abara_example_com/","https://example-my.sharepoint.com/personal/avery_abara_example_com/Shared Documents/Security Questionnaire.docx","Security Questionnaire.docx","logan.vasquez@partner9.example.com","Guest"
"2026-07-26T15:02:24Z","62f533ee-720b-9656-7412-4d56976f7de5","AnonymousLinkUsed","urn:spo:anon#299855","SharePoint","https://example.sharepoint.com/sites/launch/","https://example.sharepoint.com/sites/launch/Shared Documents/Rollout Schedule.xlsx","Rollout Schedule.xlsx","",""
"2026-07-26T17:33:10Z","14ff9019-6ee8-8dd4-4e9a-97a0d3d5c683","SharingSet","blair.jovanovic@example.com","SharePoint","https://example.sharepoint.com/sites/sunfish/","https://example.sharepoint.com/sites/sunfish/Shared Documents/Rollout Schedule.xlsx","Rollout Schedule.xlsx","logan.xiong@partner11.example.com","Guest"
"2026-07-26T18:00:32Z","1a34f54d-91f7-9a30-26da-4af283e99067","SharingSet","emery.nakamura@example.com","OneDrive","https://example-my.sharepoint.com/personal/avery_abara_example_com/","https://example-my.sharepoint.com/personal/avery_abara_example_com/Shared Documents/Meeting Notes.docx","Meeting Notes.docx","vale.quintero@partner8.example.com","Guest"
"2026-07-26T18:44:04Z","dc2243de-f0f0-e21a-4a31-76bbcab1afac","AnonymousLinkUsed","urn:spo:anon#587339","SharePoint","https://example.sharepoint.com/sites/launch/","https://example.sharepoint.com/sites/launch/Shared Documents/Migration Plan.docx","Migration Plan.docx","",""
"2026-07-26T19:02:49Z","fac462ae-6753-c57f-ab9d-97c212158bd4","AnonymousLinkUsed","urn:spo:anon#930523","OneDrive","https://example-my.sharepoint.com/personal/avery_abara_example_com/","https://example-my.sharepoint.com/personal/avery_abara_example_com/Shared Documents/Security Questionnaire.docx","Security Questionnaire.docx","",""
"2026-07-27T02:58:27Z","ab1ef7f1-df85-1395-1022-fe3533716db2","SharingInvitationAccepted","finley.lindqvist@partner9.example.com","SharePoint","https://example.sharepoint.com/sites/launch/","https://example.sharepoint.com/sites/launch/Shared Documents/Meeting Notes.docx","Meeting Notes.docx","finley.lindqvist@partner9.example.com","Guest"
"2026-07-27T07:03:03Z","99d19835-d28f-6c3c-2340-6c6b725f8fa0","SharingSet","yael.eriksen@example.com","OneDrive","https://example-my.sharepoint.com/personal/avery_abara_example_com/","https://example-my.sharepoint.com/personal/avery_abara_example_com/Shared Documents/Test Results.xlsx","Test Results.xlsx","yael.silva@partner9.example.com","Guest"
"2026-07-27T10:24:59Z","66099368-843e-a8c2-2909-c2b2141671fa","SharingSet","vale.kowalski@example.com","SharePoint","https://example.sharepoint.com/sites/launch/","https://example.sharepoint.com/sites/launch/Shared Documents/Architecture Review.pptx","Architecture Review.pptx","noor.jovanovic@partner2.example.com","Guest"
"2026-07-27T10:32:00Z","a4137990-4e3b-e2c3-adf6-7cb816801d41","SecureLinkUsed","finley.lindqvist@partner9.example.com","SharePoint","https://example.sharepoint.com/sites/vendors/","https://example.sharepoint.com/sites/vendors/Shared Documents/Rollout Schedule.xlsx","Rollout Schedule.xlsx","finley.lindqvist@partner9.example.com","Guest"
"2026-07-27T11:56:19Z","ff80dbe4-9776-531b-8123-6f10b463c1ef","SharingSet","vale.kowalski@example.com","OneDrive","https://example-my.sharepoint.com/personal/avery_abara_example_com/","https://example-my.sharepoint.com/personal/avery_abara_example_com/Shared Documents/Migration Plan.docx","Migration Plan.docx","noor.jovanovic@partner2.example.com","Guest"
"2026-07-27T12:32:53Z","0deb076c-4bf5-ada1-9a53-fe7fe862f811","SharingSet","quinn.silva2@example.com","SharePoint","https://example.sharepoint.com/sites/launch/","https://example.sharepoint.com/sites/launch/Shared Documents/Migration Plan.docx","Migration Plan.docx","reese.moreau@partner6.example.com","Guest"
"2026-07-27T12:50:00Z","a43d0bd4-17e2-91ad-3781-24005168c783","AnonymousLinkCreated","blair.whitfield@example.com","OneDrive","https://example-my.sharepoint.com/personal/avery_abara_example_com/","https://example-my.sharepoint.com/personal/avery_abara_example_com/Shared Documents/Rollout Schedule.xlsx","Rollout Schedule.xlsx","",""
"2026-07-27T13:00:02Z","4423c2f7-8d63-6b02-cb8f-79851b99d560","AnonymousLinkUsed","urn:spo:anon#912613","SharePoint","https://example.sharepoint.com/sites/sunfish/","https://example.sharepoint.com/sites/sunfish/Shared Documents/Security Questionnaire.docx","Security Questionnaire.docx","",""
"2026-07-27T13:45:20Z","b208a199-7fcf-6917-7e44-01b86d3a9b30","SecureLinkUsed","harper.gallagher@partner7.example.com","SharePoint","https://example.sharepoint.com/sites/launch/","https://example.sharepoint.com/sites/launch/Shared Documents/Meeting Notes.docx","Meeting Notes.docx","harper.gallagher@partner7.example.com","Guest"
"2026-07-27T14:42:16Z","5a2e4c84-41c0-df1e-762a-d8f18efa2919","SecureLinkUsed","casey.kowalski@partner1.example.com","OneDrive","https://example-my.sharepoint.com/personal/avery_abara_example_com/","https://example-my.sharepoint.com/personal/avery_abara_example_com/Shared Documents/Security Questionnaire.docx","Security Questionnaire.docx","casey.kowalski@partner1.example.com","Guest"
"2026-07-27T14:42:26Z","10cd9f0e-92c5-e826-51f4-0d2783dd6c19","SecureLinkUsed","yael.bergstrom@partner4.example.com","SharePoint","https://example.sharepoint.com/sites/northwind/","https://example.sharepoint.com/sites/northwind/Shared Documents/Statement of Work.docx","Statement of Work.docx","yael.bergstrom@partner4.example.com","Guest"
"2026-07-27T15:51:50Z","12a181d4-5644-19f4-6e3c-6d5df2a54d01","SharingSet","blair.rasmussen2@example.com","SharePoint","https://example.sharepoint.com/sites/sunfish/","https://example.sharepoint.com/sites/sunfish/Shared Documents/Meeting Notes.docx","Meeting Notes.docx","drew.ueda@partner2.example.com","Guest"
"2026-07-27T16:46:23Z","d12805a9-7985-8893-e4b8-8e4dc1f69326","SecureLinkUsed","logan.nakamura@partner1.example.com","OneDrive","https://example-my.sharepoint.com/personal/avery_abara_example_com/","https://example-my.sharepoint.com/personal/avery_abara_example_com/Shared Documents/Pricing Model.xlsx","Pricing Model.xlsx","logan.nakamura@partner1.example.com","Guest"
"2026-07-27T17:07:48Z","880c626b-d35a-e99e-ee57-b5f7fd73fc4d","AnonymousLinkUsed","urn:spo:anon#240045","OneDrive","https://example-my.sharepoint.com/personal/avery_abara_example_com/","https://example-my.sharepoint.com/personal/avery_abara_example_com/Shared Documents/Migration Plan.docx","Migration Plan.docx","",""
"2026-07-27T17:35:12Z","3eddf2fb-ced7-74ab-3fdd-54778afbe16c","AnonymousLinkUsed","urn:spo:anon#453153","SharePoint","https://example.sharepoint.com/sites/sunfish/","https://example.sharepoint.com/sites/sunfish/Shared Documents/Pricing Model.xlsx","Pricing Model.xlsx","",""
"2026-07-27T17:46:53Z","d8e4f33e-97a4-0eaf-3f82-87d0ee6f2537","SharingSet","vale.takahashi@example.com","SharePoint","https://example.sharepoint.com/sites/vendors/","https://example.sharepoint.com/sites/vendors/Shared Documents/Migration Plan.docx","Migration Plan.docx","blair.eriksen@partner11.example.com","Guest"
"2026-07-27T17:54:21Z","1e7cc949-df72-d025-dc2b-e86c02f18c6a","AnonymousLinkUsed","urn:spo:anon#406478","SharePoint","https://example.sharepoint.com/sites/launch/","https://example.sharepoint.com/sites/launch/Shared Documents/Statement of Work.docx","Statement of Work.docx","",""
"2026-07-27T18:10:07Z","3779bdd4-cc24-a0a5-748a-848daa7a772d","AnonymousLinkUsed","urn:spo:anon#672525","OneDrive","https://example-my.sharepoint.com/personal/avery_abara_example_com/","https://example-my.sharepoint.com/personal/avery_abara_example_com/Shared Documents/Rollout Schedule.xlsx","Rollout Schedule.xlsx","",""
"2026-07-27T18:28:02Z","ace6f2fe-2fb7-aac9-a092-d2a38ca34661","SharingSet","blair.gallagher@example.com","SharePoint","https://example.sharepoint.com/sites/vendors/","https://example.sharepoint.com/sites/vendors/Shared Documents/Architecture Review.pptx","Architecture Review.pptx","finley.chaudhry@partner10.example.com","Guest"
"2026-07-27T18:28:58Z","329e8dd8-a30e-863d-96f6-7c4d6bdda806","AnonymousLinkRemoved","finley.haddad@example.com","SharePoint","https://example.sharepoint.com/sites/northwind/","https://example.sharepoint.com/sites/northwind/Shared Documents/Statement of Work.docx","Statement of Work.docx","",""
"2026-07-27T19:40:29Z","2b71e24b-ae23-e089-72ae-cefa5c260a60","SharingSet","tatum.ibarra@example.com","SharePoint","https://example.sharepoint.com/sites/launch/","https://example.sharepoint.com/sites/launch/Shared Documents/Security Questionnaire.docx","Security Questionnaire.docx","logan.fontaine@partner11.example.com","Guest"
"2026-07-28T07:58:22Z","c1af9a3f-ead0-055c-7ea0-bdb5087aed09","AnonymousLinkUsed","urn:spo:anon#502011","SharePoint","https://example.sharepoint.com/sites/launch/","https://example.sharepoint.com/sites/launch/Shared Documents/Architecture Review.pptx","Architecture Review.pptx","",""
"2026-07-28T10:40:52Z","2159c683-7765-8605-259d-9d91882861eb","SecureLinkUsed","yael.silva@partner9.example.com","SharePoint","https://example.sharepoint.com/sites/sunfish/","https://example.sharepoint.com/sites/sunfish/Shared Documents/Migration Plan.docx","Migration Plan.docx","yael.silva@partner9.example.com","Guest"
"2026-07-28T12:22:10Z","2b616796-d529-7f71-858a-f73f7396b43c","SharingSet","blair.rasmussen2@example.com","OneDrive","https://example-my.sharepoint.com/personal/avery_abara_example_com/","https://example-my.sharepoint.com/personal/avery_abara_example_com/Shared Documents/Pricing Model.xlsx","Pricing Model.xlsx","drew.ueda@partner2.example.com","Guest"
"2026-07-28T12:54:31Z","ccfb43b1-715d-dbb5-ae70-962fab249701","AnonymousLinkUsed","urn:spo:anon#598603","SharePoint","https://example.sharepoint.com/sites/sunfish/","https://example.sharepoint.com/sites/sunfish/Shared Documents/Rollout Schedule.xlsx","Rollout Schedule.xlsx","",""
"2026-07-28T13:05:42Z","ac4aa198-35ad-f5f3-ba57-8c417df84a2e","SharingSet","avery.silva@example.com","SharePoint","https://example.sharepoint.com/sites/northwind/","https://example.sharepoint.com/sites/northwind/Shared Documents/Test Results.xlsx","Test Results.xlsx","parker.nakamura@partner8.example.com","Guest"
"2026-07-28T13:41:19Z","9113c2a1-7288-f212-5c60-483f074e4302","AnonymousLinkUsed","urn:spo:anon#602831","SharePoint","https://example.sharepoint.com/sites/vendors/","https://example.sharepoint.com/sites/vendors/Shared Documents/Rollout Schedule.xlsx","Rollout Schedule.xlsx","",""
"2026-07-28T13:47:58Z","66687e70-6750-9c8c-92bd-e9e4bb6d84b9","AnonymousLinkUsed","urn:spo:anon#639999","SharePoint","https://example.sharepoint.com/sites/vendors/","https://example.sharepoint.com/sites/vendors/Shared Documents/Migration Plan.docx","Migration Plan.docx","",""
"2026-07-28T15:20:04Z","24b20098-6907-99ea-8490-2bac0498639c","SecureLinkUsed","logan.vasquez@partner9.example.com","SharePoint","https://example.sharepoint.com/sites/vendors/","https://example.sharepoint.com/sites/vendors/Shared Documents/Migration Plan.docx","Migration Plan.docx","logan.vasquez@partner9.example.com","Guest"
"2026-07-28T16:18:30Z","83fa5e20-7e8c-4348-a6f4-271b72e6ac19","SharingSet","blair.rasmussen2@example.com","SharePoint","https://example.sharepoint.com/sites/vendors/","https://example.sharepoint.com/sites/vendors/Shared Documents/Pricing Model.xlsx","Pricing Model.xlsx","drew.ueda@partner2.example.com","Guest"
"2026-07-28T16:27:43Z","2bc1c3e1-a3ec-b384-541b-5a51ee7f13ef","SharingSet","emery.nakamura@example.com","SharePoint","https://example.sharepoint.com/sites/northwind/","https://example.sharepoint.com/sites/northwind/Shared Documents/Meeting Notes.docx","Meeting Notes.docx","vale.quintero@partner8.example.com","Guest"
"2026-07-28T17:07:51Z","84ed63a3-0846-4dfd-ae02-b2264dab867c","AnonymousLinkUsed","urn:spo:anon#723896","SharePoint","https://example.sharepoint.com/sites/northwind/","https://example.sharepoint.com/sites/northwind/Shared Documents/Meeting Notes.docx","Meeting Notes.docx","",""
"2026-07-28T18:00:58Z","0277acae-ab2f-1d73-28d9-db28ba3c2471","SecureLinkUsed","sage.xiong@partner8.example.com","OneDrive","https://example-my.sharepoint.com/personal/avery_abara_example_com/","https://example-my.sharepoint.com/personal/avery_abara_example_com/Shared Documents/Migration Plan.docx","Migration Plan.docx","sage.xiong@partner8.example.com","Guest"
"2026-07-28T18:35:15Z","55139fb6-7ffd-7ed5-537a-330d3ed4bd1c","SharingSet","emery.nakamura@example.com","SharePoint","https://example.sharepoint.com/sites/sunfish/","https://example.sharepoint.com/sites/sunfish/Shared Documents/Statement of Work.docx","Statement of Work.docx","vale.quintero@partner8.example.com","Guest"
"2026-07-28T18:48:05Z","cdf0091f-3911-25ec-8184-ee41de58c639","SharingRevoked","sage.quintero@example.com","SharePoint","https://example.sharepoint.com/sites/vendors/","https://example.sharepoint.com/sites/vendors/Shared Documents/Pricing Model.xlsx","Pricing Model.xlsx","umi.ibarra@partner10.example.com","Guest"
"2026-07-29T04:48:10Z","40f1d17f-28a9-b997-acab-49c0bad3590e","SharingInvitationAccepted","logan.vasquez@partner9.example.com","SharePoint","https://example.sharepoint.com/sites/northwind/","https://example.sharepoint.com/sites/northwind/Shared Documents/Meeting Notes.docx","Meeting Notes.docx","logan.vasquez@partner9.example.com","Guest"
"2026-07-29T08:54:21Z","afee4244-9e5f-b790-bab1-680b83dcf369","AnonymousLinkUsed","urn:spo:anon#348804","SharePoint","https://example.sharepoint.com/sites/vendors/","https://example.sharepoint.com/sites/vendors/Shared Documents/Architecture Review.pptx","Architecture Review.pptx","",""
"2026-07-29T09:14:21Z","6d9c4169-7c14-4693-ccde-4cb8e637bc67","AnonymousLinkUsed","urn:spo:anon#485533","SharePoint","https://example.sharepoint.com/sites/launch/","https://example.sharepoint.com/sites/launch/Shared Documents/Migration Plan.docx","Migration Plan.docx","",""
"2026-07-29T10:09:11Z","c02bd160-982c-657b-d4b1-60030f410808","AnonymousLinkUsed","urn:spo:anon#699497","SharePoint","https://example.sharepoint.com/sites/sunfish/","https://example.sharepoint.com/sites/sunfish/Shared Documents/Statement of Work.docx","Statement of Work.docx","",""
"2026-07-29T12:05:21Z","61bd4a48-faef-316f-e144-06c611436a3d","SharingSet","parker.kowalski@example.com","SharePoint","https://example.sharepoint.com/sites/sunfish/","https://example.sharepoint.com/sites/sunfish/Shared Documents/Meeting Notes.docx","Meeting Notes.docx","reese.haddad@partner5.example.com","Guest"
"2026-07-29T12:17:03Z","14c52c77-072b-3e38-28d0-1fb10f2388b5","AnonymousLinkUsed","urn:spo:anon#597608","SharePoint","https://example.sharepoint.com/sites/northwind/","https://example.sharepoint.com/sites/northwind/Shared Documents/Security Questionnaire.docx","Security Questionnaire.docx","",""
"2026-07-29T12:37:41Z","53cdd5ef-0a89-933a-bfe8-e237fc2eca24","SharingSet","logan.quintero@example.com","SharePoint","https://example.sharepoint.com/sites/northwind/","https://example.sharepoint.com/sites/northwind/Shared Documents/Architecture Review.pptx","Architecture Review.pptx","jordan.lindqvist@partner3.example.com","Guest"
"2026-07-29T12:41:55Z","4f36011c-1755-387c-e736-eecc333ba818","SecureLinkUsed","yael.silva@partner9.example.com","OneDrive","https://example-my.sharepoint.com/personal/avery_abara_example_com/","https://example-my.sharepoint.com/personal/avery_abara_example_com/Shared Documents/Security Questionnaire.docx","Security Questionnaire.docx","yael.silva@partner9.example.com","Guest"
"2026-07-29T13:01:16Z","bc7d1c35-2dab-6361-38be-ca4db6411186","SharingSet","oakley.jovanovic@example.com","SharePoint","https://example.sharepoint.com/sites/northwind/","https://example.sharepoint.com/sites/northwind/Shared Documents/Architecture Review.pptx","Architecture Review.pptx","wren.fontaine@partner6.example.com","Guest"
"2026-07-29T13:47:25Z","c9488340-5e84-05c9-0c19-959e3c971447","SharingSet","tatum.rasmussen@example.com","SharePoint","https://example.sharepoint.com/sites/sunfish/","https://example.sharepoint.com/sites/sunfish/Shared Documents/Rollout Schedule.xlsx","Rollout Schedule.xlsx","finley.lindqvist@partner9.example.com","Guest"
"2026-07-29T14:25:06Z","109339e2-c420-d6c3-3bf6-7032e7c589bd","AnonymousLinkUsed","urn:spo:anon#418285","SharePoint","https://example.sharepoint.com/sites/northwind/","https://example.sharepoint.com/sites/northwind/Shared Documents/Test Results.xlsx","Test Results.xlsx","",""
"2026-07-29T14:29:53Z","ffa8181f-23de-429f-18c2-2c6ed6041f02","SharingSet","vale.yilmaz@example.com","SharePoint","https://example.sharepoint.com/sites/vendors/","https://example.sharepoint.com/sites/vendors/Shared Documents/Rollout Schedule.xlsx","Rollout Schedule.xlsx","oakley.xiong@partner1.example.com","Guest"
"2026-07-29T14:59:38Z","e931374a-913e-db3b-5377-a27b3733e0b3","SharingSet","blair.jovanovic@example.com","SharePoint","https://example.sharepoint.com/sites/vendors/","https://example.sharepoint.com/sites/vendors/Shared Documents/Security Questionnaire.docx","Security Questionnaire.docx","logan.xiong@partner11.example.com","Guest"
"2026-07-29T15:35:28Z","8fa5a932-5c26-d0ec-5d84-8e38a441f764","AnonymousLinkUsed","urn:spo:anon#408662","SharePoint","https://example.sharepoint.com/sites/northwind/","https://example.sharepoint.com/sites/northwind/Shared Documents/Architecture Review.pptx","Architecture Review.pptx","",""
"2026-07-29T16:03:38Z","6b59a526-3540-1694-a7d5-2885a9d137f5","SharingSet","sage.quintero@example.com","SharePoint","https://example.sharepoint.com/sites/vendors/","https://example.sharepoint.com/sites/vendors/Shared Documents/Test Results.xlsx","Test Results.xlsx","umi.ibarra@partner10.example.com","Guest"
"2026-07-30T08:14:00Z","8c67eba7-e376-675e-094c-954fa1a666ae","SharingSet","drew.petrov@example.com","SharePoint","https://example.sharepoint.com/sites/sunfish/","https://example.sharepoint.com/sites/sunfish/Shared Documents/Security Questionnaire.docx","Security Questionnaire.docx","jordan.eriksen@partner7.example.com","Guest"
"2026-07-30T08:17:25Z","26830c28-eafe-d499-c842-f1879334dfc4","SharingSet","tatum.rasmussen@example.com","SharePoint","https://example.sharepoint.com/sites/vendors/","https://example.sharepoint.com/sites/vendors/Shared Documents/Test Results.xlsx","Test Results.xlsx","finley.lindqvist@partner9.example.com","Guest"
"2026-07-30T10:17:03Z","94df59e3-e974-14a0-516e-bf1bb1565bd2","SharingSet","blair.ueda@example.com","SharePoint","https://example.sharepoint.com/sites/sunfish/","https://example.sharepoint.com/sites/sunfish/Shared Documents/Security Questionnaire.docx","Security Questionnaire.docx","avery.haddad@partner5.example.com","Guest"
"2026-07-30T10:47:10Z","2946be46-6c0f-436e-10ff-51efab2ec010","SharingInvitationCreated","drew.petrov@example.com","SharePoint","https://example.sharepoint.com/sites/launch/","https://example.sharepoint.com/sites/launch/Shared Documents/Architecture Review.pptx","Architecture Review.pptx","jordan.eriksen@partner7.example.com","Guest"
"2026-07-30T11:07:01Z","43388e5f-3949-57cf-fd8c-676fd01944f9","SharingSet","tatum.ibarra@example.com","SharePoint","https://example.sharepoint.com/sites/vendors/","https://example.sharepoint.com/sites/vendors/Shared Documents/Security Questionnaire.docx","Security Questionnaire.docx","sage.xiong@partner8.example.com","Guest"
"2026-07-30T12:47:10Z","29835c6e-71fe-61c1-2c7e-78d59202ef13","SecureLinkCreated","drew.petrov@example.com","SharePoint","https://example.sharepoint.com/sites/launch/","https://example.sharepoint.com/sites/launch/Shared Documents/Pricing Model.xlsx","Pricing Model.xlsx","jordan.eriksen@partner7.example.com","Guest"
"2026-07-30T13:27:13Z","6ea2828c-3a27-258c-d58c-8a4ca7de8b0b","SharingSet","blair.gallagher@example.com","SharePoint","https://example.sharepoint.com/sites/northwind/","https://example.sharepoint.com/sites/northwind/Shared Documents/Test Results.xlsx","Test Results.xlsx","finley.chaudhry@partner10.example.com","Guest"
"2026-07-30T13:47:10Z","d6c4e76a-b0d6-93d8-d16b-6787fee068c1","AddedToSecureLink","drew.petrov@example.com","SharePoint","https://example.sharepoint.com/sites/vendors/","https://example.sharepoint.com/sites/vendors/Shared Documents/Test Results.xlsx","Test Results.xlsx","jordan.eriksen@partner7.example.com","Guest"
"2026-07-30T15:32:51Z","47071582-ee7f-debe-6b6a-2e68fb1a8647","SharingSet","yael.kowalski@example.com","SharePoint","https://example.sharepoint.com/sites/northwind/","https://example.sharepoint.com/sites/northwind/Shared Documents/Meeting Notes.docx","Meeting Notes.docx","harper.rasmussen@partner3.example.com","Guest"
"2026-07-30T16:43:36Z","a721fa41-8053-b469-ef09-a1fa62bf6bf6","AnonymousLinkUsed","urn:spo:anon#366959","SharePoint","https://example.sharepoint.com/sites/launch/","https://example.sharepoint.com/sites/launch/Shared Documents/Rollout Schedule.xlsx","Rollout Schedule.xlsx","",""
"2026-07-30T18:04:31Z","ea5b565e-5065-4790-ddc9-529adfd674d8","SecureLinkUsed","parker.nakamura@partner8.example.com","SharePoint","https://example.sharepoint.com/sites/sunfish/","https://example.sharepoint.com/sites/sunfish/Shared Documents/Migration Plan.docx","Migration Plan.docx","parker.nakamura@partner8.example.com","Guest"
"2026-07-30T18:45:18Z","db36dffb-00c9-7984-b410-1b95e497e0a6","SharingSet","vale.takahashi@example.com","SharePoint","https://example.sharepoint.com/sites/northwind/","https://example.sharepoint.com/sites/northwind/Shared Documents/Pricing Model.xlsx","Pricing Model.xlsx","blair.eriksen@partner11.example.com","Guest"
"2026-07-31T07:14:32Z","b3dfb3b1-9859-35f0-9845-360d203ed43c","SharingSet","blair.gallagher@example.com","SharePoint","https://example.sharepoint.com/sites/launch/","https://example.sharepoint.com/sites/launch/Shared Documents/Architecture Review.pptx","Architecture Review.pptx","finley.chaudhry@partner10.example.com","Guest"
"2026-07-31T07:47:10Z","d6dc18a5-5281-bb38-96af-3e94e967ac4d","SharingInvitationAccepted","jordan.eriksen@partner7.example.com","SharePoint","https://example.sharepoint.com/sites/sunfish/","https://example.sharepoint.com/sites/sunfish/Shared Documents/Pricing Model.xlsx","Pricing Model.xlsx","jordan.eriksen@partner7.example.com","Guest"
"2026-07-31T08:25:12Z","59a5c612-6f02-b377-6a97-a205264610ed","AnonymousLinkUsed","urn:spo:anon#348162","SharePoint","https://example.sharepoint.com/sites/launch/","https://example.sharepoint.com/sites/launch/Shared Documents/Rollout Schedule.xlsx","Rollout Schedule.xlsx","",""
"2026-07-31T09:09:56Z","c0400d6b-b81f-c280-ef0a-0301ceaf73f4","SharingSet","noor.petrov@example.com","SharePoint","https://example.sharepoint.com/sites/northwind/","https://example.sharepoint.com/sites/northwind/Shared Documents/Meeting Notes.docx","Meeting Notes.docx","kai.ibarra@partner2.example.com","Guest"
"2026-07-31T09:17:45Z","6b6ec12f-523c-0c64-aa31-f06ccfad3b2b","AnonymousLinkRemoved","tatum.jovanovic@example.com","SharePoint","https://example.sharepoint.com/sites/launch/","https://example.sharepoint.com/sites/launch/Shared Documents/Pricing Model.xlsx","Pricing Model.xlsx","",""
"2026-07-31T09:51:13Z","72f736ea-f376-429f-d978-6590c968196c","SharingSet","emery.nakamura@example.com","SharePoint","https://example.sharepoint.com/sites/sunfish/","https://example.sharepoint.com/sites/sunfish/Shared Documents/Migration Plan.docx","Migration Plan.docx","vale.quintero@partner8.example.com","Guest"
"2026-07-31T11:25:01Z","abfb2dca-0aa1-1d90-a14c-98496d27886d","SharingRevoked","wren.zawadzki@example.com","SharePoint","https://example.sharepoint.com/sites/vendors/","https://example.sharepoint.com/sites/vendors/Shared Documents/Test Results.xlsx","Test Results.xlsx","yael.haddad@partner4.example.com","Guest"
"2026-07-31T11:28:37Z","ad7d1258-8ccf-4ad6-a2fb-b5f3391549f1","AnonymousLinkUsed","urn:spo:anon#402622","SharePoint","https://example.sharepoint.com/sites/northwind/","https://example.sharepoint.com/sites/northwind/Shared Documents/Rollout Schedule.xlsx","Rollout Schedule.xlsx","",""
"2026-07-31T11:29:41Z","6bc792bc-2a99-8630-bc87-9ac924e7971b","SharingSet","zephyr.gallagher@example.com","SharePoint","https://example.sharepoint.com/sites/northwind/","https://example.sharepoint.com/sites/northwind/Shared Documents/Rollout Schedule.xlsx","Rollout Schedule.xlsx","reese.ibarra@partner7.example.com","Guest"
"2026-07-31T12:51:24Z","c85a754a-b426-4199-3909-76b93bbfa7d8","SharingSet","oakley.moreau@example.com","SharePoint","https://example.sharepoint.com/sites/sunfish/","https://example.sharepoint.com/sites/sunfish/Shared Documents/Architecture Review.pptx","Architecture Review.pptx","zephyr.bergstrom@partner12.example.com","Guest"
"2026-07-31T13:08:46Z","6cbd795b-bedf-73d5-28d6-202feee89646","SharingSet","noor.vasquez@example.com","SharePoint","https://example.sharepoint.com/sites/launch/","https://example.sharepoint.com/sites/launch/Shared Documents/Rollout Schedule.xlsx","Rollout Schedule.xlsx","emery.yilmaz@partner4.example.com","Guest"
"2026-07-31T15:19:29Z","7cca6ad4-efa2-5e68-053b-ee4f2db2d69a","AnonymousLinkUsed","urn:spo:anon#751599","OneDrive","https://example-my.sharepoint.com/personal/avery_abara_example_com/","https://example-my.sharepoint.com/personal/avery_abara_example_com/Shared Documents/Test Results.xlsx","Test Results.xlsx","",""
"2026-07-31T15:49:07Z","6dcfb6a9-edaf-1b18-c664-a177f1c19412","AnonymousLinkUsed","urn:spo:anon#184131","SharePoint","https://example.sharepoint.com/sites/northwind/","https://example.sharepoint.com/sites/northwind/Shared Documents/Test Results.xlsx","Test Results.xlsx","",""
"2026-07-31T16:04:11Z","19caa22d-330d-1224-988d-bcb90c8c6352","SecureLinkUsed","finley.haddad@partner5.example.com","OneDrive","https://example-my.sharepoint.com/personal/avery_abara_example_com/","https://example-my.sharepoint.com/personal/avery_abara_example_com/Shared Documents/Migration Plan.docx","Migration Plan.docx","finley.haddad@partner5.example.com","Guest"
"2026-07-31T16:27:39Z","3f1af87c-8766-8307-7291-202fa2f628a3","SharingSet","blair.rasmussen2@example.com","SharePoint","https://example.sharepoint.com/sites/sunfish/","https://example.sharepoint.com/sites/sunfish/Shared Documents/Rollout Schedule.xlsx","Rollout Schedule.xlsx","drew.ueda@partner2.example.com","Guest"
"2026-07-31T16:44:53Z","856311dc-7d7f-ee33-42cf-18cee6b4a7a6","SharingInvitationCreated","xan.quintero@example.com","OneDrive","https://example-my.sharepoint.com/personal/avery_abara_example_com/","https://example-my.sharepoint.com/personal/avery_abara_example_com/Shared Documents/Meeting Notes.docx","Meeting Notes.docx","finley.petrov@partner8.example.com","Guest"
"2026-07-31T17:29:32Z","72898300-993b-4413-3ea7-187e0d2949f1","SharingSet","indigo.ibarra@example.com","SharePoint","https://example.sharepoint.com/sites/vendors/","https://example.sharepoint.com/sites/vendors/Shared Documents/Statement of Work.docx","Statement of Work.docx","kai.bergstrom@partner11.example.com","Guest"
"2026-07-31T18:08:19Z","302b1166-7c38-8925-b9a0-ec4d68097df0","SharingSet","blair.ueda@example.com","SharePoint","https://example.sharepoint.com/sites/northwind/","https://example.sharepoint.com/sites/northwind/Shared Documents/Security Questionnaire.docx","Security Questionnaire.docx","avery.haddad@partner5.example.com","Guest"
"2026-07-31T18:44:53Z","9b082a34-26e0-5287-ec12-bf6530306949","SecureLinkCreated","xan.quintero@example.com","SharePoint","https://example.sharepoint.com/sites/vendors/","https://example.sharepoint.com/sites/vendors/Shared Documents/Security Questionnaire.docx","Security Questionnaire.docx","finley.petrov@partner8.example.com","Guest"
"2026-07-31T19:44:53Z","5a2528dd-1ace-fc4e-8408-2c406ef9e110","AddedToSecureLink","xan.quintero@example.com","SharePoint","https://example.sharepoint.com/sites/sunfish/","https://example.sharepoint.com/sites/sunfish/Shared Documents/Rollout Schedule.xlsx","Rollout Schedule.xlsx","finley.petrov@partner8.example.com","Guest"
"2026-08-01T08:11:47Z","f21784aa-7993-a427-785e-d1b08c90324f","AnonymousLinkUsed","urn:spo:anon#812643","OneDrive","https://example-my.sharepoint.com/personal/avery_abara_example_com/","https://example-my.sharepoint.com/personal/avery_abara_example_com/Shared Documents/Pricing Model.xlsx","Pricing Model.xlsx","",""
"2026-08-01T08:12:35Z","fa3546a9-b9f3-c8e0-2ddb-20bde63f99ee","SharingSet","quinn.yilmaz@example.com","SharePoint","https://example.sharepoint.com/sites/vendors/","https://example.sharepoint.com/sites/vendors/Shared Documents/Rollout Schedule.xlsx","Rollout Schedule.xlsx","xan.ibarra@partner11.example.com","Guest"
"2026-08-01T10:08:40Z","a3163c11-6bf3-1788-1d61-bb2195a94d48","SharingInvitationCreated","noor.vasquez@example.com","SharePoint","https://example.sharepoint.com/sites/sunfish/","https://example.sharepoint.com/sites/sunfish/Shared Documents/Migration Plan.docx","Migration Plan.docx","emery.yilmaz@partner4.example.com","Guest"
"2026-08-01T11:08:15Z","295bca0e-6baf-1092-b023-c177febb050f","AnonymousLinkUsed","urn:spo:anon#263306","SharePoint","https://example.sharepoint.com/sites/sunfish/","https://example.sharepoint.com/sites/sunfish/Shared Documents/Statement of Work.docx","Statement of Work.docx","",""
"2026-08-01T11:16:46Z","98dc6d6f-baa5-af7a-fae5-1bd59e082e27","SharingSet","quinn.silva2@example.com","SharePoint","https://example.sharepoint.com/sites/launch/","https://example.sharepoint.com/sites/launch/Shared Documents/Test Results.xlsx","Test Results.xlsx","reese.moreau@partner6.example.com","Guest"
"2026-08-01T12:08:40Z","e5bf5a3d-a70b-788b-32e0-580d166b019b","SecureLinkCreated","noor.vasquez@example.com","OneDrive","https://example-my.sharepoint.com/personal/avery_abara_example_com/","https://example-my.sharepoint.com/personal/avery_abara_example_com/Shared Documents/Architecture Review.pptx","Architecture Review.pptx","emery.yilmaz@partner4.example.com","Guest"
"2026-08-01T13:06:45Z","ceb29862-13f5-555f-6c05-0cb5be8283b5","SharingSet","xan.kowalski@example.com","SharePoint","https://example.sharepoint.com/sites/vendors/","https://example.sharepoint.com/sites/vendors/Shared Documents/Test Results.xlsx","Test Results.xlsx","reese.quintero@partner3.example.com","Guest"
"2026-08-01T13:08:40Z","0f5cfab6-28d2-2764-fbe6-031bf1a76cc8","AddedToSecureLink","noor.vasquez@example.com","OneDrive","https://example-my.sharepoint.com/personal/avery_abara_example_com/","https://example-my.sharepoint.com/personal/avery_abara_example_com/Shared Documents/Migration Plan.docx","Migration Plan.docx","emery.yilmaz@partner4.example.com","Guest"
"2026-08-01T13:42:11Z","8ce98db9-dcf4-a03e-1fea-79012aae9932","AnonymousLinkUsed","urn:spo:anon#637101","SharePoint","https://example.sharepoint.com/sites/sunfish/","https://example.sharepoint.com/sites/sunfish/Shared Documents/Pricing Model.xlsx","Pricing Model.xlsx","",""
"2026-08-01T13:53:34Z","7401ac03-c1fd-9601-731e-5579ac48a273","AnonymousLinkUsed","urn:spo:anon#521929","SharePoint","https://example.sharepoint.com/sites/vendors/","https://example.sharepoint.com/sites/vendors/Shared Documents/Rollout Schedule.xlsx","Rollout Schedule.xlsx","",""
"2026-08-01T14:27:52Z","725684de-e8b8-1399-5baf-a11894e2d259","SharingSet","indigo.ibarra@example.com","OneDrive","https://example-my.sharepoint.com/personal/avery_abara_example_com/","https://example-my.sharepoint.com/personal/avery_abara_example_com/Shared Documents/Architecture Review.pptx","Architecture Review.pptx","kai.bergstrom@partner11.example.com","Guest"
"2026-08-01T14:55:35Z","1fae846c-b0da-803e-19d0-f0deb00cd673","AnonymousLinkUsed","urn:spo:anon#673198","SharePoint","https://example.sharepoint.com/sites/sunfish/","https://example.sharepoint.com/sites/sunfish/Shared Documents/Architecture Review.pptx","Architecture Review.pptx","",""
"2026-08-01T17:32:20Z","2f112230-8397-774d-3308-f9f35ee7b738","SharingSet","harper.yilmaz@example.com","SharePoint","https://example.sharepoint.com/sites/sunfish/","https://example.sharepoint.com/sites/sunfish/Shared Documents/Test Results.xlsx","Test Results.xlsx","logan.vasquez@partner9.example.com","Guest"
"2026-08-01T17:39:17Z","0e7e07cd-9b54-4d4f-8111-ca629a266465","AnonymousLinkUsed","urn:spo:anon#838803","SharePoint","https://example.sharepoint.com/sites/sunfish/","https://example.sharepoint.com/sites/sunfish/Shared Documents/Statement of Work.docx","Statement of Work.docx","",""
"2026-08-01T18:35:15Z","a7f22491-a3e2-3170-2ac9-365033b8e97b","AnonymousLinkUsed","urn:spo:anon#194070","SharePoint","https://example.sharepoint.com/sites/launch/","https://example.sharepoint.com/sites/launch/Shared Documents/Rollout Schedule.xlsx","Rollout Schedule.xlsx","",""
"2026-08-01T19:25:00Z","ff4b899f-0557-c616-df1f-c4b9f3c5555b","SecureLinkUsed","blair.kowalski@partner6.example.com","SharePoint","https://example.sharepoint.com/sites/launch/","https://example.sharepoint.com/sites/launch/Shared Documents/Pricing Model.xlsx","Pricing Model.xlsx","blair.kowalski@partner6.example.com","Guest"
"2026-08-01T19:35:01Z","dae073d2-b2e7-fe2b-506b-b76f39d0dfdc","AnonymousLinkUsed","urn:spo:anon#699786","SharePoint","https://example.sharepoint.com/sites/northwind/","https://example.sharepoint.com/sites/northwind/Shared Documents/Statement of Work.docx","Statement of Work.docx","",""
"2026-08-02T08:22:41Z","60951786-a5fe-c9ee-eedd-19a10daf91e0","AnonymousLinkUsed","urn:spo:anon#272382","SharePoint","https://example.sharepoint.com/sites/vendors/","https://example.sharepoint.com/sites/vendors/Shared Documents/Architecture Review.pptx","Architecture Review.pptx","",""
"2026-08-02T08:46:43Z","8b0d0e0c-04dc-9d21-dd5f-9e9229fec450","SharingSet","harper.okonkwo@example.com","SharePoint","https://example.sharepoint.com/sites/northwind/","https://example.sharepoint.com/sites/northwind/Shared Documents/Security Questionnaire.docx","Security Questionnaire.docx","blair.kowalski@partner6.example.com","Guest"
"2026-08-02T08:51:45Z","3afe1041-e27c-a4aa-fe5e-b5b7cc470aeb","SharingSet","blair.rasmussen2@example.com","SharePoint","https://example.sharepoint.com/sites/launch/","https://example.sharepoint.com/sites/launch/Shared Documents/Security Questionnaire.docx","Security Questionnaire.docx","umi.xiong@partner12.example.com","Guest"
"2026-08-02T12:35:35Z","defcc47f-a634-654c-523a-9069e23e2719","AnonymousLinkUsed","urn:spo:anon#314142","OneDrive","https://example-my.sharepoint.com/personal/avery_abara_example_com/","https://example-my.sharepoint.com/personal/avery_abara_example_com/Shared Documents/Security Questionnaire.docx","Security Questionnaire.docx","",""
"2026-08-02T12:47:09Z","2edb672c-ea29-cf36-ec56-a6ddc5f8a34a","SharingSet","indigo.yilmaz@example.com","SharePoint","https://example.sharepoint.com/sites/sunfish/","https://example.sharepoint.com/sites/sunfish/Shared Documents/Test Results.xlsx","Test Results.xlsx","drew.haddad@partner4.example.com","Guest"
"2026-08-02T13:44:53Z","e9ffb508-2a3d-63b1-e4f1-bec6eb8e77bb","SharingInvitationAccepted","finley.petrov@partner8.example.com","OneDrive","https://example-my.sharepoint.com/personal/avery_abara_example_com/","https://example-my.sharepoint.com/personal/avery_abara_example_com/Shared Documents/Pricing Model.xlsx","Pricing Model.xlsx","finley.petrov@partner8.example.com","Guest"
"2026-08-02T14:33:09Z","99d4918e-a4b2-1789-beae-27b10257a933","AnonymousLinkUsed","urn:spo:anon#512414","SharePoint","https://example.sharepoint.com/sites/sunfish/","https://example.sharepoint.com/sites/sunfish/Shared Documents/Test Results.xlsx","Test Results.xlsx","",""
"2026-08-02T15:07:36Z","af2e9e94-7611-819c-68c6-a52847683a6a","AnonymousLinkCreated","blair.zawadzki@example.com","OneDrive","https://example-my.sharepoint.com/personal/avery_abara_example_com/","https://example-my.sharepoint.com/personal/avery_abara_example_com/Shared Documents/Statement of Work.docx","Statement of Work.docx","",""
"2026-08-02T15:41:42Z","40acdb5f-8c05-b232-ce51-de987a037c19","SecureLinkUsed","casey.kowalski@partner1.example.com","SharePoint","https://example.sharepoint.com/sites/vendors/","https://example.sharepoint.com/sites/vendors/Shared Documents/Rollout Schedule.xlsx","Rollout Schedule.xlsx","casey.kowalski@partner1.example.com","Guest"
"2026-08-02T16:05:24Z","4baa335c-1949-8fd5-f2db-b535f69743ef","SecureLinkUsed","logan.xiong@partner11.example.com","SharePoint","https://example.sharepoint.com/sites/northwind/","https://example.sharepoint.com/sites/northwind/Shared Documents/Test Results.xlsx","Test Results.xlsx","logan.xiong@partner11.example.com","Guest"
"2026-08-02T16:07:13Z","1c6eafae-3f5d-9485-6e15-f62f37d48836","SharingInvitationCreated","xan.kowalski@example.com","SharePoint","https://example.sharepoint.com/sites/sunfish/","https://example.sharepoint.com/sites/sunfish/Shared Documents/Rollout Schedule.xlsx","Rollout Schedule.xlsx","reese.quintero@partner3.example.com","Guest"
"2026-08-02T17:34:49Z","720280bc-a1b2-7bf4-6671-f9241b44a088","SharingSet","logan.quintero@example.com","SharePoint","https://example.sharepoint.com/sites/northwind/","https://example.sharepoint.com/sites/northwind/Shared Documents/Pricing Model.xlsx","Pricing Model.xlsx","jordan.lindqvist@partner3.example.com","Guest"
"2026-08-02T18:07:13Z","4d7857f6-a530-2634-74e5-1a50f1793610","SecureLinkCreated","xan.kowalski@example.com","SharePoint","https://example.sharepoint.com/sites/launch/","https://example.sharepoint.com/sites/launch/Shared Documents/Rollout Schedule.xlsx","Rollout Schedule.xlsx","reese.quintero@partner3.example.com","Guest"
"2026-08-02T18:48:31Z","6de8e781-ba95-e796-61e0-ba985139e9c8","SharingSet","noor.vasquez@example.com","SharePoint","https://example.sharepoint.com/sites/launch/","https://example.sharepoint.com/sites/launch/Shared Documents/Migration Plan.docx","Migration Plan.docx","emery.yilmaz@partner4.example.com","Guest"
"2026-08-02T18:48:36Z","d6f7db83-9df1-2630-ecef-d1a8d314df39","AnonymousLinkUsed","urn:spo:anon#206607","SharePoint","https://example.sharepoint.com/sites/northwind/","https://example.sharepoint.com/sites/northwind/Shared Documents/Security Questionnaire.docx","Security Questionnaire.docx","",""
"2026-08-02T19:07:13Z","5040b941-2248-75a1-27b9-204599fcd1e2","AddedToSecureLink","xan.kowalski@example.com","OneDrive","https://example-my.sharepoint.com/personal/avery_abara_example_com/","https://example-my.sharepoint.com/personal/avery_abara_example_com/Shared Documents/Architecture Review.pptx","Architecture Review.pptx","reese.quintero@partner3.example.com","Guest"
"2026-08-03T07:05:26Z","f979d6df-a938-7033-057f-0321c1851793","SharingSet","wren.zawadzki@example.com","SharePoint","https://example.sharepoint.com/sites/vendors/","https://example.sharepoint.com/sites/vendors/Shared Documents/Test Results.xlsx","Test Results.xlsx","casey.okonkwo@partner8.example.com","Guest"
"2026-08-03T07:27:29Z","352b9a00-4b0c-6fee-2d34-ae02cc0f87a7","SecureLinkUsed","finley.lindqvist@partner9.example.com","SharePoint","https://example.sharepoint.com/sites/vendors/","https://example.sharepoint.com/sites/vendors/Shared Documents/Pricing Model.xlsx","Pricing Model.xlsx","finley.lindqvist@partner9.example.com","Guest"
"2026-08-03T08:33:50Z","1553e5f2-2c47-af16-0d9c-a8e4155c270a","SharingSet","drew.jovanovic2@example.com","SharePoint","https://example.sharepoint.com/sites/launch/","https://example.sharepoint.com/sites/launch/Shared Documents/Security Questionnaire.docx","Security Questionnaire.docx","blair.kowalski@partner3.example.com","Guest"
"2026-08-03T09:30:22Z","3fb3325e-b1fe-928e-9cd9-b94d1eecf9da","SecureLinkUsed","kai.ibarra@partner2.example.com","SharePoint","https://example.sharepoint.com/sites/vendors/","https://example.sharepoint.com/sites/vendors/Shared Documents/Migration Plan.docx","Migration Plan.docx","kai.ibarra@partner2.example.com","Guest"
"2026-08-03T09:45:26Z","02c6e2b0-34f4-7956-460d-1d0405b4b7ef","SharingSet","logan.okonkwo@example.com","SharePoint","https://example.sharepoint.com/sites/sunfish/","https://example.sharepoint.com/sites/sunfish/Shared Documents/Architecture Review.pptx","Architecture Review.pptx","drew.eriksen@partner12.example.com","Guest"
"2026-08-03T10:17:19Z","4f314acc-8497-5be3-f323-b59f4573a057","AnonymousLinkUsed","urn:spo:anon#348364","SharePoint","https://example.sharepoint.com/sites/launch/","https://example.sharepoint.com/sites/launch/Shared Documents/Test Results.xlsx","Test Results.xlsx","",""
"2026-08-03T12:29:00Z","99ed4baa-1c4d-1ad1-08b3-0f485f9923cb","SharingSet","emery.nakamura@example.com","OneDrive","https://example-my.sharepoint.com/personal/avery_abara_example_com/","https://example-my.sharepoint.com/personal/avery_abara_example_com/Shared Documents/Pricing Model.xlsx","Pricing Model.xlsx","vale.quintero@partner8.example.com","Guest"
"2026-08-03T13:09:25Z","fc85eb56-9394-55ba-35a4-6aa5c187f892","AnonymousLinkUsed","urn:spo:anon#142361","SharePoint","https://example.sharepoint.com/sites/northwind/","https://example.sharepoint.com/sites/northwind/Shared Documents/Rollout Schedule.xlsx","Rollout Schedule.xlsx","",""
"2026-08-03T14:54:04Z","ff291919-42cc-b0c3-7b1f-6c4521ad4496","AnonymousLinkUsed","urn:spo:anon#645471","SharePoint","https://example.sharepoint.com/sites/sunfish/","https://example.sharepoint.com/sites/sunfish/Shared Documents/Pricing Model.xlsx","Pricing Model.xlsx","",""
"2026-08-03T15:39:58Z","1bd04918-923e-7712-e3c1-0d3cb3df7a02","SharingSet","emery.nakamura@example.com","SharePoint","https://example.sharepoint.com/sites/vendors/","https://example.sharepoint.com/sites/vendors/Shared Documents/Architecture Review.pptx","Architecture Review.pptx","vale.quintero@partner8.example.com","Guest"
"2026-08-03T15:45:41Z","95338ace-3f52-afb5-107f-0f065817c321","AnonymousLinkUsed","urn:spo:anon#826478","SharePoint","https://example.sharepoint.com/sites/launch/","https://example.sharepoint.com/sites/launch/Shared Documents/Security Questionnaire.docx","Security Questionnaire.docx","",""
"2026-08-03T15:59:01Z","5ce72795-20aa-61b6-b9d8-ce9da9bcc73f","SharingInvitationCreated","emery.nakamura@example.com","SharePoint","https://example.sharepoint.com/sites/sunfish/","https://example.sharepoint.com/sites/sunfish/Shared Documents/Statement of Work.docx","Statement of Work.docx","vale.quintero@partner8.example.com","Guest"
"2026-08-03T16:00:59Z","a0b1ef17-ca4e-12d4-a1e3-014419ad933d","SecureLinkUsed","emery.yilmaz@partner4.example.com","OneDrive","https://example-my.sharepoint.com/personal/avery_abara_example_com/","https://example-my.sharepoint.com/personal/avery_abara_example_com/Shared Documents/Test Results.xlsx","Test Results.xlsx","emery.yilmaz@partner4.example.com","Guest"
"2026-08-03T17:07:13Z","f66d65e3-cc2e-1c15-e31f-465cd5e99ed7","SharingInvitationAccepted","reese.quintero@partner3.example.com","SharePoint","https://example.sharepoint.com/sites/northwind/","https://example.sharepoint.com/sites/northwind/Shared Documents/Test Results.xlsx","Test Results.xlsx","reese.quintero@partner3.example.com","Guest"
"2026-08-03T17:56:17Z","7f098180-b149-9563-5b06-bd1674cb843b","SharingSet","emery.nakamura@example.com","OneDrive","https://example-my.sharepoint.com/personal/avery_abara_example_com/","https://example-my.sharepoint.com/personal/avery_abara_example_com/Shared Documents/Rollout Schedule.xlsx","Rollout Schedule.xlsx","vale.quintero@partner8.example.com","Guest"
"2026-08-03T17:59:01Z","c8b5d4a1-c1f1-3f5b-a02b-0154bd749fdd","SecureLinkCreated","emery.nakamura@example.com","SharePoint","https://example.sharepoint.com/sites/launch/","https://example.sharepoint.com/sites/launch/Shared Documents/Migration Plan.docx","Migration Plan.docx","vale.quintero@partner8.example.com","Guest"
"2026-08-03T18:47:45Z","fa485431-b86c-01e3-efac-167d16bf1d82","SharingSet","logan.ueda@example.com","OneDrive","https://example-my.sharepoint.com/personal/avery_abara_example_com/","https://example-my.sharepoint.com/personal/avery_abara_example_com/Shared Documents/Statement of Work.docx","Statement of Work.docx","drew.fontaine@partner1.example.com","Guest"
"2026-08-03T18:59:01Z","27e2a080-f5f3-5ae8-b42f-af2f5a3e6009","SharingInvitationAccepted","vale.quintero@partner8.example.com","OneDrive","https://example-my.sharepoint.com/personal/avery_abara_example_com/","https://example-my.sharepoint.com/personal/avery_abara_example_com/Shared Documents/Test Results.xlsx","Test Results.xlsx","vale.quintero@partner8.example.com","Guest"
"2026-08-03T18:59:01Z","66f300b3-c5c2-3201-09a8-735e49b2dbd2","AddedToSecureLink","emery.nakamura@example.com","SharePoint","https://example.sharepoint.com/sites/launch/","https://example.sharepoint.com/sites/launch/Shared Documents/Security Questionnaire.docx","Security Questionnaire.docx","vale.quintero@partner8.example.com","Guest"
"2026-08-03T19:21:06Z","98cfa489-1581-2928-a6db-f36c904ab6a8","AnonymousLinkUsed","urn:spo:anon#394353","SharePoint","https://example.sharepoint.com/sites/northwind/","https://example.sharepoint.com/sites/northwind/Shared Documents/Architecture Review.pptx","Architecture Review.pptx","",""
"2026-08-03T21:08:40Z","415bb4bb-94ba-4320-24f0-227bb706a302","SharingInvitationAccepted","emery.yilmaz@partner4.example.com","SharePoint","https://example.sharepoint.com/sites/northwind/","https://example.sharepoint.com/sites/northwind/Shared Documents/Security Questionnaire.docx","Security Questionnaire.docx","emery.yilmaz@partner4.example.com","Guest"
"2026-08-04T07:19:06Z","627a8b72-5352-02de-a36c-d083fdc404df","SharingSet","parker.takahashi@example.com","SharePoint","https://example.sharepoint.com/sites/northwind/","https://example.sharepoint.com/sites/northwind/Shared Documents/Rollout Schedule.xlsx","Rollout Schedule.xlsx","yael.fontaine@partner3.example.com","Guest"
"2026-08-04T07:37:40Z","75d3cb00-2a54-4f90-5190-24533ca0becc","SharingSet","quinn.yilmaz@example.com","SharePoint","https://example.sharepoint.com/sites/northwind/","https://example.sharepoint.com/sites/northwind/Shared Documents/Test Results.xlsx","Test Results.xlsx","xan.ibarra@partner11.example.com","Guest"
"2026-08-04T07:48:30Z","d3acdb14-845b-1daa-88fe-d26a6f3a7899","SharingSet","tatum.rasmussen@example.com","SharePoint","https://example.sharepoint.com/sites/vendors/","https://example.sharepoint.com/sites/vendors/Shared Documents/Test Results.xlsx","Test Results.xlsx","finley.lindqvist@partner9.example.com","Guest"
"2026-08-04T08:51:31Z","450f7e0c-85b1-08d4-cc91-62ab9605d80b","SharingSet","quinn.yilmaz@example.com","SharePoint","https://example.sharepoint.com/sites/vendors/","https://example.sharepoint.com/sites/vendors/Shared Documents/Test Results.xlsx","Test Results.xlsx","xan.ibarra@partner11.example.com","Guest"
"2026-08-04T09:24:52Z","78834ee0-9fde-e81e-5264-e207205d2264","AnonymousLinkUsed","urn:spo:anon#578635","SharePoint","https://example.sharepoint.com/sites/northwind/","https://example.sharepoint.com/sites/northwind/Shared Documents/Rollout Schedule.xlsx","Rollout Schedule.xlsx","",""
"2026-08-04T09:31:36Z","1b809034-430b-bea4-0f3c-55258f68f107","SharingSet","drew.jovanovic2@example.com","OneDrive","https://example-my.sharepoint.com/personal/avery_abara_example_com/","https://example-my.sharepoint.com/personal/avery_abara_example_com/Shared Documents/Statement of Work.docx","Statement of Work.docx","blair.kowalski@partner3.example.com","Guest"
"2026-08-04T12:41:04Z","8fb4f360-02d6-fd75-5801-5f65c9fa9000","AnonymousLinkUsed","urn:spo:anon#607804","SharePoint","https://example.sharepoint.com/sites/sunfish/","https://example.sharepoint.com/sites/sunfish/Shared Documents/Migration Plan.docx","Migration Plan.docx","",""
"2026-08-04T15:16:29Z","afe056d4-f2f1-39f9-07d0-2804d0e938c8","SharingSet","harper.quintero@example.com","SharePoint","https://example.sharepoint.com/sites/vendors/","https://example.sharepoint.com/sites/vendors/Shared Documents/Architecture Review.pptx","Architecture Review.pptx","finley.haddad@partner5.example.com","Guest"
"2026-08-04T15:28:57Z","7fca3a0b-f6b5-344c-417f-fb2806618717","AnonymousLinkUsed","urn:spo:anon#411953","SharePoint","https://example.sharepoint.com/sites/launch/","https://example.sharepoint.com/sites/launch/Shared Documents/Test Results.xlsx","Test Results.xlsx","",""
"2026-08-04T16:22:22Z","e92c953c-e2db-ca4c-850f-f5595a247c0b","SharingSet","harper.okonkwo@example.com","SharePoint","https://example.sharepoint.com/sites/launch/","https://example.sharepoint.com/sites/launch/Shared Documents/Test Results.xlsx","Test Results.xlsx","blair.kowalski@partner6.example.com","Guest"
"2026-08-04T18:25:14Z","35c8e1da-349e-7613-6020-4dce0ef962e9","AnonymousLinkUsed","urn:spo:anon#294577","SharePoint","https://example.sharepoint.com/sites/vendors/","https://example.sharepoint.com/sites/vendors/Shared Documents/Architecture Review.pptx","Architecture Review.pptx","",""
"2026-08-04T18:47:38Z","f33e2928-3520-c0dc-ea1c-c212e49a8da8","AnonymousLinkUsed","urn:spo:anon#195586","SharePoint","https://example.sharepoint.com/sites/sunfish/","https://example.sharepoint.com/sites/sunfish/Shared Documents/Test Results.xlsx","Test Results.xlsx","",""
"2026-08-05T08:09:57Z","0a6359be-f795-a45a-35f2-6d7196cc7d44","AnonymousLinkUsed","urn:spo:anon#461588","SharePoint","https://example.sharepoint.com/sites/sunfish/","https://example.sharepoint.com/sites/sunfish/Shared Documents/Rollout Schedule.xlsx","Rollout Schedule.xlsx","",""
"2026-08-05T08:27:33Z","553d1107-0e0a-e488-333a-40eec9dcc0bb","AnonymousLinkUsed","urn:spo:anon#863122","SharePoint","https://example.sharepoint.com/sites/vendors/","https://example.sharepoint.com/sites/vendors/Shared Documents/Rollout Schedule.xlsx","Rollout Schedule.xlsx","",""
"2026-08-05T08:44:20Z","f35930de-e89d-efd8-a551-e94cbe17e7e7","SharingSet","yael.kowalski@example.com","OneDrive","https://example-my.sharepoint.com/personal/avery_abara_example_com/","https://example-my.sharepoint.com/personal/avery_abara_example_com/Shared Documents/Rollout Schedule.xlsx","Rollout Schedule.xlsx","harper.rasmussen@partner3.example.com","Guest"
"2026-08-05T09:11:12Z","49cff0ad-bb49-b3e1-f797-2f9dfe22650e","AnonymousLinkUsed","urn:spo:anon#272269","SharePoint","https://example.sharepoint.com/sites/sunfish/","https://example.sharepoint.com/sites/sunfish/Shared Documents/Statement of Work.docx","Statement of Work.docx","",""
"2026-08-05T09:42:16Z","1ffda47f-3ae5-5ccb-02de-01750714bddf","AnonymousLinkUsed","urn:spo:anon#374254","SharePoint","https://example.sharepoint.com/sites/vendors/","https://example.sharepoint.com/sites/vendors/Shared Documents/Statement of Work.docx","Statement of Work.docx","",""
"2026-08-05T12:45:27Z","a7a89d8e-4451-bb59-87f1-024c21d21624","AnonymousLinkUsed","urn:spo:anon#322280","SharePoint","https://example.sharepoint.com/sites/launch/","https://example.sharepoint.com/sites/launch/Shared Documents/Pricing Model.xlsx","Pricing Model.xlsx","",""
"2026-08-05T13:59:24Z","f0294ff3-c832-33be-2697-f40092963e8d","SharingSet","emery.nakamura@example.com","SharePoint","https://example.sharepoint.com/sites/launch/","https://example.sharepoint.com/sites/launch/Shared Documents/Security Questionnaire.docx","Security Questionnaire.docx","vale.quintero@partner8.example.com","Guest"
"2026-08-05T14:59:52Z","2d9c760e-07f6-728b-a3f1-211810e1caed","SharingInvitationRevoked","drew.jovanovic@example.com","OneDrive","https://example-my.sharepoint.com/personal/avery_abara_example_com/","https://example-my.sharepoint.com/personal/avery_abara_example_com/Shared Documents/Rollout Schedule.xlsx","Rollout Schedule.xlsx","parker.takahashi@partner7.example.com","Guest"
"2026-08-05T15:21:51Z","32d035b0-f93c-5c29-ce72-a5d94accf154","SecureLinkUsed","reese.quintero@partner3.example.com","SharePoint","https://example.sharepoint.com/sites/sunfish/","https://example.sharepoint.com/sites/sunfish/Shared Documents/Statement of Work.docx","Statement of Work.docx","reese.quintero@partner3.example.com","Guest"
"2026-08-05T16:00:32Z","734efea0-be52-e3a7-b5cf-77fbf83d3f8e","SharingInvitationCreated","sage.haddad@example.com","SharePoint","https://example.sharepoint.com/sites/northwind/","https://example.sharepoint.com/sites/northwind/Shared Documents/Rollout Schedule.xlsx","Rollout Schedule.xlsx","yael.fontaine@partner10.example.com","Guest"
"2026-08-05T16:14:58Z","6a747449-c962-b4b8-f421-03e2aace3207","AnonymousLinkUsed","urn:spo:anon#336035","OneDrive","https://example-my.sharepoint.com/personal/avery_abara_example_com/","https://example-my.sharepoint.com/personal/avery_abara_example_com/Shared Documents/Statement of Work.docx","Statement of Work.docx","",""
"2026-08-05T16:26:25Z","0524d0fc-462b-46e5-396c-e18d8966661d","SharingSet","blair.rasmussen2@example.com","SharePoint","https://example.sharepoint.com/sites/sunfish/","https://example.sharepoint.com/sites/sunfish/Shared Documents/Test Results.xlsx","Test Results.xlsx","drew.ueda@partner2.example.com","Guest"
"2026-08-05T18:00:32Z","04f123b4-2b39-087b-983c-1c15074b0837","SecureLinkCreated","sage.haddad@example.com","SharePoint","https://example.sharepoint.com/sites/launch/","https://example.sharepoint.com/sites/launch/Shared Documents/Test Results.xlsx","Test Results.xlsx","yael.fontaine@partner10.example.com","Guest"
"2026-08-05T18:16:41Z","f37c307f-60b1-3a72-f586-2b41a3fe2e04","AnonymousLinkUsed","urn:spo:anon#460090","SharePoint","https://example.sharepoint.com/sites/northwind/","https://example.sharepoint.com/sites/northwind/Shared Documents/Migration Plan.docx","Migration Plan.docx","",""
"2026-08-05T19:00:32Z","6ef3bb3d-4c6f-e5a7-7551-02698038928f","AddedToSecureLink","sage.haddad@example.com","SharePoint","https://example.sharepoint.com/sites/launch/","https://example.sharepoint.com/sites/launch/Shared Documents/Architecture Review.pptx","Architecture Review.pptx","yael.fontaine@partner10.example.com","Guest"
"2026-08-05T19:51:39Z","eb4a7b0f-e22c-61ff-e4a9-e87dc7912311","SharingSet","tatum.ibarra@example.com","SharePoint","https://example.sharepoint.com/sites/vendors/","https://example.sharepoint.com/sites/vendors/Shared Documents/Pricing Model.xlsx","Pricing Model.xlsx","logan.fontaine@partner11.example.com","Guest"
"2026-08-06T08:56:10Z","55a66c53-f5ea-76f4-3d86-e2c7f20b46b4","SecureLinkUsed","yael.fontaine@partner10.example.com","OneDrive","https://example-my.sharepoint.com/personal/avery_abara_example_com/","https://example-my.sharepoint.com/personal/avery_abara_example_com/Shared Documents/Test Results.xlsx","Test Results.xlsx","yael.fontaine@partner10.example.com","Guest"
"2026-08-06T09:19:49Z","cd6f7829-514c-0788-0b3a-cb6ff2ec3247","SharingSet","noor.vasquez@example.com","SharePoint","https://example.sharepoint.com/sites/northwind/","https://example.sharepoint.com/sites/northwind/Shared Documents/Migration Plan.docx","Migration Plan.docx","emery.yilmaz@partner4.example.com","Guest"
"2026-08-06T10:05:53Z","b805e0f4-e637-eecb-68ad-7a3fedbba4bc","AnonymousLinkUsed","urn:spo:anon#282231","SharePoint","https://example.sharepoint.com/sites/launch/","https://example.sharepoint.com/sites/launch/Shared Documents/Security Questionnaire.docx","Security Questionnaire.docx","",""
"2026-08-06T14:11:58Z","b96d57ac-e11f-fcdc-3646-737fccb20270","SharingSet","indigo.yilmaz@example.com","OneDrive","https://example-my.sharepoint.com/personal/avery_abara_example_com/","https://example-my.sharepoint.com/personal/avery_abara_example_com/Shared Documents/Test Results.xlsx","Test Results.xlsx","drew.haddad@partner4.example.com","Guest"
"2026-08-06T14:48:40Z","80ffd332-6dbb-ee86-1a72-e5ba51daae5d","AnonymousLinkUsed","urn:spo:anon#463991","SharePoint","https://example.sharepoint.com/sites/sunfish/","https://example.sharepoint.com/sites/sunfish/Shared Documents/Rollout Schedule.xlsx","Rollout Schedule.xlsx","",""
"2026-08-06T15:11:01Z","f5ca20c3-92e4-f79d-d903-c2ee367aa932","SecureLinkUsed","kai.ibarra@partner2.example.com","OneDrive","https://example-my.sharepoint.com/personal/avery_abara_example_com/","https://example-my.sharepoint.com/personal/avery_abara_example_com/Shared Documents/Architecture Review.pptx","Architecture Review.pptx","kai.ibarra@partner2.example.com","Guest"
"2026-08-06T17:47:28Z","c40a4fd2-4a78-5af3-c27b-718228a7c697","SharingSet","indigo.yilmaz@example.com","OneDrive","https://example-my.sharepoint.com/personal/avery_abara_example_com/","https://example-my.sharepoint.com/personal/avery_abara_example_com/Shared Documents/Statement of Work.docx","Statement of Work.docx","drew.haddad@partner4.example.com","Guest"
"2026-08-06T17:57:54Z","f723458d-1a67-ace0-86a4-e138aac87a32","AnonymousLinkCreated","sage.vasquez@example.com","SharePoint","https://example.sharepoint.com/sites/northwind/","https://example.sharepoint.com/sites/northwind/Shared Documents/Statement of Work.docx","Statement of Work.docx","",""
"2026-08-06T19:08:12Z","c4236f96-b70c-5608-cb37-fc073edc0250","SharingSet","blair.rasmussen2@example.com","SharePoint","https://example.sharepoint.com/sites/sunfish/","https://example.sharepoint.com/sites/sunfish/Shared Documents/Pricing Model.xlsx","Pricing Model.xlsx","drew.ueda@partner2.example.com","Guest"
"2026-08-07T05:00:32Z","43632f5a-045b-71e3-00fd-407e74917804","SharingInvitationAccepted","yael.fontaine@partner10.example.com","OneDrive","https://example-my.sharepoint.com/personal/avery_abara_example_com/","https://example-my.sharepoint.com/personal/avery_abara_example_com/Shared Documents/Architecture Review.pptx","Architecture Review.pptx","yael.fontaine@partner10.example.com","Guest"
"2026-08-07T07:04:15Z","8383a562-928c-2bc5-5542-ee8b04cf0ab4","SharingSet","logan.quintero@example.com","OneDrive","https://example-my.sharepoint.com/personal/avery_abara_example_com/","https://example-my.sharepoint.com/personal/avery_abara_example_com/Shared Documents/Rollout Schedule.xlsx","Rollout Schedule.xlsx","indigo.rasmussen@partner10.example.com","Guest"
"2026-08-07T07:48:46Z","7887e1b3-c9f6-1fae-e6bf-bf2a11e568a3","AnonymousLinkUsed","urn:spo:anon#890211","OneDrive","https://example-my.sharepoint.com/personal/avery_abara_example_com/","https://example-my.sharepoint.com/personal/avery_abara_example_com/Shared Documents/Migration Plan.docx","Migration Plan.docx","",""
"2026-08-07T09:25:58Z","c07d54a2-143f-9660-a1a7-e5d7d570604c","AnonymousLinkUsed","urn:spo:anon#309701","SharePoint","https://example.sharepoint.com/sites/launch/","https://example.sharepoint.com/sites/launch/Shared Documents/Pricing Model.xlsx","Pricing Model.xlsx","",""
"2026-08-07T09:31:45Z","5166382d-510a-255c-9902-552c88a325b1","AnonymousLinkUsed","urn:spo:anon#212277","SharePoint","https://example.sharepoint.com/sites/sunfish/","https://example.sharepoint.com/sites/sunfish/Shared Documents/Migration Plan.docx","Migration Plan.docx","",""
"2026-08-07T10:40:19Z","1f62a7fc-b1b6-1689-3d6e-5524c72da390","SecureLinkUsed","harper.rasmussen@partner3.example.com","SharePoint","https://example.sharepoint.com/sites/sunfish/","https://example.sharepoint.com/sites/sunfish/Shared Documents/Security Questionnaire.docx","Security Questionnaire.docx","harper.rasmussen@partner3.example.com","Guest"
"2026-08-07T10:48:13Z","a21c656a-b620-c05f-986b-cf75edb4dded","AnonymousLinkUsed","urn:spo:anon#271249","SharePoint","https://example.sharepoint.com/sites/sunfish/","https://example.sharepoint.com/sites/sunfish/Shared Documents/Rollout Schedule.xlsx","Rollout Schedule.xlsx","",""
"2026-08-07T13:37:24Z","f88f3a49-47b1-4523-b188-9cd6b8699fed","AnonymousLinkUsed","urn:spo:anon#212921","SharePoint","https://example.sharepoint.com/sites/northwind/","https://example.sharepoint.com/sites/northwind/Shared Documents/Meeting Notes.docx","Meeting Notes.docx","",""
"2026-08-07T14:07:26Z","b373ab7d-8fdf-8b5d-81ce-671458628509","AnonymousLinkUsed","urn:spo:anon#393052","SharePoint","https://example.sharepoint.com/sites/sunfish/","https://example.sharepoint.com/sites/sunfish/Shared Documents/Rollout Schedule.xlsx","Rollout Schedule.xlsx","",""
"2026-08-07T15:02:42Z","ea3f6142-d917-7ab7-1b8e-174be7242d88","SecureLinkUsed","emery.yilmaz@partner4.example.com","SharePoint","https://example.sharepoint.com/sites/vendors/","https://example.sharepoint.com/sites/vendors/Shared Documents/Statement of Work.docx","Statement of Work.docx","emery.yilmaz@partner4.example.com","Guest"
"2026-08-07T15:27:35Z","54bb1c7b-7080-6762-5eaf-2ab1793c0d99","AnonymousLinkUsed","urn:spo:anon#340862","SharePoint","https://example.sharepoint.com/sites/launch/","https://example.sharepoint.com/sites/launch/Shared Documents/Migration Plan.docx","Migration Plan.docx","",""
"2026-08-07T16:45:38Z","a0fec92f-0691-f85e-53c1-ea56de55d881","SharingSet","emery.whitfield@example.com","SharePoint","https://example.sharepoint.com/sites/launch/","https://example.sharepoint.com/sites/launch/Shared Documents/Migration Plan.docx","Migration Plan.docx","reese.rasmussen@partner5.example.com","Guest"
"2026-08-07T18:25:16Z","42ba251f-1cc1-a43c-d63f-14e2708a9885","SecureLinkUsed","jordan.eriksen@partner7.example.com","SharePoint","https://example.sharepoint.com/sites/sunfish/","https://example.sharepoint.com/sites/sunfish/Shared Documents/Test Results.xlsx","Test Results.xlsx","jordan.eriksen@partner7.example.com","Guest"
"2026-08-07T19:04:24Z","7679b4eb-cd0c-24d4-5c8f-694a3129b500","AnonymousLinkUsed","urn:spo:anon#448443","SharePoint","https://example.sharepoint.com/sites/northwind/","https://example.sharepoint.com/sites/northwind/Shared Documents/Architecture Review.pptx","Architecture Review.pptx","",""
"2026-08-07T19:30:02Z","c32c01b2-07c8-9c30-5727-70f3e4fc8c88","SharingSet","quinn.quintero@example.com","SharePoint","https://example.sharepoint.com/sites/sunfish/","https://example.sharepoint.com/sites/sunfish/Shared Documents/Pricing Model.xlsx","Pricing Model.xlsx","drew.lindqvist@partner2.example.com","Guest"
"2026-08-08T07:18:46Z","14af893e-6c5e-4b0d-2622-cb8af4138f6c","SharingSet","avery.lindqvist@example.com","SharePoint","https://example.sharepoint.com/sites/sunfish/","https://example.sharepoint.com/sites/sunfish/Shared Documents/Rollout Schedule.xlsx","Rollout Schedule.xlsx","blair.delacroix@partner7.example.com","Guest"
"2026-08-08T08:03:54Z","3ebfb200-0720-38f4-8bad-534127ac9121","SharingInvitationCreated","tatum.ibarra@example.com","OneDrive","https://example-my.sharepoint.com/personal/avery_abara_example_com/","https://example-my.sharepoint.com/personal/avery_abara_example_com/Shared Documents/Test Results.xlsx","Test Results.xlsx","logan.fontaine@partner11.example.com","Guest"
"2026-08-08T08:48:53Z","db5c5fb7-dc94-0f3d-fff4-5c5b0133bc18","SharingSet","emery.nakamura@example.com","SharePoint","https://example.sharepoint.com/sites/vendors/","https://example.sharepoint.com/sites/vendors/Shared Documents/Rollout Schedule.xlsx","Rollout Schedule.xlsx","vale.quintero@partner8.example.com","Guest"
"2026-08-08T08:51:46Z","98ead04d-0953-8917-02f9-fa7e55c9c25a","SharingSet","quinn.quintero@example.com","SharePoint","https://example.sharepoint.com/sites/vendors/","https://example.sharepoint.com/sites/vendors/Shared Documents/Statement of Work.docx","Statement of Work.docx","drew.lindqvist@partner2.example.com","Guest"
"2026-08-08T10:03:54Z","7b71838d-d211-1197-95cb-47f5978817f4","SecureLinkCreated","tatum.ibarra@example.com","SharePoint","https://example.sharepoint.com/sites/sunfish/","https://example.sharepoint.com/sites/sunfish/Shared Documents/Security Questionnaire.docx","Security Questionnaire.docx","logan.fontaine@partner11.example.com","Guest"
"2026-08-08T10:22:11Z","10a46aba-dd4c-8f02-4c8d-b07f32c180e5","SharingSet","harper.okonkwo@example.com","SharePoint","https://example.sharepoint.com/sites/vendors/","https://example.sharepoint.com/sites/vendors/Shared Documents/Security Questionnaire.docx","Security Questionnaire.docx","blair.kowalski@partner6.example.com","Guest"
"2026-08-08T11:03:54Z","5226269a-8d11-b9a2-e60c-a739c405dcda","AddedToSecureLink","tatum.ibarra@example.com","SharePoint","https://example.sharepoint.com/sites/vendors/","https://example.sharepoint.com/sites/vendors/Shared Documents/Rollout Schedule.xlsx","Rollout Schedule.xlsx","logan.fontaine@partner11.example.com","Guest"
"2026-08-08T11:44:15Z","6c987fa5-94d1-c982-ac7e-00d2a4b01c6e","SecureLinkUsed","jordan.eriksen@partner7.example.com","SharePoint","https://example.sharepoint.com/sites/sunfish/","https://example.sharepoint.com/sites/sunfish/Shared Documents/Meeting Notes.docx","Meeting Notes.docx","jordan.eriksen@partner7.example.com","Guest"
"2026-08-08T11:54:10Z","cc32501f-559c-18f5-5bd4-4f1f2bef6b79","SecureLinkUsed","parker.nakamura@partner8.example.com","SharePoint","https://example.sharepoint.com/sites/northwind/","https://example.sharepoint.com/sites/northwind/Shared Documents/Meeting Notes.docx","Meeting Notes.docx","parker.nakamura@partner8.example.com","Guest"
"2026-08-08T14:42:47Z","908378e3-637a-ddcf-25b8-cbf1a60aa379","SharingSet","avery.lindqvist@example.com","SharePoint","https://example.sharepoint.com/sites/launch/","https://example.sharepoint.com/sites/launch/Shared Documents/Meeting Notes.docx","Meeting Notes.docx","blair.delacroix@partner7.example.com","Guest"
"2026-08-08T14:45:37Z","cdd26635-c502-eade-7949-460227e4e414","SecureLinkUsed","reese.quintero@partner3.example.com","SharePoint","https://example.sharepoint.com/sites/northwind/","https://example.sharepoint.com/sites/northwind/Shared Documents/Pricing Model.xlsx","Pricing Model.xlsx","reese.quintero@partner3.example.com","Guest"
"2026-08-08T15:15:23Z","d33d4f31-b453-4451-e666-f33e305260c8","AnonymousLinkUsed","urn:spo:anon#642347","SharePoint","https://example.sharepoint.com/sites/northwind/","https://example.sharepoint.com/sites/northwind/Shared Documents/Migration Plan.docx","Migration Plan.docx","",""
"2026-08-08T15:31:42Z","9aa2a049-b9d4-53d2-d4ae-48be2ba28f85","AnonymousLinkCreated","quinn.kowalski2@example.com","OneDrive","https://example-my.sharepoint.com/personal/avery_abara_example_com/","https://example-my.sharepoint.com/personal/avery_abara_example_com/Shared Documents/Architecture Review.pptx","Architecture Review.pptx","",""
"2026-08-08T15:43:52Z","7793da81-3422-b506-ea7d-13690880b9b2","AnonymousLinkUsed","urn:spo:anon#118779","SharePoint","https://example.sharepoint.com/sites/sunfish/","https://example.sharepoint.com/sites/sunfish/Shared Documents/Statement of Work.docx","Statement of Work.docx","",""
"2026-08-08T17:11:06Z","21ce8d23-0d63-a84a-289f-e85e54d2334b","SharingSet","drew.jovanovic2@example.com","SharePoint","https://example.sharepoint.com/sites/sunfish/","https://example.sharepoint.com/sites/sunfish/Shared Documents/Test Results.xlsx","Test Results.xlsx","blair.kowalski@partner3.example.com","Guest"
"2026-08-08T18:33:56Z","9be8b17f-e261-9327-6562-c0539b4e3cb3","SharingSet","emery.whitfield@example.com","OneDrive","https://example-my.sharepoint.com/personal/avery_abara_example_com/","https://example-my.sharepoint.com/personal/avery_abara_example_com/Shared Documents/Security Questionnaire.docx","Security Questionnaire.docx","reese.rasmussen@partner5.example.com","Guest"
"2026-08-08T18:42:50Z","c127f772-c602-94e7-ce16-272c98fa6052","SharingSet","tatum.yilmaz@example.com","SharePoint","https://example.sharepoint.com/sites/northwind/","https://example.sharepoint.com/sites/northwind/Shared Documents/Security Questionnaire.docx","Security Questionnaire.docx","noor.yilmaz@partner12.example.com","Guest"
"2026-08-08T18:46:40Z","806de0b3-7f69-67c4-ce19-58be99990191","AnonymousLinkUsed","urn:spo:anon#255819","SharePoint","https://example.sharepoint.com/sites/vendors/","https://example.sharepoint.com/sites/vendors/Shared Documents/Pricing Model.xlsx","Pricing Model.xlsx","",""
"2026-08-08T18:56:05Z","8e118217-42f4-ccb6-380f-dfe755d2aee7","SharingSet","tatum.ibarra@example.com","OneDrive","https://example-my.sharepoint.com/personal/avery_abara_example_com/","https://example-my.sharepoint.com/personal/avery_abara_example_com/Shared Documents/Architecture Review.pptx","Architecture Review.pptx","logan.fontaine@partner11.example.com","Guest"
"2026-08-09T07:38:34Z","3c1d0439-a8cd-d4f0-0f81-5c2e1dd33dc9","SharingSet","logan.ueda@example.com","SharePoint","https://example.sharepoint.com/sites/northwind/","https://example.sharepoint.com/sites/northwind/Shared Documents/Meeting Notes.docx","Meeting Notes.docx","drew.fontaine@partner1.example.com","Guest"
"2026-08-09T07:44:48Z","ac7cd038-9073-2c1d-d0d8-3eab74464f66","AnonymousLinkUsed","urn:spo:anon#934470","OneDrive","https://example-my.sharepoint.com/personal/avery_abara_example_com/","https://example-my.sharepoint.com/personal/avery_abara_example_com/Shared Documents/Meeting Notes.docx","Meeting Notes.docx","",""
"2026-08-09T08:23:56Z","11eeb856-fa23-f78c-caa9-3bc34e40df71","AnonymousLinkUsed","urn:spo:anon#662362","SharePoint","https://example.sharepoint.com/sites/sunfish/","https://example.sharepoint.com/sites/sunfish/Shared Documents/Security Questionnaire.docx","Security Questionnaire.docx","",""
"2026-08-09T08:31:47Z","ab750236-87f2-3885-327a-73c168d0d949","AnonymousLinkUsed","urn:spo:anon#689036","SharePoint","https://example.sharepoint.com/sites/sunfish/","https://example.sharepoint.com/sites/sunfish/Shared Documents/Architecture Review.pptx","Architecture Review.pptx","",""
"2026-08-09T09:14:35Z","23eb13aa-5439-79d1-5bbc-2729ab041308","SecureLinkUsed","yael.silva@partner9.example.com","SharePoint","https://example.sharepoint.com/sites/launch/","https://example.sharepoint.com/sites/launch/Shared Documents/Architecture Review.pptx","Architecture Review.pptx","yael.silva@partner9.example.com","Guest"
"2026-08-09T09:44:01Z","42fdd7da-5cc6-628f-92d2-cb9e1ece2ff3","SharingSet","blair.ueda@example.com","OneDrive","https://example-my.sharepoint.com/personal/avery_abara_example_com/","https://example-my.sharepoint.com/personal/avery_abara_example_com/Shared Documents/Test Results.xlsx","Test Results.xlsx","avery.haddad@partner5.example.com","Guest"
"2026-08-09T10:05:18Z","bdf0ab92-7b7d-3b5c-fb21-7e2a470330a6","SharingInvitationCreated","blair.rasmussen2@example.com","SharePoint","https://example.sharepoint.com/sites/vendors/","https://example.sharepoint.com/sites/vendors/Shared Documents/Rollout Schedule.xlsx","Rollout Schedule.xlsx","drew.ueda@partner2.example.com","Guest"
"2026-08-09T12:10:00Z","40037f24-7efc-a331-7b90-4438b18de317","SecureLinkUsed","blair.kowalski@partner6.example.com","OneDrive","https://example-my.sharepoint.com/personal/avery_abara_example_com/","https://example-my.sharepoint.com/personal/avery_abara_example_com/Shared Documents/Architecture Review.pptx","Architecture Review.pptx","blair.kowalski@partner6.example.com","Guest"
"2026-08-09T12:47:06Z","7c1aa38d-3901-2829-3c3f-bd21eb6bc701","SharingSet","quinn.eriksen@example.com","SharePoint","https://example.sharepoint.com/sites/vendors/","https://example.sharepoint.com/sites/vendors/Shared Documents/Rollout Schedule.xlsx","Rollout Schedule.xlsx","vale.petrov@partner9.example.com","Guest"
"2026-08-09T12:53:35Z","6a333fcd-496c-ed52-9d0a-0ba4567a9871","SharingSet","drew.petrov@example.com","SharePoint","https://example.sharepoint.com/sites/northwind/","https://example.sharepoint.com/sites/northwind/Shared Documents/Security Questionnaire.docx","Security Questionnaire.docx","jordan.eriksen@partner7.example.com","Guest"
"2026-08-09T13:37:16Z","c367863f-b413-d2b7-c513-4a1ca31cefd9","SharingSet","xan.kowalski@example.com","SharePoint","https://example.sharepoint.com/sites/northwind/","https://example.sharepoint.com/sites/northwind/Shared Documents/Pricing Model.xlsx","Pricing Model.xlsx","reese.quintero@partner3.example.com","Guest"
"2026-08-09T14:48:17Z","168df856-55c1-7634-7029-bd3c5c6f871f","SharingSet","harper.quintero@example.com","SharePoint","https://example.sharepoint.com/sites/sunfish/","https://example.sharepoint.com/sites/sunfish/Shared Documents/Test Results.xlsx","Test Results.xlsx","finley.haddad@partner5.example.com","Guest"
"2026-08-09T15:13:02Z","ab295234-344b-ecf1-69c3-b2be64ab0f36","SharingSet","oakley.xiong@example.com","SharePoint","https://example.sharepoint.com/sites/launch/","https://example.sharepoint.com/sites/launch/Shared Documents/Architecture Review.pptx","Architecture Review.pptx","harper.gallagher@partner7.example.com","Guest"
"2026-08-09T16:21:35Z","36883cf7-0f79-8147-cc1d-ca8b5920973c","SharingInvitationCreated","quinn.yilmaz@example.com","SharePoint","https://example.sharepoint.com/sites/launch/","https://example.sharepoint.com/sites/launch/Shared Documents/Test Results.xlsx","Test Results.xlsx","xan.ibarra@partner11.example.com","Guest"
"2026-08-09T16:27:07Z","d43afe48-3279-d783-c1ff-22885d888ea7","SharingSet","tatum.rasmussen@example.com","SharePoint","https://example.sharepoint.com/sites/sunfish/","https://example.sharepoint.com/sites/sunfish/Shared Documents/Rollout Schedule.xlsx","Rollout Schedule.xlsx","finley.lindqvist@partner9.example.com","Guest"
"2026-08-09T16:41:37Z","f81513f4-a98a-c7cf-3fe3-585f49b06085","SharingSet","wren.gallagher@example.com","SharePoint","https://example.sharepoint.com/sites/northwind/","https://example.sharepoint.com/sites/northwind/Shared Documents/Statement of Work.docx","Statement of Work.docx","casey.kowalski@partner1.example.com","Guest"
"2026-08-09T17:00:41Z","744d7168-a720-c7d2-82d0-9b8eadb71fc8","AnonymousLinkUsed","urn:spo:anon#437356","SharePoint","https://example.sharepoint.com/sites/launch/","https://example.sharepoint.com/sites/launch/Shared Documents/Pricing Model.xlsx","Pricing Model.xlsx","",""
"2026-08-09T18:21:35Z","ffcf7b3f-e204-9554-e8be-c3f6895eee26","SecureLinkCreated","quinn.yilmaz@example.com","SharePoint","https://example.sharepoint.com/sites/launch/","https://example.sharepoint.com/sites/launch/Shared Documents/Test Results.xlsx","Test Results.xlsx","xan.ibarra@partner11.example.com","Guest"
"2026-08-09T18:42:56Z","92ef0de6-8259-fb76-0211-d3bf2c090fe8","SharingSet","logan.ueda@example.com","SharePoint","https://example.sharepoint.com/sites/vendors/","https://example.sharepoint.com/sites/vendors/Shared Documents/Statement of Work.docx","Statement of Work.docx","drew.fontaine@partner1.example.com","Guest"
"2026-08-09T19:21:35Z","c8e91a68-831f-1351-c475-c4beb298551e","AddedToSecureLink","quinn.yilmaz@example.com","SharePoint","https://example.sharepoint.com/sites/launch/","https://example.sharepoint.com/sites/launch/Shared Documents/Statement of Work.docx","Statement of Work.docx","xan.ibarra@partner11.example.com","Guest"
"2026-08-09T23:03:54Z","8c6683c9-ec98-7a0f-527f-a4a0ab0863a6","SharingInvitationAccepted","logan.fontaine@partner11.example.com","SharePoint","https://example.sharepoint.com/sites/vendors/","https://example.sharepoint.com/sites/vendors/Shared Documents/Pricing Model.xlsx","Pricing Model.xlsx","logan.fontaine@partner11.example.com","Guest"
"2026-08-10T07:27:09Z","e1444b54-e831-e010-ef25-b91a69a90ff2","SharingSet","tatum.rasmussen@example.com","SharePoint","https://example.sharepoint.com/sites/vendors/","https://example.sharepoint.com/sites/vendors/Shared Documents/Architecture Review.pptx","Architecture Review.pptx","finley.lindqvist@partner9.example.com","Guest"
"2026-08-10T08:08:02Z","64156e43-b0eb-3f1a-450c-892a7a8cf969","SecureLinkUsed","drew.fontaine@partner1.example.com","SharePoint","https://example.sharepoint.com/sites/sunfish/","https://example.sharepoint.com/sites/sunfish/Shared Documents/Security Questionnaire.docx","Security Questionnaire.docx","drew.fontaine@partner1.example.com","Guest"
"2026-08-10T09:45:35Z","a0eeda42-76b3-b6f9-3898-3f070a27c645","SharingSet","indigo.ibarra@example.com","SharePoint","https://example.sharepoint.com/sites/vendors/","https://example.sharepoint.com/sites/vendors/Shared Documents/Migration Plan.docx","Migration Plan.docx","kai.bergstrom@partner11.example.com","Guest"
"2026-08-10T10:41:40Z","ee377c6e-b38c-299f-bcfd-89e8fe490bc3","SharingSet","logan.ueda@example.com","SharePoint","https://example.sharepoint.com/sites/northwind/","https://example.sharepoint.com/sites/northwind/Shared Documents/Meeting Notes.docx","Meeting Notes.docx","jordan.abara@partner9.example.com","Guest"
"2026-08-10T11:11:46Z","c449ce5f-4de7-39c7-13b4-2862e5a85e3d","SecureLinkUsed","casey.kowalski@partner1.example.com","OneDrive","https://example-my.sharepoint.com/personal/avery_abara_example_com/","https://example-my.sharepoint.com/personal/avery_abara_example_com/Shared Documents/Architecture Review.pptx","Architecture Review.pptx","casey.kowalski@partner1.example.com","Guest"
"2026-08-10T11:16:11Z","407f5d04-8aa4-8694-2006-786a6647c901","SecureLinkUsed","logan.fontaine@partner11.example.com","OneDrive","https://example-my.sharepoint.com/personal/avery_abara_example_com/","https://example-my.sharepoint.com/personal/avery_abara_example_com/Shared Documents/Security Questionnaire.docx","Security Questionnaire.docx","logan.fontaine@partner11.example.com","Guest"
"2026-08-10T11:22:31Z","cf6a15ac-dc6e-14ce-bbc4-b9c453b8ea19","SharingSet","quinn.yilmaz@example.com","SharePoint","https://example.sharepoint.com/sites/launch/","https://example.sharepoint.com/sites/launch/Shared Documents/Rollout Schedule.xlsx","Rollout Schedule.xlsx","xan.ibarra@partner11.example.com","Guest"
"2026-08-10T11:31:10Z","e355e112-0834-d452-3aa5-d4ea038168e8","SecureLinkUsed","finley.lindqvist@partner9.example.com","SharePoint","https://example.sharepoint.com/sites/launch/","https://example.sharepoint.com/sites/launch/Shared Documents/Meeting Notes.docx","Meeting Notes.docx","finley.lindqvist@partner9.example.com","Guest"
"2026-08-10T12:08:56Z","fe90858b-570f-c547-f341-1df9dc7aca74","SharingSet","avery.lindqvist@example.com","OneDrive","https://example-my.sharepoint.com/personal/avery_abara_example_com/","https://example-my.sharepoint.com/personal/avery_abara_example_com/Shared Documents/Rollout Schedule.xlsx","Rollout Schedule.xlsx","blair.delacroix@partner7.example.com","Guest"
"2026-08-10T12:12:45Z","cb6deb9f-ccc9-fc48-d965-b6b18de8e061","SharingSet","tatum.ibarra@example.com","SharePoint","https://example.sharepoint.com/sites/launch/","https://example.sharepoint.com/sites/launch/Shared Documents/Pricing Model.xlsx","Pricing Model.xlsx","sage.xiong@partner8.example.com","Guest"
"2026-08-10T12:23:13Z","358ffc5c-b3e2-311b-ec70-b7bc9dab69b4","SharingSet","quinn.eriksen@example.com","SharePoint","https://example.sharepoint.com/sites/launch/","https://example.sharepoint.com/sites/launch/Shared Documents/Pricing Model.xlsx","Pricing Model.xlsx","vale.petrov@partner9.example.com","Guest"
"2026-08-10T12:24:56Z","b80be875-5162-9494-4415-dab7b4db4b8e","AnonymousLinkUsed","urn:spo:anon#853503","SharePoint","https://example.sharepoint.com/sites/vendors/","https://example.sharepoint.com/sites/vendors/Shared Documents/Rollout Schedule.xlsx","Rollout Schedule.xlsx","",""
"2026-08-10T13:54:33Z","83c6a3ac-271f-5383-7afe-04c63a1c3076","SecureLinkUsed","finley.petrov@partner8.example.com","SharePoint","https://example.sharepoint.com/sites/sunfish/","https://example.sharepoint.com/sites/sunfish/Shared Documents/Security Questionnaire.docx","Security Questionnaire.docx","finley.petrov@partner8.example.com","Guest"
"2026-08-10T14:49:57Z","b276d8fc-3ad8-11a3-a2ba-f1ce2853d531","SharingSet","drew.lindqvist@example.com","SharePoint","https://example.sharepoint.com/sites/vendors/","https://example.sharepoint.com/sites/vendors/Shared Documents/Test Results.xlsx","Test Results.xlsx","gray.silva@partner4.example.com","Guest"
"2026-08-10T15:55:01Z","8b30acb8-1eee-6182-22f1-902baa7460a2","AnonymousLinkUsed","urn:spo:anon#103000","SharePoint","https://example.sharepoint.com/sites/northwind/","https://example.sharepoint.com/sites/northwind/Shared Documents/Migration Plan.docx","Migration Plan.docx","",""
"2026-08-10T16:53:45Z","49e91603-0e86-9d44-a41f-c3a094b580bc","SharingSet","yael.kowalski@example.com","SharePoint","https://example.sharepoint.com/sites/northwind/","https://example.sharepoint.com/sites/northwind/Shared Documents/Test Results.xlsx","Test Results.xlsx","harper.rasmussen@partner3.example.com","Guest"
"2026-08-10T17:19:11Z","fa0e67c6-b8f3-879c-6eac-1bc36fc462c2","SecureLinkUsed","blair.delacroix@partner7.example.com","SharePoint","https://example.sharepoint.com/sites/launch/","https://example.sharepoint.com/sites/launch/Shared Documents/Pricing Model.xlsx","Pricing Model.xlsx","blair.delacroix@partner7.example.com","Guest"
"2026-08-10T18:48:04Z","e4c96378-1398-a9e2-4969-0949d9df981e","AnonymousLinkUsed","urn:spo:anon#467959","SharePoint","https://example.sharepoint.com/sites/vendors/","https://example.sharepoint.com/sites/vendors/Shared Documents/Pricing Model.xlsx","Pricing Model.xlsx","",""
"2026-08-10T19:38:30Z","7d88873e-a602-c7fb-2e01-52b27d0ab15e","AnonymousLinkUsed","urn:spo:anon#629623","SharePoint","https://example.sharepoint.com/sites/vendors/","https://example.sharepoint.com/sites/vendors/Shared Documents/Migration Plan.docx","Migration Plan.docx","",""
"2026-08-10T19:39:26Z","748b519e-c60d-08ce-ad76-013a02ffb901","AnonymousLinkUsed","urn:spo:anon#882147","OneDrive","https://example-my.sharepoint.com/personal/avery_abara_example_com/","https://example-my.sharepoint.com/personal/avery_abara_example_com/Shared Documents/Test Results.xlsx","Test Results.xlsx","",""
"2026-08-10T23:21:35Z","218e03ef-6d9f-8c5a-f56d-08a805cda687","SharingInvitationAccepted","xan.ibarra@partner11.example.com","SharePoint","https://example.sharepoint.com/sites/launch/","https://example.sharepoint.com/sites/launch/Shared Documents/Statement of Work.docx","Statement of Work.docx","xan.ibarra@partner11.example.com","Guest"
"2026-08-11T07:28:59Z","a78d0a87-0df2-039a-75d2-b0615c0108d1","AnonymousLinkUsed","urn:spo:anon#673545","OneDrive","https://example-my.sharepoint.com/personal/avery_abara_example_com/","https://example-my.sharepoint.com/personal/avery_abara_example_com/Shared Documents/Rollout Schedule.xlsx","Rollout Schedule.xlsx","",""
"2026-08-11T12:29:50Z","19bb8c10-98c6-cedf-e604-3f6938500cfc","AnonymousLinkUsed","urn:spo:anon#330280","SharePoint","https://example.sharepoint.com/sites/northwind/","https://example.sharepoint.com/sites/northwind/Shared Documents/Meeting Notes.docx","Meeting Notes.docx","",""
"2026-08-11T12:48:32Z","f38285af-e4c3-fb9b-ac17-866331bc0078","SharingSet","xan.quintero@example.com","OneDrive","https://example-my.sharepoint.com/personal/avery_abara_example_com/","https://example-my.sharepoint.com/personal/avery_abara_example_com/Shared Documents/Statement of Work.docx","Statement of Work.docx","finley.petrov@partner8.example.com","Guest"
"2026-08-11T13:13:32Z","739b1ce3-64cc-5675-22c0-20de75a71137","SharingSet","tatum.ibarra@example.com","SharePoint","https://example.sharepoint.com/sites/vendors/","https://example.sharepoint.com/sites/vendors/Shared Documents/Pricing Model.xlsx","Pricing Model.xlsx","logan.fontaine@partner11.example.com","Guest"
"2026-08-11T13:46:20Z","99582f50-5682-0cb1-f5e7-8739529feff0","SharingInvitationCreated","indigo.yilmaz@example.com","OneDrive","https://example-my.sharepoint.com/personal/avery_abara_example_com/","https://example-my.sharepoint.com/personal/avery_abara_example_com/Shared Documents/Meeting Notes.docx","Meeting Notes.docx","drew.haddad@partner4.example.com","Guest"
"2026-08-11T15:17:32Z","68e6ee9e-e3d5-6809-33a9-2983a4164cc0","AnonymousLinkUsed","urn:spo:anon#291831","SharePoint","https://example.sharepoint.com/sites/vendors/","https://example.sharepoint.com/sites/vendors/Shared Documents/Pricing Model.xlsx","Pricing Model.xlsx","",""
"2026-08-11T15:46:20Z","7e1d64ce-6910-dc77-5ebb-f7d5cc942bcd","SecureLinkCreated","indigo.yilmaz@example.com","OneDrive","https://example-my.sharepoint.com/personal/avery_abara_example_com/","https://example-my.sharepoint.com/personal/avery_abara_example_com/Shared Documents/Rollout Schedule.xlsx","Rollout Schedule.xlsx","drew.haddad@partner4.example.com","Guest"
"2026-08-11T16:13:09Z","460960f2-cb0e-30b6-1873-70c912b44e6d","AnonymousLinkUsed","urn:spo:anon#279720","SharePoint","https://example.sharepoint.com/sites/northwind/","https://example.sharepoint.com/sites/northwind/Shared Documents/Meeting Notes.docx","Meeting Notes.docx","",""
"2026-08-11T16:35:41Z","2b3bdb61-bada-4ed2-1e5b-b479f5e747a8","AnonymousLinkUsed","urn:spo:anon#677153","SharePoint","https://example.sharepoint.com/sites/vendors/","https://example.sharepoint.com/sites/vendors/Shared Documents/Rollout Schedule.xlsx","Rollout Schedule.xlsx","",""
"2026-08-11T16:42:40Z","d7b5200d-b958-761a-b1b4-2cf5183a2000","AnonymousLinkUsed","urn:spo:anon#754388","SharePoint","https://example.sharepoint.com/sites/launch/","https://example.sharepoint.com/sites/launch/Shared Documents/Test Results.xlsx","Test Results.xlsx","",""
"2026-08-11T16:46:20Z","7def0e3d-7c8d-3e95-0afa-f333b522551b","AddedToSecureLink","indigo.yilmaz@example.com","SharePoint","https://example.sharepoint.com/sites/launch/","https://example.sharepoint.com/sites/launch/Shared Documents/Test Results.xlsx","Test Results.xlsx","drew.haddad@partner4.example.com","Guest"
"2026-08-11T17:27:24Z","36a94807-64cc-6eff-e8d3-36528c193009","SharingSet","wren.gallagher@example.com","OneDrive","https://example-my.sharepoint.com/personal/avery_abara_example_com/","https://example-my.sharepoint.com/personal/avery_abara_example_com/Shared Documents/Architecture Review.pptx","Architecture Review.pptx","casey.kowalski@partner1.example.com","Guest"
"2026-08-11T18:42:38Z","cd6445c4-0fa8-9509-9a22-8cde8ffed493","SharingSet","noor.vasquez@example.com","SharePoint","https://example.sharepoint.com/sites/sunfish/","https://example.sharepoint.com/sites/sunfish/Shared Documents/Meeting Notes.docx","Meeting Notes.docx","emery.yilmaz@partner4.example.com","Guest"
"2026-08-11T23:46:20Z","20132805-1b69-d9f5-1cce-ebec93059d7d","SharingInvitationAccepted","drew.haddad@partner4.example.com","SharePoint","https://example.sharepoint.com/sites/launch/","https://example.sharepoint.com/sites/launch/Shared Documents/Statement of Work.docx","Statement of Work.docx","drew.haddad@partner4.example.com","Guest"
"2026-08-12T07:00:22Z","00494f60-f0e9-f48d-9419-2e6ecb3d4e34","AnonymousLinkUsed","urn:spo:anon#806196","SharePoint","https://example.sharepoint.com/sites/launch/","https://example.sharepoint.com/sites/launch/Shared Documents/Security Questionnaire.docx","Security Questionnaire.docx","",""
"2026-08-12T07:36:55Z","3c6c87b9-7141-cc17-136d-12e58d2a0c6c","SharingSet","sage.haddad@example.com","SharePoint","https://example.sharepoint.com/sites/launch/","https://example.sharepoint.com/sites/launch/Shared Documents/Meeting Notes.docx","Meeting Notes.docx","yael.fontaine@partner10.example.com","Guest"
"2026-08-12T09:15:01Z","cc19ab43-e465-4c15-f5ae-d95138a6459f","SecureLinkUsed","blair.kowalski@partner6.example.com","OneDrive","https://example-my.sharepoint.com/personal/avery_abara_example_com/","https://example-my.sharepoint.com/personal/avery_abara_example_com/Shared Documents/Architecture Review.pptx","Architecture Review.pptx","blair.kowalski@partner6.example.com","Guest"
"2026-08-12T09:15:14Z","06a2c139-21ca-7c41-1167-b8748e5d518f","SharingInvitationRevoked","logan.quintero@example.com","OneDrive","https://example-my.sharepoint.com/personal/avery_abara_example_com/","https://example-my.sharepoint.com/personal/avery_abara_example_com/Shared Documents/Meeting Notes.docx","Meeting Notes.docx","indigo.rasmussen@partner10.example.com","Guest"
"2026-08-12T10:42:30Z","4d679239-7f2c-12d2-014c-335672a26a86","SecureLinkUsed","sage.nakamura@partner5.example.com","SharePoint","https://example.sharepoint.com/sites/launch/","https://example.sharepoint.com/sites/launch/Shared Documents/Rollout Schedule.xlsx","Rollout Schedule.xlsx","sage.nakamura@partner5.example.com","Guest"
"2026-08-12T11:33:43Z","37bf4416-dd01-bcdf-a93c-1726d89d8417","SharingInvitationCreated","oakley.jovanovic@example.com","SharePoint","https://example.sharepoint.com/sites/sunfish/","https://example.sharepoint.com/sites/sunfish/Shared Documents/Security Questionnaire.docx","Security Questionnaire.docx","wren.fontaine@partner6.example.com","Guest"
"2026-08-12T12:12:40Z","b008764a-bba8-475d-1e00-91bf8789b55b","SharingSet","indigo.yilmaz@example.com","SharePoint","https://example.sharepoint.com/sites/launch/","https://example.sharepoint.com/sites/launch/Shared Documents/Pricing Model.xlsx","Pricing Model.xlsx","drew.haddad@partner4.example.com","Guest"
"2026-08-12T13:33:43Z","77411921-3506-4f42-dc5d-922ad245a22f","SecureLinkCreated","oakley.jovanovic@example.com","SharePoint","https://example.sharepoint.com/sites/launch/","https://example.sharepoint.com/sites/launch/Shared Documents/Meeting Notes.docx","Meeting Notes.docx","wren.fontaine@partner6.example.com","Guest"
"2026-08-12T13:39:44Z","d677e989-46e9-d8a4-bff3-65b023bfc6d4","AnonymousLinkUsed","urn:spo:anon#831942","OneDrive","https://example-my.sharepoint.com/personal/avery_abara_example_com/","https://example-my.sharepoint.com/personal/avery_abara_example_com/Shared Documents/Security Questionnaire.docx","Security Questionnaire.docx","",""
"2026-08-12T14:22:06Z","a9bad152-abb5-f841-e1f5-f8c393697a79","AnonymousLinkUsed","urn:spo:anon#267832","SharePoint","https://example.sharepoint.com/sites/sunfish/","https://example.sharepoint.com/sites/sunfish/Shared Documents/Architecture Review.pptx","Architecture Review.pptx","",""
"2026-08-12T14:33:43Z","705a8acc-6208-2725-e3b3-d43cab686bce","AddedToSecureLink","oakley.jovanovic@example.com","SharePoint","https://example.sharepoint.com/sites/vendors/","https://example.sharepoint.com/sites/vendors/Shared Documents/Migration Plan.docx","Migration Plan.docx","wren.fontaine@partner6.example.com","Guest"
"2026-08-12T15:23:12Z","b479fa05-1dc8-5ada-8e51-666ddd2b11fa","SharingSet","avery.lindqvist@example.com","SharePoint","https://example.sharepoint.com/sites/vendors/","https://example.sharepoint.com/sites/vendors/Shared Documents/Pricing Model.xlsx","Pricing Model.xlsx","blair.delacroix@partner7.example.com","Guest"
"2026-08-12T15:49:56Z","3a7171d3-019d-71f2-64ad-122b9a87ad7a","SharingSet","wren.zawadzki@example.com","SharePoint","https://example.sharepoint.com/sites/launch/","https://example.sharepoint.com/sites/launch/Shared Documents/Migration Plan.docx","Migration Plan.docx","yael.haddad@partner4.example.com","Guest"
"2026-08-12T16:28:28Z","b996c126-656b-e9f0-c51d-c184f1868953","SharingSet","oakley.jovanovic@example.com","SharePoint","https://example.sharepoint.com/sites/northwind/","https://example.sharepoint.com/sites/northwind/Shared Documents/Migration Plan.docx","Migration Plan.docx","wren.fontaine@partner6.example.com","Guest"
"2026-08-12T16:48:39Z","90fe83c6-ff69-0aa6-d2e8-1948f5f13ab0","SecureLinkUsed","logan.fontaine@partner11.example.com","SharePoint","https://example.sharepoint.com/sites/vendors/","https://example.sharepoint.com/sites/vendors/Shared Documents/Architecture Review.pptx","Architecture Review.pptx","logan.fontaine@partner11.example.com","Guest"
"2026-08-12T17:21:40Z","a8e24b4d-e2af-4342-fa26-25fc94e848ff","SharingInvitationCreated","tatum.yilmaz@example.com","SharePoint","https://example.sharepoint.com/sites/northwind/","https://example.sharepoint.com/sites/northwind/Shared Documents/Pricing Model.xlsx","Pricing Model.xlsx","drew.quintero@partner12.example.com","Guest"
"2026-08-12T18:08:14Z","7a5c8287-023c-3342-9511-03b4939957ea","AnonymousLinkUsed","urn:spo:anon#372946","SharePoint","https://example.sharepoint.com/sites/sunfish/","https://example.sharepoint.com/sites/sunfish/Shared Documents/Pricing Model.xlsx","Pricing Model.xlsx","",""
"2026-08-12T19:21:40Z","7d63d34e-27fd-5425-2a2f-a80747f8d2a1","SharingInvitationAccepted","drew.quintero@partner12.example.com","SharePoint","https://example.sharepoint.com/sites/vendors/","https://example.sharepoint.com/sites/vendors/Shared Documents/Migration Plan.docx","Migration Plan.docx","drew.quintero@partner12.example.com","Guest"
"2026-08-12T19:21:40Z","97afe1d1-d434-82ff-3897-34accb56840f","SecureLinkCreated","tatum.yilmaz@example.com","SharePoint","https://example.sharepoint.com/sites/launch/","https://example.sharepoint.com/sites/launch/Shared Documents/Architecture Review.pptx","Architecture Review.pptx","drew.quintero@partner12.example.com","Guest"
"2026-08-12T20:21:40Z","80e4ceea-8e8a-1417-521f-dd04c24687cb","AddedToSecureLink","tatum.yilmaz@example.com","SharePoint","https://example.sharepoint.com/sites/sunfish/","https://example.sharepoint.com/sites/sunfish/Shared Documents/Test Results.xlsx","Test Results.xlsx","drew.quintero@partner12.example.com","Guest"
"2026-08-13T07:16:54Z","a5ea44a4-5088-78ed-3fbb-a68b77fd4c2e","AnonymousLinkUsed","urn:spo:anon#977708","OneDrive","https://example-my.sharepoint.com/personal/avery_abara_example_com/","https://example-my.sharepoint.com/personal/avery_abara_example_com/Shared Documents/Rollout Schedule.xlsx","Rollout Schedule.xlsx","",""
"2026-08-13T09:01:31Z","cab69df4-0c2b-1327-a8a5-99bfee52add4","AnonymousLinkUsed","urn:spo:anon#942700","SharePoint","https://example.sharepoint.com/sites/sunfish/","https://example.sharepoint.com/sites/sunfish/Shared Documents/Statement of Work.docx","Statement of Work.docx","",""
"2026-08-13T09:11:58Z","b8d4f468-ea12-71da-9d12-3d4147c07630","AnonymousLinkUsed","urn:spo:anon#412955","SharePoint","https://example.sharepoint.com/sites/launch/","https://example.sharepoint.com/sites/launch/Shared Documents/Architecture Review.pptx","Architecture Review.pptx","",""
"2026-08-13T10:00:37Z","52a99c5f-ea37-7b80-64c2-2504947423bf","AnonymousLinkUsed","urn:spo:anon#594664","SharePoint","https://example.sharepoint.com/sites/vendors/","https://example.sharepoint.com/sites/vendors/Shared Documents/Rollout Schedule.xlsx","Rollout Schedule.xlsx","",""
"2026-08-13T10:14:57Z","582c359b-5cf8-e80c-b216-0556371e1746","SecureLinkUsed","oakley.xiong@partner1.example.com","SharePoint","https://example.sharepoint.com/sites/sunfish/","https://example.sharepoint.com/sites/sunfish/Shared Documents/Meeting Notes.docx","Meeting Notes.docx","oakley.xiong@partner1.example.com","Guest"
"2026-08-13T10:16:55Z","39610a63-c79c-30d3-d6fe-c833041c020c","SharingSet","drew.lindqvist@example.com","SharePoint","https://example.sharepoint.com/sites/northwind/","https://example.sharepoint.com/sites/northwind/Shared Documents/Statement of Work.docx","Statement of Work.docx","avery.abara@partner6.example.com","Guest"
"2026-08-13T12:22:18Z","cd7951e0-2155-0a87-50de-8f640f914e2e","SharingSet","indigo.yilmaz@example.com","SharePoint","https://example.sharepoint.com/sites/northwind/","https://example.sharepoint.com/sites/northwind/Shared Documents/Meeting Notes.docx","Meeting Notes.docx","drew.haddad@partner4.example.com","Guest"
"2026-08-13T12:43:11Z","75f13e66-3b4e-adec-5d0b-08a64638f1d5","AnonymousLinkUsed","urn:spo:anon#242142","SharePoint","https://example.sharepoint.com/sites/vendors/","https://example.sharepoint.com/sites/vendors/Shared Documents/Architecture Review.pptx","Architecture Review.pptx","",""
"2026-08-13T12:55:39Z","8e64d98a-7c28-6405-4f6d-72769569a012","AnonymousLinkCreated","kai.xiong@example.com","SharePoint","https://example.sharepoint.com/sites/sunfish/","https://example.sharepoint.com/sites/sunfish/Shared Documents/Migration Plan.docx","Migration Plan.docx","",""
"2026-08-13T13:26:54Z","e13abd8d-0147-c057-c69d-5d3f8be650d6","SecureLinkUsed","drew.haddad@partner4.example.com","SharePoint","https://example.sharepoint.com/sites/vendors/","https://example.sharepoint.com/sites/vendors/Shared Documents/Pricing Model.xlsx","Pricing Model.xlsx","drew.haddad@partner4.example.com","Guest"
"2026-08-13T14:11:28Z","bad99322-48bf-c702-3e00-2cc40077042a","AnonymousLinkUsed","urn:spo:anon#929218","SharePoint","https://example.sharepoint.com/sites/launch/","https://example.sharepoint.com/sites/launch/Shared Documents/Security Questionnaire.docx","Security Questionnaire.docx","",""
"2026-08-13T15:14:51Z","7456e949-8193-59a5-783f-ad7a7ed326e2","AnonymousLinkUsed","urn:spo:anon#350983","SharePoint","https://example.sharepoint.com/sites/launch/","https://example.sharepoint.com/sites/launch/Shared Documents/Security Questionnaire.docx","Security Questionnaire.docx","",""
"2026-08-13T17:16:12Z","9b05838f-ac95-bb42-94ae-f3b57c8ce196","SharingSet","emery.whitfield@example.com","SharePoint","https://example.sharepoint.com/sites/sunfish/","https://example.sharepoint.com/sites/sunfish/Shared Documents/Migration Plan.docx","Migration Plan.docx","reese.rasmussen@partner5.example.com","Guest"
"2026-08-13T18:22:59Z","7e0fbbf1-3553-30bb-1856-52635065930c","AnonymousLinkCreated","marlowe.quintero@example.com","SharePoint","https://example.sharepoint.com/sites/sunfish/","https://example.sharepoint.com/sites/sunfish/Shared Documents/Statement of Work.docx","Statement of Work.docx","",""
"2026-08-13T18:27:05Z","f03d09de-0646-ddd3-59f8-dbea7d5e64e6","SharingSet","avery.silva@example.com","SharePoint","https://example.sharepoint.com/sites/vendors/","https://example.sharepoint.com/sites/vendors/Shared Documents/Statement of Work.docx","Statement of Work.docx","parker.nakamura@partner8.example.com","Guest"
"2026-08-13T18:50:40Z","2b4c4bcc-a5d5-9e6c-7420-15458b03b4f4","AnonymousLinkUsed","urn:spo:anon#677627","OneDrive","https://example-my.sharepoint.com/personal/avery_abara_example_com/","https://example-my.sharepoint.com/personal/avery_abara_example_com/Shared Documents/Pricing Model.xlsx","Pricing Model.xlsx","",""
"2026-08-13T19:41:14Z","126caa13-7a87-7200-d4dd-68971c203227","SharingSet","quinn.silva2@example.com","SharePoint","https://example.sharepoint.com/sites/northwind/","https://example.sharepoint.com/sites/northwind/Shared Documents/Architecture Review.pptx","Architecture Review.pptx","reese.moreau@partner6.example.com","Guest"
"2026-08-14T08:44:56Z","a4845bda-a472-55f2-c408-10ce49503976","SecureLinkUsed","emery.yilmaz@partner4.example.com","SharePoint","https://example.sharepoint.com/sites/launch/","https://example.sharepoint.com/sites/launch/Shared Documents/Migration Plan.docx","Migration Plan.docx","emery.yilmaz@partner4.example.com","Guest"
"2026-08-14T09:07:55Z","19b20b3d-4944-faf3-d9dd-13ab5ba69c99","SharingSet","parker.zawadzki@example.com","OneDrive","https://example-my.sharepoint.com/personal/avery_abara_example_com/","https://example-my.sharepoint.com/personal/avery_abara_example_com/Shared Documents/Architecture Review.pptx","Architecture Review.pptx","zephyr.zawadzki@partner6.example.com","Guest"
"2026-08-14T09:31:03Z","ad0bae06-e5d0-d01b-bae2-b99c74f4d069","SharingSet","tatum.rasmussen@example.com","SharePoint","https://example.sharepoint.com/sites/northwind/","https://example.sharepoint.com/sites/northwind/Shared Documents/Rollout Schedule.xlsx","Rollout Schedule.xlsx","finley.lindqvist@partner9.example.com","Guest"
"2026-08-14T10:00:51Z","fb9c98b4-e570-e03e-d1b1-cb728297384b","SharingSet","emery.quintero@example.com","SharePoint","https://example.sharepoint.com/sites/sunfish/","https://example.sharepoint.com/sites/sunfish/Shared Documents/Security Questionnaire.docx","Security Questionnaire.docx","logan.nakamura@partner1.example.com","Guest"
"2026-08-14T10:04:47Z","3c8ae792-e349-3ede-ed5d-4cc4955f50ce","SharingSet","avery.lindqvist@example.com","SharePoint","https://example.sharepoint.com/sites/sunfish/","https://example.sharepoint.com/sites/sunfish/Shared Documents/Security Questionnaire.docx","Security Questionnaire.docx","blair.delacroix@partner7.example.com","Guest"
"2026-08-14T10:25:12Z","7de742b2-6c23-e960-a683-64cc24fa0aa5","AnonymousLinkUsed","urn:spo:anon#816928","SharePoint","https://example.sharepoint.com/sites/launch/","https://example.sharepoint.com/sites/launch/Shared Documents/Security Questionnaire.docx","Security Questionnaire.docx","",""
"2026-08-14T11:01:16Z","48366ce6-53a1-8eaf-a05e-caae383da067","AnonymousLinkUsed","urn:spo:anon#581710","SharePoint","https://example.sharepoint.com/sites/vendors/","https://example.sharepoint.com/sites/vendors/Shared Documents/Pricing Model.xlsx","Pricing Model.xlsx","",""
"2026-08-14T11:11:06Z","2218c0c9-74a4-91f5-3b05-196dbe54650f","SharingSet","quinn.yilmaz@example.com","SharePoint","https://example.sharepoint.com/sites/sunfish/","https://example.sharepoint.com/sites/sunfish/Shared Documents/Migration Plan.docx","Migration Plan.docx","xan.ibarra@partner11.example.com","Guest"
"2026-08-14T11:11:31Z","f3e8aad3-8c83-2093-164f-76e93d2823d1","AnonymousLinkUsed","urn:spo:anon#134814","SharePoint","https://example.sharepoint.com/sites/vendors/","https://example.sharepoint.com/sites/vendors/Shared Documents/Rollout Schedule.xlsx","Rollout Schedule.xlsx","",""
"2026-08-14T11:14:24Z","162e2c69-9596-35af-2eed-3e1e29a93e85","SharingSet","noor.abara@example.com","SharePoint","https://example.sharepoint.com/sites/sunfish/","https://example.sharepoint.com/sites/sunfish/Shared Documents/Test Results.xlsx","Test Results.xlsx","reese.gallagher@partner1.example.com","Guest"
"2026-08-14T12:16:50Z","ab8f5e31-7635-3dfe-85fa-094031fde67c","AnonymousLinkUsed","urn:spo:anon#290708","SharePoint","https://example.sharepoint.com/sites/launch/","https://example.sharepoint.com/sites/launch/Shared Documents/Architecture Review.pptx","Architecture Review.pptx","",""
"2026-08-14T12:43:22Z","005f456c-33a8-218e-513b-2b43ff5c1e70","SharingSet","parker.zawadzki@example.com","OneDrive","https://example-my.sharepoint.com/personal/avery_abara_example_com/","https://example-my.sharepoint.com/personal/avery_abara_example_com/Shared Documents/Architecture Review.pptx","Architecture Review.pptx","zephyr.zawadzki@partner6.example.com","Guest"
"2026-08-14T14:07:44Z","a57d037b-974f-374d-ab0d-7d194aa41c7a","SharingSet","logan.ueda@example.com","SharePoint","https://example.sharepoint.com/sites/launch/","https://example.sharepoint.com/sites/launch/Shared Documents/Test Results.xlsx","Test Results.xlsx","jordan.abara@partner9.example.com","Guest"
"2026-08-14T14:35:31Z","00ff41ee-6b67-78db-fc5b-105470fb9f80","SharingSet","tatum.yilmaz@example.com","SharePoint","https://example.sharepoint.com/sites/vendors/","https://example.sharepoint.com/sites/vendors/Shared Documents/Statement of Work.docx","Statement of Work.docx","drew.quintero@partner12.example.com","Guest"
"2026-08-14T15:13:37Z","6103248f-0536-6750-56c2-79fe73ff2b45","AnonymousLinkUsed","urn:spo:anon#773168","OneDrive","https://example-my.sharepoint.com/personal/avery_abara_example_com/","https://example-my.sharepoint.com/personal/avery_abara_example_com/Shared Documents/Security Questionnaire.docx","Security Questionnaire.docx","",""
"2026-08-14T15:42:22Z","0567a725-a4cc-6f79-495e-4465d6f2f386","SharingSet","tatum.ibarra@example.com","SharePoint","https://example.sharepoint.com/sites/northwind/","https://example.sharepoint.com/sites/northwind/Shared Documents/Architecture Review.pptx","Architecture Review.pptx","logan.fontaine@partner11.example.com","Guest"
"2026-08-14T16:46:44Z","f2181f83-d233-e0ba-1295-8b72ce36b740","AnonymousLinkCreated","finley.delacroix@example.com","SharePoint","https://example.sharepoint.com/sites/vendors/","https://example.sharepoint.com/sites/vendors/Shared Documents/Architecture Review.pptx","Architecture Review.pptx","",""
"2026-08-14T17:50:17Z","169f2fb4-e9e2-1b2a-3589-3d93fee17170","SharingSet","quinn.yilmaz@example.com","SharePoint","https://example.sharepoint.com/sites/sunfish/","https://example.sharepoint.com/sites/sunfish/Shared Documents/Rollout Schedule.xlsx","Rollout Schedule.xlsx","xan.ibarra@partner11.example.com","Guest"
"2026-08-14T18:28:32Z","475fbd93-ea3e-8858-2c34-33b5888f27d9","AnonymousLinkCreated","gray.haddad2@example.com","SharePoint","https://example.sharepoint.com/sites/northwind/","https://example.sharepoint.com/sites/northwind/Shared Documents/Security Questionnaire.docx","Security Questionnaire.docx","",""
"2026-08-14T18:29:44Z","b8ace2bf-1920-8c62-7b44-44467d195c9f","AnonymousLinkUsed","urn:spo:anon#547766","OneDrive","https://example-my.sharepoint.com/personal/avery_abara_example_com/","https://example-my.sharepoint.com/personal/avery_abara_example_com/Shared Documents/Test Results.xlsx","Test Results.xlsx","",""
"2026-08-14T18:52:30Z","42c78187-3bed-02f3-d9fa-aec40bff3274","SharingSet","indigo.yilmaz@example.com","SharePoint","https://example.sharepoint.com/sites/launch/","https://example.sharepoint.com/sites/launch/Shared Documents/Rollout Schedule.xlsx","Rollout Schedule.xlsx","drew.haddad@partner4.example.com","Guest"
"2026-08-14T18:54:13Z","54e71832-17dc-a22d-8306-6bda1f30aadb","SharingSet","tatum.ibarra@example.com","SharePoint","https://example.sharepoint.com/sites/launch/","https://example.sharepoint.com/sites/launch/Shared Documents/Pricing Model.xlsx","Pricing Model.xlsx","logan.fontaine@partner11.example.com","Guest"
"2026-08-15T06:33:43Z","ba4a6bc9-c665-7af9-ba95-c68843ea2d34","SharingInvitationAccepted","wren.fontaine@partner6.example.com","OneDrive","https://example-my.sharepoint.com/personal/avery_abara_example_com/","https://example-my.sharepoint.com/personal/avery_abara_example_com/Shared Documents/Meeting Notes.docx","Meeting Notes.docx","wren.fontaine@partner6.example.com","Guest"
"2026-08-15T07:42:31Z","a1ada3b2-f223-c3a5-5e6b-8d032b8f7b7f","AnonymousLinkUsed","urn:spo:anon#282531","SharePoint","https://example.sharepoint.com/sites/vendors/","https://example.sharepoint.com/sites/vendors/Shared Documents/Security Questionnaire.docx","Security Questionnaire.docx","",""
"2026-08-15T09:57:22Z","9af2836b-36c5-a844-6b03-ce12f223841f","SharingSet","drew.lindqvist@example.com","SharePoint","https://example.sharepoint.com/sites/northwind/","https://example.sharepoint.com/sites/northwind/Shared Documents/Security Questionnaire.docx","Security Questionnaire.docx","gray.silva@partner4.example.com","Guest"
"2026-08-15T10:16:04Z","98dd5e99-25c2-dfef-fca8-af0881ae180d","AnonymousLinkUsed","urn:spo:anon#670424","SharePoint","https://example.sharepoint.com/sites/vendors/","https://example.sharepoint.com/sites/vendors/Shared Documents/Test Results.xlsx","Test Results.xlsx","",""
"2026-08-15T10:17:27Z","349ea933-ad05-b9c6-acdc-e13360194781","AnonymousLinkRemoved","kai.xiong@example.com","SharePoint","https://example.sharepoint.com/sites/sunfish/","https://example.sharepoint.com/sites/sunfish/Shared Documents/Test Results.xlsx","Test Results.xlsx","",""
"2026-08-15T10:21:24Z","2bba1362-1a11-c755-7f4e-918c9f1b988c","SharingSet","harper.yilmaz@example.com","OneDrive","https://example-my.sharepoint.com/personal/avery_abara_example_com/","https://example-my.sharepoint.com/personal/avery_abara_example_com/Shared Documents/Test Results.xlsx","Test Results.xlsx","logan.vasquez@partner9.example.com","Guest"
"2026-08-15T11:13:22Z","70f05262-2f7d-8c8d-7f14-924d7c3895da","SharingSet","tatum.ibarra@example.com","SharePoint","https://example.sharepoint.com/sites/northwind/","https://example.sharepoint.com/sites/northwind/Shared Documents/Architecture Review.pptx","Architecture Review.pptx","logan.fontaine@partner11.example.com","Guest"
"2026-08-15T11:19:22Z","fd964608-0255-0fdc-f66b-52d7ae9e32c4","AnonymousLinkUsed","urn:spo:anon#834775","SharePoint","https://example.sharepoint.com/sites/vendors/","https://example.sharepoint.com/sites/vendors/Shared Documents/Migration Plan.docx","Migration Plan.docx","",""
"2026-08-15T11:41:01Z","e7e59ee2-6468-f33a-0b90-685d959a739a","SecureLinkUsed","jordan.eriksen@partner7.example.com","OneDrive","https://example-my.sharepoint.com/personal/avery_abara_example_com/","https://example-my.sharepoint.com/personal/avery_abara_example_com/Shared Documents/Meeting Notes.docx","Meeting Notes.docx","jordan.eriksen@partner7.example.com","Guest"
"2026-08-15T12:07:34Z","7e9ad618-2c0c-e927-7ba6-2f977707579a","SecureLinkUsed","zephyr.bergstrom@partner12.example.com","OneDrive","https://example-my.sharepoint.com/personal/avery_abara_example_com/","https://example-my.sharepoint.com/personal/avery_abara_example_com/Shared Documents/Meeting Notes.docx","Meeting Notes.docx","zephyr.bergstrom@partner12.example.com","Guest"
"2026-08-15T12:27:25Z","b429af90-34a8-94bb-2144-453197220cfc","SharingSet","parker.zawadzki@example.com","SharePoint","https://example.sharepoint.com/sites/launch/","https://example.sharepoint.com/sites/launch/Shared Documents/Test Results.xlsx","Test Results.xlsx","zephyr.zawadzki@partner6.example.com","Guest"
"2026-08-15T13:10:55Z","bfefaf8b-3fc7-5d07-585c-17316b048b8a","SharingSet","noor.vasquez@example.com","SharePoint","https://example.sharepoint.com/sites/vendors/","https://example.sharepoint.com/sites/vendors/Shared Documents/Meeting Notes.docx","Meeting Notes.docx","emery.yilmaz@partner4.example.com","Guest"
"2026-08-15T13:24:27Z","4b3baf6b-522e-b03a-8dd9-6cb81f4acc11","SharingSet","parker.zawadzki@example.com","SharePoint","https://example.sharepoint.com/sites/sunfish/","https://example.sharepoint.com/sites/sunfish/Shared Documents/Test Results.xlsx","Test Results.xlsx","zephyr.zawadzki@partner6.example.com","Guest"
"2026-08-15T14:19:51Z","b75dff00-4bf5-bab2-2fc4-ed1f4bdc6a8a","SecureLinkUsed","kai.ibarra@partner2.example.com","OneDrive","https://example-my.sharepoint.com/personal/avery_abara_example_com/","https://example-my.sharepoint.com/personal/avery_abara_example_com/Shared Documents/Rollout Schedule.xlsx","Rollout Schedule.xlsx","kai.ibarra@partner2.example.com","Guest"
"2026-08-15T14:20:33Z","7f0aa34a-5af4-9533-6839-8c8b15561caa","SecureLinkUsed","emery.yilmaz@partner4.example.com","SharePoint","https://example.sharepoint.com/sites/launch/","https://example.sharepoint.com/sites/launch/Shared Documents/Test Results.xlsx","Test Results.xlsx","emery.yilmaz@partner4.example.com","Guest"
"2026-08-15T15:33:09Z","8123b7c7-95af-77c0-7eca-0fac5c7fddcb","AnonymousLinkUsed","urn:spo:anon#690369","OneDrive","https://example-my.sharepoint.com/personal/avery_abara_example_com/","https://example-my.sharepoint.com/personal/avery_abara_example_com/Shared Documents/Test Results.xlsx","Test Results.xlsx","",""
"2026-08-15T16:31:39Z","4ca3de98-b7e1-21af-ac63-7f69a9e2e843","AnonymousLinkUsed","urn:spo:anon#923853","OneDrive","https://example-my.sharepoint.com/personal/avery_abara_example_com/","https://example-my.sharepoint.com/personal/avery_abara_example_com/Shared Documents/Migration Plan.docx","Migration Plan.docx","",""
"2026-08-16T08:14:54Z","10615ad5-6162-6608-107b-017c874bccbb","SharingSet","tatum.yilmaz@example.com","SharePoint","https://example.sharepoint.com/sites/launch/","https://example.sharepoint.com/sites/launch/Shared Documents/Rollout Schedule.xlsx","Rollout Schedule.xlsx","noor.yilmaz@partner12.example.com","Guest"
"2026-08-16T09:03:48Z","2ec9ce05-e767-3073-1d5f-5e63970d97c4","SharingSet","indigo.yilmaz@example.com","SharePoint","https://example.sharepoint.com/sites/northwind/","https://example.sharepoint.com/sites/northwind/Shared Documents/Security Questionnaire.docx","Security Questionnaire.docx","drew.haddad@partner4.example.com","Guest"
"2026-08-16T09:28:20Z","d24d28bd-76a6-b26c-3987-ff8bf0dfdf64","AnonymousLinkCreated","vale.kowalski@example.com","SharePoint","https://example.sharepoint.com/sites/vendors/","https://example.sharepoint.com/sites/vendors/Shared Documents/Meeting Notes.docx","Meeting Notes.docx","",""
"2026-08-16T09:50:48Z","160defed-9179-d992-78cf-25a8352c1df5","SharingSet","tatum.yilmaz@example.com","SharePoint","https://example.sharepoint.com/sites/sunfish/","https://example.sharepoint.com/sites/sunfish/Shared Documents/Pricing Model.xlsx","Pricing Model.xlsx","drew.quintero@partner12.example.com","Guest"
"2026-08-16T10:19:11Z","f63cdbf5-9dbc-c35b-8122-03539093761f","SharingSet","sage.quintero@example.com","OneDrive","https://example-my.sharepoint.com/personal/avery_abara_example_com/","https://example-my.sharepoint.com/personal/avery_abara_example_com/Shared Documents/Security Questionnaire.docx","Security Questionnaire.docx","umi.ibarra@partner10.example.com","Guest"
"2026-08-16T10:45:57Z","6398d1fb-d429-671f-00c4-1c5ad76d4c4c","AnonymousLinkUsed","urn:spo:anon#387412","SharePoint","https://example.sharepoint.com/sites/northwind/","https://example.sharepoint.com/sites/northwind/Shared Documents/Migration Plan.docx","Migration Plan.docx","",""
"2026-08-16T10:48:59Z","c148241f-0a7e-3793-d69c-d8451c00d9d6","SharingSet","zephyr.gallagher@example.com","OneDrive","https://example-my.sharepoint.com/personal/avery_abara_example_com/","https://example-my.sharepoint.com/personal/avery_abara_example_com/Shared Documents/Security Questionnaire.docx","Security Questionnaire.docx","reese.ibarra@partner7.example.com","Guest"
"2026-08-16T10:55:53Z","801f6075-32fe-94d4-d8fd-5741a0e67e89","AnonymousLinkUsed","urn:spo:anon#673193","SharePoint","https://example.sharepoint.com/sites/vendors/","https://example.sharepoint.com/sites/vendors/Shared Documents/Statement of Work.docx","Statement of Work.docx","",""
"2026-08-16T11:57:36Z","eb0d60fe-fc01-1391-9010-b2c683e17096","SharingSet","quinn.eriksen@example.com","SharePoint","https://example.sharepoint.com/sites/northwind/","https://example.sharepoint.com/sites/northwind/Shared Documents/Migration Plan.docx","Migration Plan.docx","vale.petrov@partner9.example.com","Guest"
"2026-08-16T11:59:12Z","46cad684-3516-c108-e028-1465d9a666bb","SharingSet","blair.rasmussen2@example.com","SharePoint","https://example.sharepoint.com/sites/sunfish/","https://example.sharepoint.com/sites/sunfish/Shared Documents/Pricing Model.xlsx","Pricing Model.xlsx","drew.ueda@partner2.example.com","Guest"
"2026-08-16T12:06:09Z","a3a78334-daed-6f7f-97ba-0ea35b855a44","SharingSet","parker.zawadzki@example.com","OneDrive","https://example-my.sharepoint.com/personal/avery_abara_example_com/","https://example-my.sharepoint.com/personal/avery_abara_example_com/Shared Documents/Rollout Schedule.xlsx","Rollout Schedule.xlsx","zephyr.zawadzki@partner6.example.com","Guest"
"2026-08-16T12:20:42Z","e3e78041-9520-fa37-202e-2839ccca2faa","SharingSet","oakley.jovanovic@example.com","SharePoint","https://example.sharepoint.com/sites/northwind/","https://example.sharepoint.com/sites/northwind/Shared Documents/Pricing Model.xlsx","Pricing Model.xlsx","wren.fontaine@partner6.example.com","Guest"
"2026-08-16T12:36:24Z","3863c96d-6e92-1c8a-87d5-084456d7be08","SecureLinkUsed","logan.vasquez@partner9.example.com","SharePoint","https://example.sharepoint.com/sites/vendors/","https://example.sharepoint.com/sites/vendors/Shared Documents/Migration Plan.docx","Migration Plan.docx","logan.vasquez@partner9.example.com","Guest"
"2026-08-16T12:52:09Z","270ba4b4-852e-3179-e66b-34792c367c01","AnonymousLinkUsed","urn:spo:anon#131819","SharePoint","https://example.sharepoint.com/sites/sunfish/","https://example.sharepoint.com/sites/sunfish/Shared Documents/Statement of Work.docx","Statement of Work.docx","",""
"2026-08-16T14:04:32Z","e5fd036c-3e53-40cf-3ba6-fe48d0796527","AnonymousLinkUsed","urn:spo:anon#336745","SharePoint","https://example.sharepoint.com/sites/launch/","https://example.sharepoint.com/sites/launch/Shared Documents/Security Questionnaire.docx","Security Questionnaire.docx","",""
"2026-08-16T14:58:43Z","350f11eb-288e-e79f-31f5-3695685eac49","AnonymousLinkUsed","urn:spo:anon#787500","SharePoint","https://example.sharepoint.com/sites/sunfish/","https://example.sharepoint.com/sites/sunfish/Shared Documents/Migration Plan.docx","Migration Plan.docx","",""
"2026-08-16T15:05:57Z","ea09e3b3-0523-1dd6-02e9-b4a0d286c157","AnonymousLinkUsed","urn:spo:anon#594327","SharePoint","https://example.sharepoint.com/sites/northwind/","https://example.sharepoint.com/sites/northwind/Shared Documents/Test Results.xlsx","Test Results.xlsx","",""
"2026-08-16T15:35:24Z","ae8a5755-f6ec-a6bb-df16-94380eb4daae","AnonymousLinkUsed","urn:spo:anon#428373","OneDrive","https://example-my.sharepoint.com/personal/avery_abara_example_com/","https://example-my.sharepoint.com/personal/avery_abara_example_com/Shared Documents/Meeting Notes.docx","Meeting Notes.docx","",""
"2026-08-16T15:49:40Z","8486998d-02b4-1e96-bb58-8482e37f2945","AnonymousLinkUsed","urn:spo:anon#267364","SharePoint","https://example.sharepoint.com/sites/launch/","https://example.sharepoint.com/sites/launch/Shared Documents/Security Questionnaire.docx","Security Questionnaire.docx","",""
"2026-08-16T15:56:02Z","095cd336-03f5-db80-a021-a94f523d5b62","SharingSet","blair.ueda@example.com","SharePoint","https://example.sharepoint.com/sites/sunfish/","https://example.sharepoint.com/sites/sunfish/Shared Documents/Migration Plan.docx","Migration Plan.docx","avery.haddad@partner5.example.com","Guest"
"2026-08-16T16:29:32Z","33f7d9a7-fc00-ff92-f6ce-663e2fe329be","AnonymousLinkUsed","urn:spo:anon#685231","OneDrive","https://example-my.sharepoint.com/personal/avery_abara_example_com/","https://example-my.sharepoint.com/personal/avery_abara_example_com/Shared Documents/Pricing Model.xlsx","Pricing Model.xlsx","",""
"2026-08-16T17:47:31Z","fb76ba70-814a-6508-e2d4-a1129a7ab06e","AnonymousLinkCreated","indigo.takahashi2@example.com","SharePoint","https://example.sharepoint.com/sites/northwind/","https://example.sharepoint.com/sites/northwind/Shared Documents/Architecture Review.pptx","Architecture Review.pptx","",""
"2026-08-16T17:53:02Z","fcd402ab-c73b-a7b6-4a89-39e0c7f39475","SharingSet","quinn.eriksen@example.com","SharePoint","https://example.sharepoint.com/sites/launch/","https://example.sharepoint.com/sites/launch/Shared Documents/Migration Plan.docx","Migration Plan.docx","vale.petrov@partner9.example.com","Guest"
"2026-08-16T18:31:24Z","5a2e838e-e26b-65f7-c3ea-2c3e56e5285a","SharingSet","wren.gallagher@example.com","SharePoint","https://example.sharepoint.com/sites/launch/","https://example.sharepoint.com/sites/launch/Shared Documents/Migration Plan.docx","Migration Plan.docx","casey.kowalski@partner1.example.com","Guest"
"2026-08-16T18:49:22Z","a269423d-287f-3b02-b378-ce3e802b978a","AnonymousLinkUsed","urn:spo:anon#311487","SharePoint","https://example.sharepoint.com/sites/vendors/","https://example.sharepoint.com/sites/vendors/Shared Documents/Pricing Model.xlsx","Pricing Model.xlsx","",""
"2026-08-16T19:12:01Z","470c8f73-1425-d052-9687-3e15469bf0d4","SharingSet","parker.zawadzki@example.com","OneDrive","https://example-my.sharepoint.com/personal/avery_abara_example_com/","https://example-my.sharepoint.com/personal/avery_abara_example_com/Shared Documents/Rollout Schedule.xlsx","Rollout Schedule.xlsx","zephyr.zawadzki@partner6.example.com","Guest"
"2026-08-16T19:45:28Z","65616c69-cd51-00ad-671b-0407168a53f1","AnonymousLinkUsed","urn:spo:anon#427949","SharePoint","https://example.sharepoint.com/sites/launch/","https://example.sharepoint.com/sites/launch/Shared Documents/Migration Plan.docx","Migration Plan.docx","",""
"2026-08-16T19:53:06Z","b83560a6-6d4a-2fd2-60da-60adafef0471","AnonymousLinkUsed","urn:spo:anon#592089","SharePoint","https://example.sharepoint.com/sites/northwind/","https://example.sharepoint.com/sites/northwind/Shared Documents/Statement of Work.docx","Statement of Work.docx","",""
"2026-08-17T07:21:07Z","e60f983b-fdc1-5e89-3c52-6b4f8add945a","SharingSet","oakley.jovanovic@example.com","SharePoint","https://example.sharepoint.com/sites/sunfish/","https://example.sharepoint.com/sites/sunfish/Shared Documents/Meeting Notes.docx","Meeting Notes.docx","wren.fontaine@partner6.example.com","Guest"
"2026-08-17T07:25:19Z","0b7aa9f3-5d37-131f-0bb7-fe98a455fcd0","AnonymousLinkUsed","urn:spo:anon#191456","SharePoint","https://example.sharepoint.com/sites/sunfish/","https://example.sharepoint.com/sites/sunfish/Shared Documents/Rollout Schedule.xlsx","Rollout Schedule.xlsx","",""
"2026-08-17T07:37:47Z","97c6649f-d4a5-68b1-8471-dc05099cdd18","SharingSet","drew.lindqvist@example.com","OneDrive","https://example-my.sharepoint.com/personal/avery_abara_example_com/","https://example-my.sharepoint.com/personal/avery_abara_example_com/Shared Documents/Rollout Schedule.xlsx","Rollout Schedule.xlsx","gray.silva@partner4.example.com","Guest"
"2026-08-17T07:38:20Z","cfa84cd0-1665-3ee2-a843-151815ecaaf3","AnonymousLinkUsed","urn:spo:anon#420861","OneDrive","https://example-my.sharepoint.com/personal/avery_abara_example_com/","https://example-my.sharepoint.com/personal/avery_abara_example_com/Shared Documents/Rollout Schedule.xlsx","Rollout Schedule.xlsx","",""
"2026-08-17T07:53:11Z","581ab312-b7c5-c0d6-1074-3c4039f52586","SharingSet","tatum.yilmaz@example.com","SharePoint","https://example.sharepoint.com/sites/launch/","https://example.sharepoint.com/sites/launch/Shared Documents/Meeting Notes.docx","Meeting Notes.docx","drew.quintero@partner12.example.com","Guest"
"2026-08-17T08:27:38Z","06fa7899-6d44-caec-662b-6bc7caf35220","AnonymousLinkCreated","sage.moreau@example.com","SharePoint","https://example.sharepoint.com/sites/vendors/","https://example.sharepoint.com/sites/vendors/Shared Documents/Statement of Work.docx","Statement of Work.docx","",""
"2026-08-17T08:41:14Z","86a0188a-b78b-927a-7d61-1176dc36f030","AnonymousLinkUsed","urn:spo:anon#677708","SharePoint","https://example.sharepoint.com/sites/launch/","https://example.sharepoint.com/sites/launch/Shared Documents/Migration Plan.docx","Migration Plan.docx","",""
"2026-08-17T09:14:42Z","a2d57da3-f3e4-a199-7c32-2478064bf536","AnonymousLinkUsed","urn:spo:anon#329553","SharePoint","https://example.sharepoint.com/sites/northwind/","https://example.sharepoint.com/sites/northwind/Shared Documents/Test Results.xlsx","Test Results.xlsx","",""
"2026-08-17T10:15:03Z","84b65b02-1683-77c8-7581-591b64bfcf61","SharingInvitationCreated","parker.zawadzki@example.com","OneDrive","https://example-my.sharepoint.com/personal/avery_abara_example_com/","https://example-my.sharepoint.com/personal/avery_abara_example_com/Shared Documents/Architecture Review.pptx","Architecture Review.pptx","zephyr.zawadzki@partner6.example.com","Guest"
"2026-08-17T11:15:03Z","46eab040-0741-d74b-859a-14f35c4ca2ac","SharingInvitationAccepted","zephyr.zawadzki@partner6.example.com","SharePoint","https://example.sharepoint.com/sites/vendors/","https://example.sharepoint.com/sites/vendors/Shared Documents/Meeting Notes.docx","Meeting Notes.docx","zephyr.zawadzki@partner6.example.com","Guest"
"2026-08-17T12:10:33Z","70ccc25b-2964-8724-25e6-e52602bfe3e9","SharingSet","tatum.ibarra@example.com","SharePoint","https://example.sharepoint.com/sites/sunfish/","https://example.sharepoint.com/sites/sunfish/Shared Documents/Architecture Review.pptx","Architecture Review.pptx","logan.fontaine@partner11.example.com","Guest"
"2026-08-17T12:14:21Z","3497cd07-0aa2-b734-1fd2-52aa2320059e","SharingSet","quinn.quintero@example.com","OneDrive","https://example-my.sharepoint.com/personal/avery_abara_example_com/","https://example-my.sharepoint.com/personal/avery_abara_example_com/Shared Documents/Pricing Model.xlsx","Pricing Model.xlsx","drew.lindqvist@partner2.example.com","Guest"
"2026-08-17T12:15:03Z","e724cfaa-6315-5eeb-03e5-0d42b560a618","SecureLinkCreated","parker.zawadzki@example.com","SharePoint","https://example.sharepoint.com/sites/northwind/","https://example.sharepoint.com/sites/northwind/Shared Documents/Rollout Schedule.xlsx","Rollout Schedule.xlsx","zephyr.zawadzki@partner6.example.com","Guest"
"2026-08-17T12:38:40Z","d3491b4c-99a8-fdc1-9d18-4bfb02e5e5a5","SharingInvitationRevoked","wren.zawadzki@example.com","SharePoint","https://example.sharepoint.com/sites/launch/","https://example.sharepoint.com/sites/launch/Shared Documents/Migration Plan.docx","Migration Plan.docx","casey.okonkwo@partner8.example.com","Guest"
"2026-08-17T12:43:40Z","24452384-0d08-3481-3231-d6bb410aecdd","SecureLinkUsed","yael.haddad@partner4.example.com","SharePoint","https://example.sharepoint.com/sites/sunfish/","https://example.sharepoint.com/sites/sunfish/Shared Documents/Security Questionnaire.docx","Security Questionnaire.docx","yael.haddad@partner4.example.com","Guest"
"2026-08-17T12:44:31Z","eb1852a9-06d1-b2a2-36c5-8cf27f71e238","AnonymousLinkUsed","urn:spo:anon#437664","SharePoint","https://example.sharepoint.com/sites/northwind/","https://example.sharepoint.com/sites/northwind/Shared Documents/Rollout Schedule.xlsx","Rollout Schedule.xlsx","",""
"2026-08-17T13:15:03Z","7c751417-3e37-dd42-618e-fccec112eecc","AddedToSecureLink","parker.zawadzki@example.com","SharePoint","https://example.sharepoint.com/sites/vendors/","https://example.sharepoint.com/sites/vendors/Shared Documents/Rollout Schedule.xlsx","Rollout Schedule.xlsx","zephyr.zawadzki@partner6.example.com","Guest"
"2026-08-17T15:17:36Z","a56d9b59-9a72-eb7d-ba98-491b4f2fac2b","AnonymousLinkUsed","urn:spo:anon#269959","SharePoint","https://example.sharepoint.com/sites/vendors/","https://example.sharepoint.com/sites/vendors/Shared Documents/Test Results.xlsx","Test Results.xlsx","",""
"2026-08-17T15:21:23Z","c4aaffeb-6e10-d876-d8b4-9cd71f73e14d","SharingSet","vale.yilmaz@example.com","SharePoint","https://example.sharepoint.com/sites/launch/","https://example.sharepoint.com/sites/launch/Shared Documents/Test Results.xlsx","Test Results.xlsx","oakley.xiong@partner1.example.com","Guest"
"2026-08-17T15:34:04Z","0dfb3fdb-5455-0f89-8263-78bd8e3f4c5d","SharingSet","harper.okonkwo@example.com","SharePoint","https://example.sharepoint.com/sites/sunfish/","https://example.sharepoint.com/sites/sunfish/Shared Documents/Meeting Notes.docx","Meeting Notes.docx","blair.kowalski@partner6.example.com","Guest"
"2026-08-17T15:59:39Z","8fdc7423-45ef-7998-598e-422ce65d99d4","AnonymousLinkUsed","urn:spo:anon#167504","SharePoint","https://example.sharepoint.com/sites/northwind/","https://example.sharepoint.com/sites/northwind/Shared Documents/Rollout Schedule.xlsx","Rollout Schedule.xlsx","",""
"2026-08-17T16:14:52Z","37b053a1-32ee-a065-982c-1eb4747b82eb","AnonymousLinkUsed","urn:spo:anon#409794","SharePoint","https://example.sharepoint.com/sites/launch/","https://example.sharepoint.com/sites/launch/Shared Documents/Test Results.xlsx","Test Results.xlsx","",""
"2026-08-17T17:13:21Z","fc7ca892-d848-4912-143f-8609df324883","SharingSet","drew.jovanovic2@example.com","OneDrive","https://example-my.sharepoint.com/personal/avery_abara_example_com/","https://example-my.sharepoint.com/personal/avery_abara_example_com/Shared Documents/Migration Plan.docx","Migration Plan.docx","blair.kowalski@partner3.example.com","Guest"
"2026-08-17T17:55:33Z","53e73024-25d0-78aa-47df-0a6d029639fe","AnonymousLinkUsed","urn:spo:anon#609303","SharePoint","https://example.sharepoint.com/sites/launch/","https://example.sharepoint.com/sites/launch/Shared Documents/Architecture Review.pptx","Architecture Review.pptx","",""
"2026-08-17T18:34:07Z","345c14e2-2e72-919a-0f2f-ebcb41fce9ee","SharingSet","noor.vasquez@example.com","SharePoint","https://example.sharepoint.com/sites/vendors/","https://example.sharepoint.com/sites/vendors/Shared Documents/Meeting Notes.docx","Meeting Notes.docx","emery.yilmaz@partner4.example.com","Guest"
"2026-08-17T19:10:07Z","cb475c70-e7b8-6817-9992-6e781057ccb3","SharingSet","tatum.rasmussen@example.com","SharePoint","https://example.sharepoint.com/sites/launch/","https://example.sharepoint.com/sites/launch/Shared Documents/Meeting Notes.docx","Meeting Notes.docx","finley.lindqvist@partner9.example.com","Guest"
"2026-08-17T19:55:27Z","fd68213d-c4f7-f59d-bc2c-c232a0c963bd","SharingSet","jordan.whitfield@example.com","SharePoint","https://example.sharepoint.com/sites/vendors/","https://example.sharepoint.com/sites/vendors/Shared Documents/Architecture Review.pptx","Architecture Review.pptx","blair.jovanovic@partner10.example.com","Guest"
"2026-08-17T19:56:31Z","2ea0431a-078a-f01f-36e3-c591faddfca2","SharingRevoked","xan.quintero@example.com","SharePoint","https://example.sharepoint.com/sites/sunfish/","https://example.sharepoint.com/sites/sunfish/Shared Documents/Rollout Schedule.xlsx","Rollout Schedule.xlsx","finley.petrov@partner8.example.com","Guest"
"2026-08-18T07:48:39Z","25b42e4f-cb1a-9b47-d883-029a50b8d010","AnonymousLinkUsed","urn:spo:anon#529983","SharePoint","https://example.sharepoint.com/sites/sunfish/","https://example.sharepoint.com/sites/sunfish/Shared Documents/Security Questionnaire.docx","Security Questionnaire.docx","",""
"2026-08-18T08:19:35Z","fb0099a0-3391-8c9e-653f-15da2bad6ba0","AnonymousLinkUsed","urn:spo:anon#599846","SharePoint","https://example.sharepoint.com/sites/vendors/","https://example.sharepoint.com/sites/vendors/Shared Documents/Rollout Schedule.xlsx","Rollout Schedule.xlsx","",""
"2026-08-18T08:36:45Z","bd12432a-1a77-8117-d09e-d47c41a82e88","SharingSet","noor.petrov@example.com","SharePoint","https://example.sharepoint.com/sites/sunfish/","https://example.sharepoint.com/sites/sunfish/Shared Documents/Architecture Review.pptx","Architecture Review.pptx","kai.ibarra@partner2.example.com","Guest"
"2026-08-18T08:56:24Z","25edd534-4500-48f3-71a8-5b506991fb6d","SecureLinkUsed","drew.quintero@partner12.example.com","SharePoint","https://example.sharepoint.com/sites/northwind/","https://example.sharepoint.com/sites/northwind/Shared Documents/Security Questionnaire.docx","Security Questionnaire.docx","drew.quintero@partner12.example.com","Guest"
"2026-08-18T09:03:05Z","28199593-621f-922b-6fd2-e05d2b1f85a6","SharingSet","tatum.yilmaz@example.com","OneDrive","https://example-my.sharepoint.com/personal/avery_abara_example_com/","https://example-my.sharepoint.com/personal/avery_abara_example_com/Shared Documents/Migration Plan.docx","Migration Plan.docx","drew.quintero@partner12.example.com","Guest"
"2026-08-18T10:04:22Z","f9d898ff-a9ba-ce85-cf69-566bbbf9730c","SharingSet","xan.quintero@example.com","OneDrive","https://example-my.sharepoint.com/personal/avery_abara_example_com/","https://example-my.sharepoint.com/personal/avery_abara_example_com/Shared Documents/Meeting Notes.docx","Meeting Notes.docx","finley.petrov@partner8.example.com","Guest"
"2026-08-18T10:14:36Z","35ff887c-6557-e84f-119c-5c6906b014ab","AnonymousLinkUsed","urn:spo:anon#564990","SharePoint","https://example.sharepoint.com/sites/vendors/","https://example.sharepoint.com/sites/vendors/Shared Documents/Test Results.xlsx","Test Results.xlsx","",""
"2026-08-18T14:48:33Z","061bc989-1b09-0265-7360-70245ec11523","SecureLinkUsed","drew.fontaine@partner1.example.com","SharePoint","https://example.sharepoint.com/sites/sunfish/","https://example.sharepoint.com/sites/sunfish/Shared Documents/Migration Plan.docx","Migration Plan.docx","drew.fontaine@partner1.example.com","Guest"
"2026-08-18T16:12:02Z","852d7883-b512-05a0-f39f-02c8f6bcef80","SharingSet","indigo.ibarra@example.com","SharePoint","https://example.sharepoint.com/sites/launch/","https://example.sharepoint.com/sites/launch/Shared Documents/Architecture Review.pptx","Architecture Review.pptx","kai.bergstrom@partner11.example.com","Guest"
"2026-08-18T17:12:55Z","af225406-b3de-8973-f246-2672754afbda","SharingSet","parker.zawadzki@example.com","SharePoint","https://example.sharepoint.com/sites/sunfish/","https://example.sharepoint.com/sites/sunfish/Shared Documents/Meeting Notes.docx","Meeting Notes.docx","zephyr.zawadzki@partner6.example.com","Guest"
"2026-08-18T18:30:45Z","6291a3a0-754c-8a32-7cd3-e7107329ada7","AnonymousLinkUsed","urn:spo:anon#833866","OneDrive","https://example-my.sharepoint.com/personal/avery_abara_example_com/","https://example-my.sharepoint.com/personal/avery_abara_example_com/Shared Documents/Security Questionnaire.docx","Security Questionnaire.docx","",""
"2026-08-18T18:39:15Z","9ca1ddaf-bc4a-82c3-c76b-aea993089d59","AnonymousLinkUsed","urn:spo:anon#423589","SharePoint","https://example.sharepoint.com/sites/vendors/","https://example.sharepoint.com/sites/vendors/Shared Documents/Rollout Schedule.xlsx","Rollout Schedule.xlsx","",""
"2026-08-18T18:44:07Z","47d7a2c5-4bc9-6261-f349-bd4866182f4d","AnonymousLinkUsed","urn:spo:anon#161361","SharePoint","https://example.sharepoint.com/sites/vendors/","https://example.sharepoint.com/sites/vendors/Shared Documents/Security Questionnaire.docx","Security Questionnaire.docx","",""
"2026-08-18T19:17:01Z","ca043c5b-7b08-3122-f2cf-040a6e39b60b","AnonymousLinkUsed","urn:spo:anon#231259","OneDrive","https://example-my.sharepoint.com/personal/avery_abara_example_com/","https://example-my.sharepoint.com/personal/avery_abara_example_com/Shared Documents/Statement of Work.docx","Statement of Work.docx","",""
"2026-08-18T19:27:07Z","d5de2943-8707-1552-24bd-0d7a44dca3c2","AnonymousLinkUsed","urn:spo:anon#560262","SharePoint","https://example.sharepoint.com/sites/sunfish/","https://example.sharepoint.com/sites/sunfish/Shared Documents/Architecture Review.pptx","Architecture Review.pptx","",""
"2026-08-18T19:53:06Z","0f721ca2-3740-34fd-a91d-1dfb3a09514c","SharingInvitationCreated","emery.whitfield@example.com","SharePoint","https://example.sharepoint.com/sites/sunfish/","https://example.sharepoint.com/sites/sunfish/Shared Documents/Pricing Model.xlsx","Pricing Model.xlsx","reese.rasmussen@partner5.example.com","Guest"
"2026-08-18T21:53:06Z","fb27c681-171f-38cc-e31a-cf2f0ab54938","SecureLinkCreated","emery.whitfield@example.com","SharePoint","https://example.sharepoint.com/sites/sunfish/","https://example.sharepoint.com/sites/sunfish/Shared Documents/Security Questionnaire.docx","Security Questionnaire.docx","reese.rasmussen@partner5.example.com","Guest"
"2026-08-18T22:53:06Z","e5c6ac6c-7774-5982-b1e0-17eaf8e2701f","AddedToSecureLink","emery.whitfield@example.com","SharePoint","https://example.sharepoint.com/sites/launch/","https://example.sharepoint.com/sites/launch/Shared Documents/Security Questionnaire.docx","Security Questionnaire.docx","reese.rasmussen@partner5.example.com","Guest"
"2026-08-19T09:53:55Z","a2c8d7e8-1f8d-6224-e4aa-b0f4bb3bddc2","AnonymousLinkUsed","urn:spo:anon#441916","SharePoint","https://example.sharepoint.com/sites/northwind/","https://example.sharepoint.com/sites/northwind/Shared Documents/Test Results.xlsx","Test Results.xlsx","",""
"2026-08-19T10:11:44Z","3cec92b1-7056-e72e-097e-b78eb53a8cf8","AnonymousLinkUsed","urn:spo:anon#705844","SharePoint","https://example.sharepoint.com/sites/sunfish/","https://example.sharepoint.com/sites/sunfish/Shared Documents/Architecture Review.pptx","Architecture Review.pptx","",""
"2026-08-19T10:13:08Z","664f9159-cc75-a392-4266-8715492a24d0","SecureLinkUsed","blair.eriksen@partner11.example.com","OneDrive","https://example-my.sharepoint.com/personal/avery_abara_example_com/","https://example-my.sharepoint.com/personal/avery_abara_example_com/Shared Documents/Migration Plan.docx","Migration Plan.docx","blair.eriksen@partner11.example.com","Guest"
"2026-08-19T10:25:37Z","cb52701e-f65a-883a-c6c0-ab65f2027119","AnonymousLinkRemoved","noor.bergstrom@example.com","SharePoint","https://example.sharepoint.com/sites/sunfish/","https://example.sharepoint.com/sites/sunfish/Shared Documents/Security Questionnaire.docx","Security Questionnaire.docx","",""
"2026-08-19T10:28:59Z","bf4c40b4-7e26-7383-002b-9a657d865f16","AnonymousLinkUsed","urn:spo:anon#963510","OneDrive","https://example-my.sharepoint.com/personal/avery_abara_example_com/","https://example-my.sharepoint.com/personal/avery_abara_example_com/Shared Documents/Rollout Schedule.xlsx","Rollout Schedule.xlsx","",""
"2026-08-19T11:16:05Z","841558b7-0b88-b8b9-524e-8e038ee58111","SharingSet","parker.zawadzki@example.com","SharePoint","https://example.sharepoint.com/sites/vendors/","https://example.sharepoint.com/sites/vendors/Shared Documents/Rollout Schedule.xlsx","Rollout Schedule.xlsx","zephyr.zawadzki@partner6.example.com","Guest"
"2026-08-19T11:51:29Z","25d1abc6-608a-0ad0-ecde-139c9d32b701","SharingSet","vale.yilmaz@example.com","SharePoint","https://example.sharepoint.com/sites/northwind/","https://example.sharepoint.com/sites/northwind/Shared Documents/Security Questionnaire.docx","Security Questionnaire.docx","oakley.xiong@partner1.example.com","Guest"
"2026-08-19T13:35:17Z","55e9cee4-5720-4f94-ab79-6b1d79ebc1c9","SharingSet","avery.silva@example.com","OneDrive","https://example-my.sharepoint.com/personal/avery_abara_example_com/","https://example-my.sharepoint.com/personal/avery_abara_example_com/Shared Documents/Meeting Notes.docx","Meeting Notes.docx","parker.nakamura@partner8.example.com","Guest"
"2026-08-19T13:43:04Z","46fbc1d3-228a-f323-fa92-9686d673dc2f","AnonymousLinkUsed","urn:spo:anon#133253","SharePoint","https://example.sharepoint.com/sites/sunfish/","https://example.sharepoint.com/sites/sunfish/Shared Documents/Architecture Review.pptx","Architecture Review.pptx","",""
"2026-08-19T14:15:46Z","e07762d7-29a1-60db-72f6-557d881fc864","AnonymousLinkUsed","urn:spo:anon#956446","SharePoint","https://example.sharepoint.com/sites/vendors/","https://example.sharepoint.com/sites/vendors/Shared Documents/Meeting Notes.docx","Meeting Notes.docx","",""
"2026-08-19T14:55:05Z","b9387687-6a58-4d4f-f08b-d7ac5fee72d2","SharingSet","emery.nakamura@example.com","OneDrive","https://example-my.sharepoint.com/personal/avery_abara_example_com/","https://example-my.sharepoint.com/personal/avery_abara_example_com/Shared Documents/Meeting Notes.docx","Meeting Notes.docx","vale.quintero@partner8.example.com","Guest"
"2026-08-19T15:10:20Z","aabbd424-5424-033f-f92f-a6c7edc7ae0b","SharingSet","blair.rasmussen@example.com","SharePoint","https://example.sharepoint.com/sites/northwind/","https://example.sharepoint.com/sites/northwind/Shared Documents/Test Results.xlsx","Test Results.xlsx","yael.bergstrom@partner4.example.com","Guest"
"2026-08-19T15:23:27Z","99555750-e9d0-ebaf-96c5-e1fa7f7b1d2e","AnonymousLinkUsed","urn:spo:anon#885922","SharePoint","https://example.sharepoint.com/sites/launch/","https://example.sharepoint.com/sites/launch/Shared Documents/Meeting Notes.docx","Meeting Notes.docx","",""
"2026-08-19T16:04:43Z","761a09c1-a01c-9d71-bfa0-adea5a322b92","SharingSet","quinn.silva2@example.com","SharePoint","https://example.sharepoint.com/sites/launch/","https://example.sharepoint.com/sites/launch/Shared Documents/Rollout Schedule.xlsx","Rollout Schedule.xlsx","reese.moreau@partner6.example.com","Guest"
"2026-08-19T16:20:19Z","0454932a-0dbe-3355-983f-80eba58a4862","SharingSet","quinn.yilmaz@example.com","SharePoint","https://example.sharepoint.com/sites/northwind/","https://example.sharepoint.com/sites/northwind/Shared Documents/Architecture Review.pptx","Architecture Review.pptx","xan.ibarra@partner11.example.com","Guest"
"2026-08-19T16:38:38Z","197c933b-e388-590d-b609-e71b7eb74138","SharingSet","parker.takahashi@example.com","SharePoint","https://example.sharepoint.com/sites/launch/","https://example.sharepoint.com/sites/launch/Shared Documents/Security Questionnaire.docx","Security Questionnaire.docx","yael.fontaine@partner3.example.com","Guest"
"2026-08-19T17:18:30Z","b113d273-e3d7-c2b1-f21e-b9582aa434da","AnonymousLinkUsed","urn:spo:anon#566701","SharePoint","https://example.sharepoint.com/sites/launch/","https://example.sharepoint.com/sites/launch/Shared Documents/Rollout Schedule.xlsx","Rollout Schedule.xlsx","",""
"2026-08-19T17:53:22Z","a57e7fd6-f476-46df-86af-725f7417e38e","SharingSet","quinn.yilmaz@example.com","SharePoint","https://example.sharepoint.com/sites/sunfish/","https://example.sharepoint.com/sites/sunfish/Shared Documents/Migration Plan.docx","Migration Plan.docx","xan.ibarra@partner11.example.com","Guest"
"2026-08-19T17:59:19Z","a39e3eeb-c17f-5c8e-a2a6-a5de9d6fd95b","SecureLinkUsed","finley.petrov@partner8.example.com","OneDrive","https://example-my.sharepoint.com/personal/avery_abara_example_com/","https://example-my.sharepoint.com/personal/avery_abara_example_com/Shared Documents/Meeting Notes.docx","Meeting Notes.docx","finley.petrov@partner8.example.com","Guest"
"2026-08-19T18:11:43Z","d7d61a95-8eb5-81cf-cdcf-096ba2026eee","SharingSet","vale.yilmaz@example.com","SharePoint","https://example.sharepoint.com/sites/northwind/","https://example.sharepoint.com/sites/northwind/Shared Documents/Test Results.xlsx","Test Results.xlsx","oakley.xiong@partner1.example.com","Guest"
"2026-08-19T18:18:06Z","07721c55-5bce-24de-c34a-eef6c20cee05","AnonymousLinkCreated","indigo.jovanovic@example.com","OneDrive","https://example-my.sharepoint.com/personal/avery_abara_example_com/","https://example-my.sharepoint.com/personal/avery_abara_example_com/Shared Documents/Meeting Notes.docx","Meeting Notes.docx","",""
"2026-08-19T19:03:08Z","bbb61336-b132-db53-4e44-cdd0485b232b","SharingSet","emery.quintero@example.com","SharePoint","https://example.sharepoint.com/sites/sunfish/","https://example.sharepoint.com/sites/sunfish/Shared Documents/Meeting Notes.docx","Meeting Notes.docx","logan.nakamura@partner1.example.com","Guest"
"2026-08-19T19:18:30Z","6c9005fd-4ff2-d9b4-d958-8168ce82b15c","SharingSet","blair.rasmussen2@example.com","SharePoint","https://example.sharepoint.com/sites/launch/","https://example.sharepoint.com/sites/launch/Shared Documents/Statement of Work.docx","Statement of Work.docx","umi.xiong@partner12.example.com","Guest"
"2026-08-19T19:30:57Z","85286a27-9b16-1c8d-b982-9e0158a8abfa","AnonymousLinkUsed","urn:spo:anon#762353","SharePoint","https://example.sharepoint.com/sites/vendors/","https://example.sharepoint.com/sites/vendors/Shared Documents/Security Questionnaire.docx","Security Questionnaire.docx","",""
"2026-08-19T19:39:32Z","7b938f37-3ac1-38a5-7e0d-9dd6bab93257","SecureLinkUsed","drew.quintero@partner12.example.com","SharePoint","https://example.sharepoint.com/sites/vendors/","https://example.sharepoint.com/sites/vendors/Shared Documents/Meeting Notes.docx","Meeting Notes.docx","drew.quintero@partner12.example.com","Guest"
"2026-08-20T07:04:14Z","e0acb262-a082-1914-e14b-0e86b1c3952b","SharingInvitationCreated","drew.jovanovic2@example.com","SharePoint","https://example.sharepoint.com/sites/sunfish/","https://example.sharepoint.com/sites/sunfish/Shared Documents/Security Questionnaire.docx","Security Questionnaire.docx","blair.kowalski@partner3.example.com","Guest"
"2026-08-20T08:04:05Z","60c36355-8c8c-9f3f-3a62-9b72245f4c46","AnonymousLinkUsed","urn:spo:anon#790021","SharePoint","https://example.sharepoint.com/sites/launch/","https://example.sharepoint.com/sites/launch/Shared Documents/Test Results.xlsx","Test Results.xlsx","",""
"2026-08-20T08:18:38Z","c2d4ac36-73ac-f0e2-ac96-04c0fbdab221","AnonymousLinkUsed","urn:spo:anon#522594","SharePoint","https://example.sharepoint.com/sites/launch/","https://example.sharepoint.com/sites/launch/Shared Documents/Security Questionnaire.docx","Security Questionnaire.docx","",""
"2026-08-20T08:26:14Z","43cb8699-8259-3ffe-962c-7af70c61e029","SharingSet","harper.ueda@example.com","SharePoint","https://example.sharepoint.com/sites/vendors/","https://example.sharepoint.com/sites/vendors/Shared Documents/Security Questionnaire.docx","Security Questionnaire.docx","sage.nakamura@partner5.example.com","Guest"
"2026-08-20T09:01:44Z","bd1a17ba-cf55-ec78-ee8b-c75a3fa556dd","AnonymousLinkUsed","urn:spo:anon#915595","SharePoint","https://example.sharepoint.com/sites/vendors/","https://example.sharepoint.com/sites/vendors/Shared Documents/Pricing Model.xlsx","Pricing Model.xlsx","",""
"2026-08-20T09:04:14Z","a903c12a-5bf5-1609-09b6-2d7279ed41bd","SecureLinkCreated","drew.jovanovic2@example.com","SharePoint","https://example.sharepoint.com/sites/northwind/","https://example.sharepoint.com/sites/northwind/Shared Documents/Pricing Model.xlsx","Pricing Model.xlsx","blair.kowalski@partner3.example.com","Guest"
"2026-08-20T09:28:32Z","ea2d7937-5ebc-4020-0d8d-ed395b919e5d","SecureLinkUsed","xan.ibarra@partner11.example.com","SharePoint","https://example.sharepoint.com/sites/sunfish/","https://example.sharepoint.com/sites/sunfish/Shared Documents/Architecture Review.pptx","Architecture Review.pptx","xan.ibarra@partner11.example.com","Guest"
"2026-08-20T09:52:32Z","b150a6ab-c57c-c493-7efe-07046ef5e48c","AnonymousLinkUsed","urn:spo:anon#923712","OneDrive","https://example-my.sharepoint.com/personal/avery_abara_example_com/","https://example-my.sharepoint.com/personal/avery_abara_example_com/Shared Documents/Migration Plan.docx","Migration Plan.docx","",""
"2026-08-20T10:04:14Z","14bb22f6-86c2-6b91-cec3-a0804c95c7bc","AddedToSecureLink","drew.jovanovic2@example.com","SharePoint","https://example.sharepoint.com/sites/sunfish/","https://example.sharepoint.com/sites/sunfish/Shared Documents/Security Questionnaire.docx","Security Questionnaire.docx","blair.kowalski@partner3.example.com","Guest"
"2026-08-20T11:16:26Z","a12b0b29-2a6a-b934-7c2d-bc4edf4382b9","SecureLinkUsed","xan.ibarra@partner11.example.com","OneDrive","https://example-my.sharepoint.com/personal/avery_abara_example_com/","https://example-my.sharepoint.com/personal/avery_abara_example_com/Shared Documents/Test Results.xlsx","Test Results.xlsx","xan.ibarra@partner11.example.com","Guest"
"2026-08-20T12:13:08Z","0f8e8bbc-1bc0-dc13-d281-79dddeb97e4a","SharingSet","quinn.silva2@example.com","SharePoint","https://example.sharepoint.com/sites/launch/","https://example.sharepoint.com/sites/launch/Shared Documents/Statement of Work.docx","Statement of Work.docx","reese.moreau@partner6.example.com","Guest"
"2026-08-20T12:30:37Z","4a47576a-50c7-26d4-c4e1-966fbe81676a","AnonymousLinkUsed","urn:spo:anon#813210","SharePoint","https://example.sharepoint.com/sites/northwind/","https://example.sharepoint.com/sites/northwind/Shared Documents/Security Questionnaire.docx","Security Questionnaire.docx","",""
"2026-08-20T13:19:52Z","d03d9454-5d6e-68d4-ff3e-04f382139992","AnonymousLinkUsed","urn:spo:anon#744683","SharePoint","https://example.sharepoint.com/sites/sunfish/","https://example.sharepoint.com/sites/sunfish/Shared Documents/Architecture Review.pptx","Architecture Review.pptx","",""
"2026-08-20T13:20:01Z","f504e409-2c48-3189-1719-ba64a4b94f66","SecureLinkUsed","yael.fontaine@partner3.example.com","SharePoint","https://example.sharepoint.com/sites/vendors/","https://example.sharepoint.com/sites/vendors/Shared Documents/Pricing Model.xlsx","Pricing Model.xlsx","yael.fontaine@partner3.example.com","Guest"
"2026-08-20T14:06:38Z","556867eb-68f0-8bd0-7adc-06f02431745b","AnonymousLinkUsed","urn:spo:anon#614905","SharePoint","https://example.sharepoint.com/sites/vendors/","https://example.sharepoint.com/sites/vendors/Shared Documents/Meeting Notes.docx","Meeting Notes.docx","",""
"2026-08-20T14:26:15Z","784ee142-37eb-59b6-a307-93333f11056c","SecureLinkUsed","vale.quintero@partner8.example.com","SharePoint","https://example.sharepoint.com/sites/sunfish/","https://example.sharepoint.com/sites/sunfish/Shared Documents/Test Results.xlsx","Test Results.xlsx","vale.quintero@partner8.example.com","Guest"
"2026-08-20T15:40:49Z","34555f4b-d26e-9373-7938-72bddde71dc9","SharingInvitationRevoked","quinn.eriksen@example.com","SharePoint","https://example.sharepoint.com/sites/launch/","https://example.sharepoint.com/sites/launch/Shared Documents/Test Results.xlsx","Test Results.xlsx","vale.petrov@partner9.example.com","Guest"
"2026-08-20T16:28:46Z","11e9604e-99fb-af72-d233-0f690602c5a5","SharingSet","indigo.yilmaz@example.com","SharePoint","https://example.sharepoint.com/sites/northwind/","https://example.sharepoint.com/sites/northwind/Shared Documents/Security Questionnaire.docx","Security Questionnaire.docx","drew.haddad@partner4.example.com","Guest"
"2026-08-20T16:33:13Z","636aaa0d-de1b-aadd-53e0-99cf99532495","SharingSet","logan.ueda@example.com","SharePoint","https://example.sharepoint.com/sites/sunfish/","https://example.sharepoint.com/sites/sunfish/Shared Documents/Migration Plan.docx","Migration Plan.docx","jordan.abara@partner9.example.com","Guest"
"2026-08-20T17:49:50Z","221b0b29-4dc0-6dd1-0a79-fa70d51c0736","AnonymousLinkRemoved","zephyr.bergstrom@example.com","SharePoint","https://example.sharepoint.com/sites/sunfish/","https://example.sharepoint.com/sites/sunfish/Shared Documents/Migration Plan.docx","Migration Plan.docx","",""
"2026-08-20T18:46:21Z","d66f12d3-7397-151e-12d5-96136c375c4f","AnonymousLinkUsed","urn:spo:anon#478116","SharePoint","https://example.sharepoint.com/sites/sunfish/","https://example.sharepoint.com/sites/sunfish/Shared Documents/Migration Plan.docx","Migration Plan.docx","",""
"2026-08-20T19:24:32Z","893ed3ae-615f-93c2-ae63-c4eedb911f4b","SharingSet","quinn.eriksen@example.com","OneDrive","https://example-my.sharepoint.com/personal/avery_abara_example_com/","https://example-my.sharepoint.com/personal/avery_abara_example_com/Shared Documents/Pricing Model.xlsx","Pricing Model.xlsx","vale.petrov@partner9.example.com","Guest"
"2026-08-20T22:53:06Z","7036f0fc-29ab-c0cc-7bda-f73d06114226","SharingInvitationAccepted","reese.rasmussen@partner5.example.com","SharePoint","https://example.sharepoint.com/sites/northwind/","https://example.sharepoint.com/sites/northwind/Shared Documents/Pricing Model.xlsx","Pricing Model.xlsx","reese.rasmussen@partner5.example.com","Guest"
"2026-08-21T07:03:58Z","5fa01343-1830-b5b0-e2cc-52ecb7b7038c","AnonymousLinkRemoved","parker.fontaine@example.com","SharePoint","https://example.sharepoint.com/sites/vendors/","https://example.sharepoint.com/sites/vendors/Shared Documents/Rollout Schedule.xlsx","Rollout Schedule.xlsx","",""
"2026-08-21T07:51:24Z","eb591de8-8a4e-aa8e-8764-3451058260c8","AnonymousLinkRemoved","xan.whitfield@example.com","SharePoint","https://example.sharepoint.com/sites/launch/","https://example.sharepoint.com/sites/launch/Shared Documents/Test Results.xlsx","Test Results.xlsx","",""
"2026-08-21T07:53:41Z","8fa0d784-0936-ab27-8299-8b7ef0f9561c","AnonymousLinkUsed","urn:spo:anon#221486","SharePoint","https://example.sharepoint.com/sites/launch/","https://example.sharepoint.com/sites/launch/Shared Documents/Statement of Work.docx","Statement of Work.docx","",""
"2026-08-21T08:04:14Z","8f6c8d4f-ccf0-19bf-83ae-12876e05642d","SharingInvitationAccepted","blair.kowalski@partner3.example.com","SharePoint","https://example.sharepoint.com/sites/launch/","https://example.sharepoint.com/sites/launch/Shared Documents/Pricing Model.xlsx","Pricing Model.xlsx","blair.kowalski@partner3.example.com","Guest"
"2026-08-21T08:15:01Z","9eb692ac-4ea2-92aa-1be7-7d545df60259","AnonymousLinkUsed","urn:spo:anon#143479","SharePoint","https://example.sharepoint.com/sites/sunfish/","https://example.sharepoint.com/sites/sunfish/Shared Documents/Migration Plan.docx","Migration Plan.docx","",""
"2026-08-21T08:24:37Z","879152e6-2991-d3a6-e0ac-9b2b10f8d4a6","SharingInvitationCreated","noor.abara@example.com","SharePoint","https://example.sharepoint.com/sites/sunfish/","https://example.sharepoint.com/sites/sunfish/Shared Documents/Security Questionnaire.docx","Security Questionnaire.docx","reese.gallagher@partner1.example.com","Guest"
"2026-08-21T08:44:17Z","3f4b7dba-ba1e-ba0a-e148-d12931da843c","SharingSet","quinn.yilmaz@example.com","SharePoint","https://example.sharepoint.com/sites/sunfish/","https://example.sharepoint.com/sites/sunfish/Shared Documents/Migration Plan.docx","Migration Plan.docx","xan.ibarra@partner11.example.com","Guest"
"2026-08-21T08:46:55Z","95ae02a5-98cd-6f9c-3a66-3f69396c0f30","SharingSet","drew.petrov@example.com","SharePoint","https://example.sharepoint.com/sites/northwind/","https://example.sharepoint.com/sites/northwind/Shared Documents/Statement of Work.docx","Statement of Work.docx","jordan.eriksen@partner7.example.com","Guest"
"2026-08-21T09:59:53Z","44474b14-8d92-4c24-d2df-3c596537e6f7","AnonymousLinkUsed","urn:spo:anon#945119","SharePoint","https://example.sharepoint.com/sites/vendors/","https://example.sharepoint.com/sites/vendors/Shared Documents/Rollout Schedule.xlsx","Rollout Schedule.xlsx","",""
"2026-08-21T10:07:39Z","b80a91f1-2af4-95dc-1be6-b98fb54e2d8e","SharingSet","quinn.yilmaz@example.com","SharePoint","https://example.sharepoint.com/sites/sunfish/","https://example.sharepoint.com/sites/sunfish/Shared Documents/Migration Plan.docx","Migration Plan.docx","xan.ibarra@partner11.example.com","Guest"
"2026-08-21T10:58:08Z","fb25a00d-b20f-f131-4616-250b709307f8","SharingSet","harper.okonkwo@example.com","SharePoint","https://example.sharepoint.com/sites/vendors/","https://example.sharepoint.com/sites/vendors/Shared Documents/Test Results.xlsx","Test Results.xlsx","blair.kowalski@partner6.example.com","Guest"
"2026-08-21T10:58:27Z","0e4e0895-2d45-eb73-8d4c-4f89eb645332","SharingSet","blair.rasmussen2@example.com","SharePoint","https://example.sharepoint.com/sites/launch/","https://example.sharepoint.com/sites/launch/Shared Documents/Pricing Model.xlsx","Pricing Model.xlsx","drew.ueda@partner2.example.com","Guest"
"2026-08-21T11:50:52Z","a80927bb-d5e8-bf0b-e0ae-2624ca0dc898","AnonymousLinkUsed","urn:spo:anon#264390","SharePoint","https://example.sharepoint.com/sites/launch/","https://example.sharepoint.com/sites/launch/Shared Documents/Security Questionnaire.docx","Security Questionnaire.docx","",""
"2026-08-21T12:46:01Z","02299df9-a9b1-0ebc-51b1-fd8a6ff323ca","SharingSet","avery.lindqvist@example.com","OneDrive","https://example-my.sharepoint.com/personal/avery_abara_example_com/","https://example-my.sharepoint.com/personal/avery_abara_example_com/Shared Documents/Rollout Schedule.xlsx","Rollout Schedule.xlsx","blair.delacroix@partner7.example.com","Guest"
"2026-08-21T15:07:29Z","59fc1264-a298-f7a1-d05a-0024a5d93dff","SharingSet","blair.rasmussen2@example.com","OneDrive","https://example-my.sharepoint.com/personal/avery_abara_example_com/","https://example-my.sharepoint.com/personal/avery_abara_example_com/Shared Documents/Pricing Model.xlsx","Pricing Model.xlsx","drew.ueda@partner2.example.com","Guest"
"2026-08-21T16:42:51Z","83462892-a8a5-4ebb-7d90-b935cf8718eb","SharingSet","quinn.yilmaz@example.com","SharePoint","https://example.sharepoint.com/sites/vendors/","https://example.sharepoint.com/sites/vendors/Shared Documents/Statement of Work.docx","Statement of Work.docx","xan.ibarra@partner11.example.com","Guest"
"2026-08-21T17:51:01Z","fc4ba641-7bea-16bd-e99d-8a1885906944","SharingSet","harper.okonkwo@example.com","SharePoint","https://example.sharepoint.com/sites/launch/","https://example.sharepoint.com/sites/launch/Shared Documents/Meeting Notes.docx","Meeting Notes.docx","blair.kowalski@partner6.example.com","Guest"
"2026-08-21T18:17:38Z","1dd983f8-e1de-e80d-3551-61749eec41c6","SharingSet","indigo.yilmaz@example.com","SharePoint","https://example.sharepoint.com/sites/northwind/","https://example.sharepoint.com/sites/northwind/Shared Documents/Pricing Model.xlsx","Pricing Model.xlsx","drew.haddad@partner4.example.com","Guest"
"2026-08-21T18:52:32Z","addc061c-35f7-739d-24e7-aae616b7ac42","SecureLinkUsed","reese.quintero@partner3.example.com","OneDrive","https://example-my.sharepoint.com/personal/avery_abara_example_com/","https://example-my.sharepoint.com/personal/avery_abara_example_com/Shared Documents/Security Questionnaire.docx","Security Questionnaire.docx","reese.quintero@partner3.example.com","Guest"
"2026-08-21T18:54:34Z","69bc03fd-490d-4f28-c851-3e70aed1834c","SharingSet","avery.silva@example.com","SharePoint","https://example.sharepoint.com/sites/launch/","https://example.sharepoint.com/sites/launch/Shared Documents/Migration Plan.docx","Migration Plan.docx","parker.nakamura@partner8.example.com","Guest"
"2026-08-21T19:36:18Z","dfb29ec2-0e10-dacd-6544-c6b29abdcd81","AnonymousLinkUsed","urn:spo:anon#666570","SharePoint","https://example.sharepoint.com/sites/sunfish/","https://example.sharepoint.com/sites/sunfish/Shared Documents/Rollout Schedule.xlsx","Rollout Schedule.xlsx","",""
"2026-08-21T20:56:50Z","ef1af261-ca75-092f-ca9d-93e817c43a2f","SharingInvitationCreated","emery.jovanovic@example.com","SharePoint","https://example.sharepoint.com/sites/northwind/","https://example.sharepoint.com/sites/northwind/Shared Documents/Rollout Schedule.xlsx","Rollout Schedule.xlsx","yael.ibarra@partner2.example.com","Guest"
"2026-08-21T22:07:50Z","939466fa-1957-33c4-3bad-9736e5b5e606","SecureLinkUsed","yael.ibarra@partner2.example.com","SharePoint","https://example.sharepoint.com/sites/northwind/","https://example.sharepoint.com/sites/northwind/Shared Documents/Statement of Work.docx","Statement of Work.docx","yael.ibarra@partner2.example.com","Guest"
"2026-08-21T22:56:50Z","70979fed-a34c-8e2a-5a3b-a8f6cf49cf66","SecureLinkCreated","emery.jovanovic@example.com","SharePoint","https://example.sharepoint.com/sites/launch/","https://example.sharepoint.com/sites/launch/Shared Documents/Meeting Notes.docx","Meeting Notes.docx","yael.ibarra@partner2.example.com","Guest"
"2026-08-21T23:56:50Z","a5b8ffab-1410-bfe4-19a2-7b5fd4136277","AddedToSecureLink","emery.jovanovic@example.com","SharePoint","https://example.sharepoint.com/sites/northwind/","https://example.sharepoint.com/sites/northwind/Shared Documents/Statement of Work.docx","Statement of Work.docx","yael.ibarra@partner2.example.com","Guest"
"2026-08-22T07:11:20Z","b88db4c3-0b24-9245-a44a-37040f01f54c","SharingSet","vale.yilmaz@example.com","SharePoint","https://example.sharepoint.com/sites/launch/","https://example.sharepoint.com/sites/launch/Shared Documents/Meeting Notes.docx","Meeting Notes.docx","oakley.xiong@partner1.example.com","Guest"
"2026-08-22T07:52:38Z","4432f310-148d-eabc-232a-62c8f4a9a752","SharingSet","tatum.ibarra@example.com","SharePoint","https://example.sharepoint.com/sites/northwind/","https://example.sharepoint.com/sites/northwind/Shared Documents/Architecture Review.pptx","Architecture Review.pptx","sage.xiong@partner8.example.com","Guest"
"2026-08-22T08:55:57Z","d3f93ff3-f1e5-912d-acc7-f246d97d0762","AnonymousLinkCreated","tatum.yilmaz@example.com","SharePoint","https://example.sharepoint.com/sites/vendors/","https://example.sharepoint.com/sites/vendors/Shared Documents/Migration Plan.docx","Migration Plan.docx","",""
"2026-08-22T09:12:25Z","5f7832ef-eb86-b47b-656c-6955a2826c3c","AnonymousLinkRemoved","quinn.kowalski@example.com","SharePoint","https://example.sharepoint.com/sites/northwind/","https://example.sharepoint.com/sites/northwind/Shared Documents/Test Results.xlsx","Test Results.xlsx","",""
"2026-08-22T09:30:45Z","092684f5-5293-a3b9-9465-9f40defeeedc","AnonymousLinkUsed","urn:spo:anon#636652","SharePoint","https://example.sharepoint.com/sites/vendors/","https://example.sharepoint.com/sites/vendors/Shared Documents/Statement of Work.docx","Statement of Work.docx","",""
"2026-08-22T09:31:53Z","da28d808-f6e7-462a-ab82-4aac95cb0442","SharingSet","logan.quintero@example.com","SharePoint","https://example.sharepoint.com/sites/launch/","https://example.sharepoint.com/sites/launch/Shared Documents/Rollout Schedule.xlsx","Rollout Schedule.xlsx","indigo.rasmussen@partner10.example.com","Guest"
"2026-08-22T10:48:05Z","a447384e-a3b2-e22a-2c26-ac599cf53ddd","AnonymousLinkUsed","urn:spo:anon#904098","SharePoint","https://example.sharepoint.com/sites/sunfish/","https://example.sharepoint.com/sites/sunfish/Shared Documents/Statement of Work.docx","Statement of Work.docx","",""
"2026-08-22T11:18:34Z","30938195-b068-7948-aea7-126498787059","SharingSet","emery.jovanovic@example.com","SharePoint","https://example.sharepoint.com/sites/northwind/","https://example.sharepoint.com/sites/northwind/Shared Documents/Test Results.xlsx","Test Results.xlsx","yael.ibarra@partner2.example.com","Guest"
"2026-08-22T11:24:05Z","53fa2435-88e8-67ab-dc7d-91b99378d173","SecureLinkUsed","zephyr.zawadzki@partner6.example.com","SharePoint","https://example.sharepoint.com/sites/sunfish/","https://example.sharepoint.com/sites/sunfish/Shared Documents/Statement of Work.docx","Statement of Work.docx","zephyr.zawadzki@partner6.example.com","Guest"
"2026-08-22T12:25:35Z","8e02a611-6acd-3a3c-476a-ea17b4a35932","AnonymousLinkUsed","urn:spo:anon#344750","OneDrive","https://example-my.sharepoint.com/personal/avery_abara_example_com/","https://example-my.sharepoint.com/personal/avery_abara_example_com/Shared Documents/Pricing Model.xlsx","Pricing Model.xlsx","",""
"2026-08-22T12:43:13Z","10aed2c6-a4fc-71a9-9751-a60cb6a3c4bb","AnonymousLinkUsed","urn:spo:anon#956219","SharePoint","https://example.sharepoint.com/sites/sunfish/","https://example.sharepoint.com/sites/sunfish/Shared Documents/Statement of Work.docx","Statement of Work.docx","",""
"2026-08-22T12:59:54Z","9036e031-b577-28a2-6028-bd1a6c249974","SharingSet","quinn.yilmaz@example.com","SharePoint","https://example.sharepoint.com/sites/launch/","https://example.sharepoint.com/sites/launch/Shared Documents/Test Results.xlsx","Test Results.xlsx","xan.ibarra@partner11.example.com","Guest"
"2026-08-22T13:02:05Z","8bf2fe35-0ffe-49aa-c0fe-f22bddc847a6","AnonymousLinkUsed","urn:spo:anon#875491","SharePoint","https://example.sharepoint.com/sites/vendors/","https://example.sharepoint.com/sites/vendors/Shared Documents/Meeting Notes.docx","Meeting Notes.docx","",""
"2026-08-22T13:50:38Z","c20b0413-ab6f-96c1-ebcc-c4db908b69a6","AnonymousLinkUsed","urn:spo:anon#501334","SharePoint","https://example.sharepoint.com/sites/sunfish/","https://example.sharepoint.com/sites/sunfish/Shared Documents/Statement of Work.docx","Statement of Work.docx","",""
"2026-08-22T13:50:44Z","af1dc2e0-b151-81b3-6f72-e82cf5f41c93","AnonymousLinkUsed","urn:spo:anon#576269","SharePoint","https://example.sharepoint.com/sites/vendors/","https://example.sharepoint.com/sites/vendors/Shared Documents/Meeting Notes.docx","Meeting Notes.docx","",""
"2026-08-22T14:04:46Z","b48c1103-71c6-3ea5-541b-a97eec7d2f3b","SecureLinkUsed","zephyr.zawadzki@partner6.example.com","SharePoint","https://example.sharepoint.com/sites/northwind/","https://example.sharepoint.com/sites/northwind/Shared Documents/Architecture Review.pptx","Architecture Review.pptx","zephyr.zawadzki@partner6.example.com","Guest"
"2026-08-22T14:26:25Z","30c80000-b5f4-dc7e-6c1c-91760a076450","AnonymousLinkUsed","urn:spo:anon#857125","SharePoint","https://example.sharepoint.com/sites/northwind/","https://example.sharepoint.com/sites/northwind/Shared Documents/Migration Plan.docx","Migration Plan.docx","",""
"2026-08-22T15:25:05Z","9d672508-7ff2-4476-e526-16afd0ed4539","AnonymousLinkUsed","urn:spo:anon#815289","SharePoint","https://example.sharepoint.com/sites/sunfish/","https://example.sharepoint.com/sites/sunfish/Shared Documents/Migration Plan.docx","Migration Plan.docx","",""
"2026-08-22T15:49:09Z","dd67ab90-6c10-845a-493e-59d37ec95b2f","AnonymousLinkUsed","urn:spo:anon#373123","SharePoint","https://example.sharepoint.com/sites/vendors/","https://example.sharepoint.com/sites/vendors/Shared Documents/Pricing Model.xlsx","Pricing Model.xlsx","",""
"2026-08-22T15:59:49Z","55d8826c-5d16-0804-284c-32a2a65d5171","SharingSet","tatum.yilmaz@example.com","SharePoint","https://example.sharepoint.com/sites/sunfish/","https://example.sharepoint.com/sites/sunfish/Shared Documents/Meeting Notes.docx","Meeting Notes.docx","drew.quintero@partner12.example.com","Guest"
"2026-08-22T16:20:06Z","da5cc10b-c1fb-1568-095c-3bf773ad71ab","AnonymousLinkUsed","urn:spo:anon#594886","OneDrive","https://example-my.sharepoint.com/personal/avery_abara_example_com/","https://example-my.sharepoint.com/personal/avery_abara_example_com/Shared Documents/Statement of Work.docx","Statement of Work.docx","",""
"2026-08-22T16:20:11Z","bafe2bff-6e03-11d3-0826-94c4a2587326","AnonymousLinkUsed","urn:spo:anon#704783","SharePoint","https://example.sharepoint.com/sites/sunfish/","https://example.sharepoint.com/sites/sunfish/Shared Documents/Architecture Review.pptx","Architecture Review.pptx","",""
"2026-08-22T17:28:17Z","ca6504e2-e443-4cb3-4418-8994cb1f2d97","SecureLinkUsed","zephyr.zawadzki@partner6.example.com","SharePoint","https://example.sharepoint.com/sites/launch/","https://example.sharepoint.com/sites/launch/Shared Documents/Pricing Model.xlsx","Pricing Model.xlsx","zephyr.zawadzki@partner6.example.com","Guest"
"2026-08-22T17:48:43Z","ad237d37-63aa-b3cb-6384-fd80cf41d0ef","SecureLinkUsed","zephyr.zawadzki@partner6.example.com","SharePoint","https://example.sharepoint.com/sites/launch/","https://example.sharepoint.com/sites/launch/Shared Documents/Migration Plan.docx","Migration Plan.docx","zephyr.zawadzki@partner6.example.com","Guest"
"2026-08-22T18:27:26Z","53cd71a9-bcab-7ff2-a68b-d79dd3fe99cf","AnonymousLinkUsed","urn:spo:anon#914845","SharePoint","https://example.sharepoint.com/sites/sunfish/","https://example.sharepoint.com/sites/sunfish/Shared Documents/Rollout Schedule.xlsx","Rollout Schedule.xlsx","",""
"2026-08-22T19:18:39Z","3ab8612a-3ec9-39d3-fb9a-381fd9ca11c9","SharingSet","tatum.rasmussen@example.com","SharePoint","https://example.sharepoint.com/sites/vendors/","https://example.sharepoint.com/sites/vendors/Shared Documents/Security Questionnaire.docx","Security Questionnaire.docx","finley.lindqvist@partner9.example.com","Guest"
"2026-08-22T19:32:24Z","43298ffc-f63d-d8ff-3c70-c5823368cd80","SharingSet","parker.zawadzki@example.com","SharePoint","https://example.sharepoint.com/sites/northwind/","https://example.sharepoint.com/sites/northwind/Shared Documents/Architecture Review.pptx","Architecture Review.pptx","zephyr.zawadzki@partner6.example.com","Guest"
"2026-08-23T00:56:50Z","f3b63443-4a61-b665-4a4a-b1fb188843b1","SharingInvitationAccepted","yael.ibarra@partner2.example.com","SharePoint","https://example.sharepoint.com/sites/vendors/","https://example.sharepoint.com/sites/vendors/Shared Documents/Test Results.xlsx","Test Results.xlsx","yael.ibarra@partner2.example.com","Guest"
"2026-08-23T07:28:05Z","fbf7522e-e08b-27ac-8d94-c7de0899a74b","SharingSet","quinn.silva2@example.com","SharePoint","https://example.sharepoint.com/sites/launch/","https://example.sharepoint.com/sites/launch/Shared Documents/Architecture Review.pptx","Architecture Review.pptx","reese.moreau@partner6.example.com","Guest"
"2026-08-23T07:52:54Z","c887b51c-2a9b-a04b-da55-ed49ae43f732","AnonymousLinkUsed","urn:spo:anon#846301","SharePoint","https://example.sharepoint.com/sites/launch/","https://example.sharepoint.com/sites/launch/Shared Documents/Rollout Schedule.xlsx","Rollout Schedule.xlsx","",""
"2026-08-23T08:12:50Z","984af386-278b-c6da-77fe-ed9311d3ec46","AnonymousLinkUsed","urn:spo:anon#772335","SharePoint","https://example.sharepoint.com/sites/vendors/","https://example.sharepoint.com/sites/vendors/Shared Documents/Meeting Notes.docx","Meeting Notes.docx","",""
"2026-08-23T09:01:51Z","f26d48e8-0334-56a7-5bb5-034fd74a1111","SharingSet","blair.rasmussen2@example.com","SharePoint","https://example.sharepoint.com/sites/vendors/","https://example.sharepoint.com/sites/vendors/Shared Documents/Pricing Model.xlsx","Pricing Model.xlsx","drew.ueda@partner2.example.com","Guest"
"2026-08-23T09:20:21Z","2fb29bb3-dbdd-fe94-5fb9-f3a3e356b006","SecureLinkUsed","parker.nakamura@partner8.example.com","OneDrive","https://example-my.sharepoint.com/personal/avery_abara_example_com/","https://example-my.sharepoint.com/personal/avery_abara_example_com/Shared Documents/Pricing Model.xlsx","Pricing Model.xlsx","parker.nakamura@partner8.example.com","Guest"
"2026-08-23T09:27:20Z","c92afb7f-c189-233c-ea58-d7e08b2af56f","AnonymousLinkUsed","urn:spo:anon#229676","OneDrive","https://example-my.sharepoint.com/personal/avery_abara_example_com/","https://example-my.sharepoint.com/personal/avery_abara_example_com/Shared Documents/Test Results.xlsx","Test Results.xlsx","",""
"2026-08-23T09:33:40Z","1222cdff-bac6-16a6-d313-b37e544e8a4d","AnonymousLinkUsed","urn:spo:anon#795500","SharePoint","https://example.sharepoint.com/sites/sunfish/","https://example.sharepoint.com/sites/sunfish/Shared Documents/Test Results.xlsx","Test Results.xlsx","",""
"2026-08-23T09:36:34Z","eb5ed919-b95b-1ce2-b458-ae86c23ba801","SharingSet","blair.gallagher@example.com","SharePoint","https://example.sharepoint.com/sites/vendors/","https://example.sharepoint.com/sites/vendors/Shared Documents/Meeting Notes.docx","Meeting Notes.docx","finley.chaudhry@partner10.example.com","Guest"
"2026-08-23T10:31:29Z","27ac3bf7-7855-21e6-2e7b-c6828289f56b","SharingSet","blair.rasmussen2@example.com","SharePoint","https://example.sharepoint.com/sites/sunfish/","https://example.sharepoint.com/sites/sunfish/Shared Documents/Architecture Review.pptx","Architecture Review.pptx","drew.ueda@partner2.example.com","Guest"
"2026-08-23T10:32:47Z","a3efaaec-a60a-b019-3da9-c1326ad6104a","AnonymousLinkUsed","urn:spo:anon#688155","SharePoint","https://example.sharepoint.com/sites/vendors/","https://example.sharepoint.com/sites/vendors/Shared Documents/Architecture Review.pptx","Architecture Review.pptx","",""
"2026-08-23T10:52:14Z","0a88109e-fe20-c1ae-8469-bd01eb08ee04","SharingSet","drew.lindqvist@example.com","SharePoint","https://example.sharepoint.com/sites/sunfish/","https://example.sharepoint.com/sites/sunfish/Shared Documents/Architecture Review.pptx","Architecture Review.pptx","avery.abara@partner6.example.com","Guest"
"2026-08-23T11:14:25Z","b928e363-012f-cb68-3e84-ff9e43d22ab4","AnonymousLinkUsed","urn:spo:anon#581902","SharePoint","https://example.sharepoint.com/sites/northwind/","https://example.sharepoint.com/sites/northwind/Shared Documents/Test Results.xlsx","Test Results.xlsx","",""
"2026-08-23T11:15:23Z","ec08c2da-3511-4624-b1ee-2137abb316fe","SecureLinkUsed","blair.kowalski@partner3.example.com","SharePoint","https://example.sharepoint.com/sites/northwind/","https://example.sharepoint.com/sites/northwind/Shared Documents/Statement of Work.docx","Statement of Work.docx","blair.kowalski@partner3.example.com","Guest"
"2026-08-23T11:19:05Z","8fa6b66b-8c59-5524-1ec9-c9168d676e20","SharingSet","avery.lindqvist@example.com","SharePoint","https://example.sharepoint.com/sites/launch/","https://example.sharepoint.com/sites/launch/Shared Documents/Rollout Schedule.xlsx","Rollout Schedule.xlsx","blair.delacroix@partner7.example.com","Guest"
"2026-08-23T11:24:48Z","b2831db0-ef96-7a9c-34fb-07bf8e990736","SharingSet","indigo.yilmaz@example.com","OneDrive","https://example-my.sharepoint.com/personal/avery_abara_example_com/","https://example-my.sharepoint.com/personal/avery_abara_example_com/Shared Documents/Pricing Model.xlsx","Pricing Model.xlsx","drew.haddad@partner4.example.com","Guest"
"2026-08-23T11:35:10Z","aa976989-f6bc-b530-71ab-e59ce152b99a","SecureLinkUsed","blair.kowalski@partner3.example.com","SharePoint","https://example.sharepoint.com/sites/sunfish/","https://example.sharepoint.com/sites/sunfish/Shared Documents/Meeting Notes.docx","Meeting Notes.docx","blair.kowalski@partner3.example.com","Guest"
"2026-08-23T11:53:04Z","55fb7967-ce34-ecc6-4ebe-7da1c8ce5277","SharingSet","blair.rasmussen@example.com","SharePoint","https://example.sharepoint.com/sites/launch/","https://example.sharepoint.com/sites/launch/Shared Documents/Rollout Schedule.xlsx","Rollout Schedule.xlsx","yael.bergstrom@partner4.example.com","Guest"
"2026-08-23T14:09:42Z","3b42d692-4d42-0df5-b5d8-5532f09501df","SharingRevoked","tatum.yilmaz@example.com","SharePoint","https://example.sharepoint.com/sites/sunfish/","https://example.sharepoint.com/sites/sunfish/Shared Documents/Migration Plan.docx","Migration Plan.docx","drew.quintero@partner12.example.com","Guest"
"2026-08-23T14:15:48Z","980a830c-f201-9191-94e4-5a882118a433","AnonymousLinkRemoved","blair.zawadzki@example.com","SharePoint","https://example.sharepoint.com/sites/sunfish/","https://example.sharepoint.com/sites/sunfish/Shared Documents/Statement of Work.docx","Statement of Work.docx","",""
"2026-08-23T14:38:45Z","d94b3db9-c4f7-c633-bc70-760b737b55dd","AnonymousLinkUsed","urn:spo:anon#939050","SharePoint","https://example.sharepoint.com/sites/vendors/","https://example.sharepoint.com/sites/vendors/Shared Documents/Migration Plan.docx","Migration Plan.docx","",""
"2026-08-23T15:15:32Z","c99c8509-e3fe-b9a9-df61-7a1e2734765b","SecureLinkUsed","xan.ibarra@partner11.example.com","SharePoint","https://example.sharepoint.com/sites/northwind/","https://example.sharepoint.com/sites/northwind/Shared Documents/Architecture Review.pptx","Architecture Review.pptx","xan.ibarra@partner11.example.com","Guest"
"2026-08-23T15:59:46Z","89736fb4-e27e-ae11-7847-d90f39d8c535","AnonymousLinkUsed","urn:spo:anon#447765","SharePoint","https://example.sharepoint.com/sites/northwind/","https://example.sharepoint.com/sites/northwind/Shared Documents/Statement of Work.docx","Statement of Work.docx","",""
"2026-08-23T16:20:38Z","7ce96fa0-3be1-4541-ad7f-7db861c603af","SharingSet","wren.zawadzki@example.com","SharePoint","https://example.sharepoint.com/sites/northwind/","https://example.sharepoint.com/sites/northwind/Shared Documents/Pricing Model.xlsx","Pricing Model.xlsx","yael.haddad@partner4.example.com","Guest"
"2026-08-23T17:21:46Z","339c8c9f-7c1f-b6f0-6324-2af2af54bcb6","AnonymousLinkUsed","urn:spo:anon#771312","SharePoint","https://example.sharepoint.com/sites/northwind/","https://example.sharepoint.com/sites/northwind/Shared Documents/Pricing Model.xlsx","Pricing Model.xlsx","",""
"2026-08-23T18:06:33Z","5702996c-5126-5a80-512a-f50ca5f4f082","AnonymousLinkUsed","urn:spo:anon#153546","OneDrive","https://example-my.sharepoint.com/personal/avery_abara_example_com/","https://example-my.sharepoint.com/personal/avery_abara_example_com/Shared Documents/Architecture Review.pptx","Architecture Review.pptx","",""
"2026-08-23T18:25:44Z","fe5bae8e-bdce-3bed-fee1-01221d0704f3","SharingSet","harper.quintero@example.com","SharePoint","https://example.sharepoint.com/sites/northwind/","https://example.sharepoint.com/sites/northwind/Shared Documents/Migration Plan.docx","Migration Plan.docx","finley.haddad@partner5.example.com","Guest"
"2026-08-23T18:54:07Z","ebf4e279-ecda-0087-ad9e-c1875e99942e","SharingSet","harper.quintero@example.com","OneDrive","https://example-my.sharepoint.com/personal/avery_abara_example_com/","https://example-my.sharepoint.com/personal/avery_abara_example_com/Shared Documents/Statement of Work.docx","Statement of Work.docx","finley.haddad@partner5.example.com","Guest"
"2026-08-23T19:43:18Z","c7fe992f-173a-7e51-6566-bf2c60a39e06","AnonymousLinkUsed","urn:spo:anon#465536","SharePoint","https://example.sharepoint.com/sites/launch/","https://example.sharepoint.com/sites/launch/Shared Documents/Migration Plan.docx","Migration Plan.docx","",""
"2026-08-24T08:24:18Z","77e991a9-8306-3b39-ee5c-5f3290c2b208","SharingSet","tatum.yilmaz@example.com","SharePoint","https://example.sharepoint.com/sites/vendors/","https://example.sharepoint.com/sites/vendors/Shared Documents/Rollout Schedule.xlsx","Rollout Schedule.xlsx","noor.yilmaz@partner12.example.com","Guest"
"2026-08-24T08:25:38Z","17b644cc-0a93-f516-0450-a83f7e8c0131","SharingSet","oakley.jovanovic@example.com","SharePoint","https://example.sharepoint.com/sites/sunfish/","https://example.sharepoint.com/sites/sunfish/Shared Documents/Rollout Schedule.xlsx","Rollout Schedule.xlsx","wren.fontaine@partner6.example.com","Guest"
"2026-08-24T08:25:39Z","a254c55c-6761-ef81-1edc-9ac92fb81a38","SharingSet","quinn.eriksen@example.com","SharePoint","https://example.sharepoint.com/sites/northwind/","https://example.sharepoint.com/sites/northwind/Shared Documents/Pricing Model.xlsx","Pricing Model.xlsx","vale.petrov@partner9.example.com","Guest"
"2026-08-24T08:52:49Z","e4e625c4-c8a9-efcd-f3f3-6f9bb24a9b70","AnonymousLinkUsed","urn:spo:anon#553084","SharePoint","https://example.sharepoint.com/sites/sunfish/","https://example.sharepoint.com/sites/sunfish/Shared Documents/Rollout Schedule.xlsx","Rollout Schedule.xlsx","",""
"2026-08-24T08:57:16Z","1114b89c-0006-e717-df72-6e76fa64e372","SharingSet","quinn.silva2@example.com","SharePoint","https://example.sharepoint.com/sites/vendors/","https://example.sharepoint.com/sites/vendors/Shared Documents/Statement of Work.docx","Statement of Work.docx","reese.moreau@partner6.example.com","Guest"
"2026-08-24T08:57:32Z","beed22f8-c0eb-04e2-e12b-4d07529ec286","SecureLinkUsed","reese.rasmussen@partner5.example.com","OneDrive","https://example-my.sharepoint.com/personal/avery_abara_example_com/","https://example-my.sharepoint.com/personal/avery_abara_example_com/Shared Documents/Migration Plan.docx","Migration Plan.docx","reese.rasmussen@partner5.example.com","Guest"
"2026-08-24T09:23:11Z","bfe6a35c-b35b-6fe4-7f43-fffe9d5e9184","SecureLinkUsed","drew.quintero@partner12.example.com","OneDrive","https://example-my.sharepoint.com/personal/avery_abara_example_com/","https://example-my.sharepoint.com/personal/avery_abara_example_com/Shared Documents/Pricing Model.xlsx","Pricing Model.xlsx","drew.quintero@partner12.example.com","Guest"
"2026-08-24T09:50:38Z","89bfe045-4b98-64bc-9fb7-55926d5606bc","AnonymousLinkUsed","urn:spo:anon#324269","SharePoint","https://example.sharepoint.com/sites/vendors/","https://example.sharepoint.com/sites/vendors/Shared Documents/Security Questionnaire.docx","Security Questionnaire.docx","",""
"2026-08-24T10:07:10Z","3d81242f-a0d2-cdff-2ac3-52ea8afa1111","SharingRevoked","vale.takahashi@example.com","SharePoint","https://example.sharepoint.com/sites/sunfish/","https://example.sharepoint.com/sites/sunfish/Shared Documents/Statement of Work.docx","Statement of Work.docx","blair.eriksen@partner11.example.com","Guest"
"2026-08-24T11:14:17Z","f0646ff2-22a6-6b58-b61f-4ee630222045","AnonymousLinkRemoved","quinn.kowalski2@example.com","SharePoint","https://example.sharepoint.com/sites/launch/","https://example.sharepoint.com/sites/launch/Shared Documents/Test Results.xlsx","Test Results.xlsx","",""
"2026-08-24T12:21:51Z","7e57bd55-3867-76ca-fdd3-67a94ad5688b","SharingSet","logan.ueda@example.com","SharePoint","https://example.sharepoint.com/sites/vendors/","https://example.sharepoint.com/sites/vendors/Shared Documents/Meeting Notes.docx","Meeting Notes.docx","drew.fontaine@partner1.example.com","Guest"
"2026-08-24T13:06:54Z","55e423a7-e32d-8fce-afc1-f26a58946c0a","SharingInvitationRevoked","drew.lindqvist@example.com","OneDrive","https://example-my.sharepoint.com/personal/avery_abara_example_com/","https://example-my.sharepoint.com/personal/avery_abara_example_com/Shared Documents/Migration Plan.docx","Migration Plan.docx","gray.silva@partner4.example.com","Guest"
"2026-08-24T16:06:45Z","9d4183a0-67ea-730a-9464-6a4b9b53ce34","SharingSet","logan.ueda@example.com","SharePoint","https://example.sharepoint.com/sites/launch/","https://example.sharepoint.com/sites/launch/Shared Documents/Migration Plan.docx","Migration Plan.docx","drew.fontaine@partner1.example.com","Guest"
"2026-08-24T17:08:39Z","19090ebd-ffaf-ee78-144b-fc47a660f984","AnonymousLinkUsed","urn:spo:anon#840148","SharePoint","https://example.sharepoint.com/sites/sunfish/","https://example.sharepoint.com/sites/sunfish/Shared Documents/Migration Plan.docx","Migration Plan.docx","",""
"2026-08-24T17:23:23Z","ab209335-bf3d-74cb-993e-c033f4463d78","SharingSet","quinn.eriksen@example.com","SharePoint","https://example.sharepoint.com/sites/vendors/","https://example.sharepoint.com/sites/vendors/Shared Documents/Migration Plan.docx","Migration Plan.docx","vale.petrov@partner9.example.com","Guest"
"2026-08-24T17:36:34Z","8764d381-9461-18e7-4057-53caa0498910","SharingSet","harper.okonkwo@example.com","SharePoint","https://example.sharepoint.com/sites/northwind/","https://example.sharepoint.com/sites/northwind/Shared Documents/Meeting Notes.docx","Meeting Notes.docx","blair.kowalski@partner6.example.com","Guest"
"2026-08-24T17:40:24Z","90bb90ee-a268-a5a7-44a9-9b81dd02b4b2","SharingSet","emery.jovanovic@example.com","SharePoint","https://example.sharepoint.com/sites/vendors/","https://example.sharepoint.com/sites/vendors/Shared Documents/Pricing Model.xlsx","Pricing Model.xlsx","yael.ibarra@partner2.example.com","Guest"
"2026-08-24T17:56:25Z","70dd63c9-51b6-8d94-6849-6237f2e11380","AnonymousLinkRemoved","blair.gallagher@example.com","SharePoint","https://example.sharepoint.com/sites/vendors/","https://example.sharepoint.com/sites/vendors/Shared Documents/Security Questionnaire.docx","Security Questionnaire.docx","",""
"2026-08-24T18:31:41Z","414be044-8271-7010-5e12-13f6cc719040","AnonymousLinkUsed","urn:spo:anon#644326","SharePoint","https://example.sharepoint.com/sites/sunfish/","https://example.sharepoint.com/sites/sunfish/Shared Documents/Rollout Schedule.xlsx","Rollout Schedule.xlsx","",""
"2026-08-24T18:57:54Z","c3d20f52-e245-5497-e2c8-87f73e398fb3","SecureLinkUsed","blair.kowalski@partner3.example.com","SharePoint","https://example.sharepoint.com/sites/vendors/","https://example.sharepoint.com/sites/vendors/Shared Documents/Migration Plan.docx","Migration Plan.docx","blair.kowalski@partner3.example.com","Guest"
"2026-08-24T19:22:32Z","c7b1e07d-efd3-3830-ffed-f024993184e9","AnonymousLinkUsed","urn:spo:anon#341497","SharePoint","https://example.sharepoint.com/sites/northwind/","https://example.sharepoint.com/sites/northwind/Shared Documents/Statement of Work.docx","Statement of Work.docx","",""
"2026-08-25T07:00:46Z","9e142351-2f2b-eefb-05a3-ee2303217b7b","SharingSet","logan.okonkwo@example.com","OneDrive","https://example-my.sharepoint.com/personal/avery_abara_example_com/","https://example-my.sharepoint.com/personal/avery_abara_example_com/Shared Documents/Statement of Work.docx","Statement of Work.docx","drew.eriksen@partner12.example.com","Guest"
"2026-08-25T07:02:25Z","091b5e2b-12e0-8c8a-0c84-3f64399f5466","SecureLinkUsed","blair.kowalski@partner3.example.com","SharePoint","https://example.sharepoint.com/sites/launch/","https://example.sharepoint.com/sites/launch/Shared Documents/Rollout Schedule.xlsx","Rollout Schedule.xlsx","blair.kowalski@partner3.example.com","Guest"
"2026-08-25T07:09:49Z","447806fe-0035-3961-5e36-5685ad9e7c2d","SharingSet","emery.jovanovic@example.com","OneDrive","https://example-my.sharepoint.com/personal/avery_abara_example_com/","https://example-my.sharepoint.com/personal/avery_abara_example_com/Shared Documents/Pricing Model.xlsx","Pricing Model.xlsx","yael.ibarra@partner2.example.com","Guest"
"2026-08-25T08:09:42Z","5aa1a845-8072-d016-9925-449a59dd9404","SharingSet","logan.ueda@example.com","SharePoint","https://example.sharepoint.com/sites/northwind/","https://example.sharepoint.com/sites/northwind/Shared Documents/Rollout Schedule.xlsx","Rollout Schedule.xlsx","drew.fontaine@partner1.example.com","Guest"
"2026-08-25T08:34:08Z","b3e7fc5a-bca3-c27c-2f63-c3905ef4e6cd","SharingSet","blair.rasmussen2@example.com","SharePoint","https://example.sharepoint.com/sites/vendors/","https://example.sharepoint.com/sites/vendors/Shared Documents/Architecture Review.pptx","Architecture Review.pptx","drew.ueda@partner2.example.com","Guest"
"2026-08-25T10:32:31Z","3db78d1c-3790-d827-7905-94cf1c5e4e24","AnonymousLinkUsed","urn:spo:anon#530354","SharePoint","https://example.sharepoint.com/sites/sunfish/","https://example.sharepoint.com/sites/sunfish/Shared Documents/Rollout Schedule.xlsx","Rollout Schedule.xlsx","",""
"2026-08-25T10:53:31Z","722adfee-5eb3-4dac-6534-f533e53bdc3a","AnonymousLinkRemoved","vale.takahashi@example.com","SharePoint","https://example.sharepoint.com/sites/northwind/","https://example.sharepoint.com/sites/northwind/Shared Documents/Rollout Schedule.xlsx","Rollout Schedule.xlsx","",""
"2026-08-25T10:55:13Z","d3652882-7c8e-53b1-561d-82ef25ee8e76","AnonymousLinkUsed","urn:spo:anon#352676","SharePoint","https://example.sharepoint.com/sites/vendors/","https://example.sharepoint.com/sites/vendors/Shared Documents/Statement of Work.docx","Statement of Work.docx","",""
"2026-08-25T11:03:29Z","2d19697b-898f-aba3-b2b6-ec1d25ffd878","SharingSet","indigo.yilmaz@example.com","SharePoint","https://example.sharepoint.com/sites/northwind/","https://example.sharepoint.com/sites/northwind/Shared Documents/Architecture Review.pptx","Architecture Review.pptx","drew.haddad@partner4.example.com","Guest"
"2026-08-25T11:13:34Z","feba17f4-832a-268a-1fa1-42f656e42f6e","AnonymousLinkUsed","urn:spo:anon#681695","SharePoint","https://example.sharepoint.com/sites/launch/","https://example.sharepoint.com/sites/launch/Shared Documents/Migration Plan.docx","Migration Plan.docx","",""
"2026-08-25T11:13:57Z","699f65af-62e6-f053-7eeb-81cd098d2e7e","AnonymousLinkUsed","urn:spo:anon#507252","SharePoint","https://example.sharepoint.com/sites/vendors/","https://example.sharepoint.com/sites/vendors/Shared Documents/Pricing Model.xlsx","Pricing Model.xlsx","",""
"2026-08-25T11:35:37Z","69d7d0be-9485-0aa2-d001-6fe91f853f9c","SharingSet","tatum.yilmaz@example.com","SharePoint","https://example.sharepoint.com/sites/launch/","https://example.sharepoint.com/sites/launch/Shared Documents/Rollout Schedule.xlsx","Rollout Schedule.xlsx","drew.quintero@partner12.example.com","Guest"
"2026-08-25T13:09:57Z","a096f0aa-5ddb-9777-4109-ae4ef6baa376","SharingSet","tatum.ibarra@example.com","SharePoint","https://example.sharepoint.com/sites/sunfish/","https://example.sharepoint.com/sites/sunfish/Shared Documents/Statement of Work.docx","Statement of Work.docx","logan.fontaine@partner11.example.com","Guest"
"2026-08-25T14:21:49Z","04d725c4-fa01-2dbf-e38b-23bb838cb823","SharingSet","emery.jovanovic@example.com","SharePoint","https://example.sharepoint.com/sites/vendors/","https://example.sharepoint.com/sites/vendors/Shared Documents/Test Results.xlsx","Test Results.xlsx","yael.ibarra@partner2.example.com","Guest"
"2026-08-25T14:45:58Z","d2ca120e-15dd-9f62-566d-c72142526d30","SharingSet","emery.jovanovic@example.com","OneDrive","https://example-my.sharepoint.com/personal/avery_abara_example_com/","https://example-my.sharepoint.com/personal/avery_abara_example_com/Shared Documents/Rollout Schedule.xlsx","Rollout Schedule.xlsx","yael.ibarra@partner2.example.com","Guest"
"2026-08-25T15:22:06Z","f0b14673-d04c-f342-cd2e-46ba34679b52","SecureLinkUsed","reese.rasmussen@partner5.example.com","OneDrive","https://example-my.sharepoint.com/personal/avery_abara_example_com/","https://example-my.sharepoint.com/personal/avery_abara_example_com/Shared Documents/Migration Plan.docx","Migration Plan.docx","reese.rasmussen@partner5.example.com","Guest"
"2026-08-25T15:30:39Z","e8f99096-e8c1-9cd0-c784-ccd94e3180ca","AnonymousLinkUsed","urn:spo:anon#768544","SharePoint","https://example.sharepoint.com/sites/sunfish/","https://example.sharepoint.com/sites/sunfish/Shared Documents/Security Questionnaire.docx","Security Questionnaire.docx","",""
"2026-08-25T15:55:39Z","652217f0-4578-0242-6453-afad92c9ef75","SharingSet","harper.quintero@example.com","SharePoint","https://example.sharepoint.com/sites/vendors/","https://example.sharepoint.com/sites/vendors/Shared Documents/Meeting Notes.docx","Meeting Notes.docx","finley.haddad@partner5.example.com","Guest"
"2026-08-25T15:56:51Z","72fbc03d-7d63-01a7-1328-7fe48af4d2a1","SharingSet","harper.yilmaz@example.com","SharePoint","https://example.sharepoint.com/sites/vendors/","https://example.sharepoint.com/sites/vendors/Shared Documents/Test Results.xlsx","Test Results.xlsx","logan.vasquez@partner9.example.com","Guest"
"2026-08-25T16:52:14Z","12672c85-4192-8871-2dc7-284e55b880b4","SecureLinkUsed","sage.nakamura@partner5.example.com","SharePoint","https://example.sharepoint.com/sites/launch/","https://example.sharepoint.com/sites/launch/Shared Documents/Pricing Model.xlsx","Pricing Model.xlsx","sage.nakamura@partner5.example.com","Guest"
"2026-08-25T17:54:53Z","90a912bb-0fa3-82fc-a0db-7a2b791120f6","SecureLinkUsed","zephyr.zawadzki@partner6.example.com","SharePoint","https://example.sharepoint.com/sites/vendors/","https://example.sharepoint.com/sites/vendors/Shared Documents/Migration Plan.docx","Migration Plan.docx","zephyr.zawadzki@partner6.example.com","Guest"
"2026-08-25T19:22:10Z","3a8d5b8c-a8da-4c5d-e9a2-046b7da69eeb","AnonymousLinkCreated","oakley.moreau@example.com","SharePoint","https://example.sharepoint.com/sites/vendors/","https://example.sharepoint.com/sites/vendors/Shared Documents/Rollout Schedule.xlsx","Rollout Schedule.xlsx","",""
"2026-08-25T19:41:01Z","05cadc5f-bb01-19ce-5523-4e7dd74951b6","SharingSet","tatum.yilmaz@example.com","SharePoint","https://example.sharepoint.com/sites/northwind/","https://example.sharepoint.com/sites/northwind/Shared Documents/Test Results.xlsx","Test Results.xlsx","drew.quintero@partner12.example.com","Guest"
"2026-08-26T07:35:41Z","ca8d1567-9c18-2214-6186-129564855a82","SharingSet","xan.quintero@example.com","SharePoint","https://example.sharepoint.com/sites/sunfish/","https://example.sharepoint.com/sites/sunfish/Shared Documents/Statement of Work.docx","Statement of Work.docx","finley.petrov@partner8.example.com","Guest"
"2026-08-26T08:56:47Z","01305708-2d93-26cd-c5fb-6396fe14a60f","SecureLinkUsed","reese.quintero@partner3.example.com","OneDrive","https://example-my.sharepoint.com/personal/avery_abara_example_com/","https://example-my.sharepoint.com/personal/avery_abara_example_com/Shared Documents/Rollout Schedule.xlsx","Rollout Schedule.xlsx","reese.quintero@partner3.example.com","Guest"
"2026-08-26T10:28:09Z","38bc5ce8-1fa0-d062-d5c8-a1dc794aec36","SharingRevoked","noor.petrov@example.com","SharePoint","https://example.sharepoint.com/sites/launch/","https://example.sharepoint.com/sites/launch/Shared Documents/Migration Plan.docx","Migration Plan.docx","kai.ibarra@partner2.example.com","Guest"
"2026-08-26T11:58:45Z","aa4a22c3-502a-a2ec-905b-585b85cf5df9","SharingSet","noor.vasquez@example.com","SharePoint","https://example.sharepoint.com/sites/sunfish/","https://example.sharepoint.com/sites/sunfish/Shared Documents/Pricing Model.xlsx","Pricing Model.xlsx","emery.yilmaz@partner4.example.com","Guest"
"2026-08-26T12:28:15Z","50f97c83-ef84-bde6-e59f-d7b92b43f864","SharingSet","wren.zawadzki@example.com","SharePoint","https://example.sharepoint.com/sites/launch/","https://example.sharepoint.com/sites/launch/Shared Documents/Meeting Notes.docx","Meeting Notes.docx","yael.haddad@partner4.example.com","Guest"
"2026-08-26T12:56:55Z","a8b55a21-37bd-9acd-5fa7-5b5fcec3d629","SecureLinkUsed","blair.delacroix@partner7.example.com","SharePoint","https://example.sharepoint.com/sites/vendors/","https://example.sharepoint.com/sites/vendors/Shared Documents/Rollout Schedule.xlsx","Rollout Schedule.xlsx","blair.delacroix@partner7.example.com","Guest"
"2026-08-26T13:38:58Z","abd196a4-0d80-ea5e-482a-0eed1454c363","SharingSet","quinn.yilmaz@example.com","OneDrive","https://example-my.sharepoint.com/personal/avery_abara_example_com/","https://example-my.sharepoint.com/personal/avery_abara_example_com/Shared Documents/Meeting Notes.docx","Meeting Notes.docx","xan.ibarra@partner11.example.com","Guest"
"2026-08-26T13:52:14Z","931c04ad-101e-32c6-83a8-a6352a3a0c5c","SecureLinkUsed","finley.lindqvist@partner9.example.com","SharePoint","https://example.sharepoint.com/sites/sunfish/","https://example.sharepoint.com/sites/sunfish/Shared Documents/Meeting Notes.docx","Meeting Notes.docx","finley.lindqvist@partner9.example.com","Guest"
"2026-08-26T14:08:58Z","41c5d104-d356-70d2-ed37-d8f4064c632f","SecureLinkUsed","noor.jovanovic@partner2.example.com","SharePoint","https://example.sharepoint.com/sites/vendors/","https://example.sharepoint.com/sites/vendors/Shared Documents/Rollout Schedule.xlsx","Rollout Schedule.xlsx","noor.jovanovic@partner2.example.com","Guest"
"2026-08-26T14:11:50Z","1841075b-5bbc-add7-71cc-0730a0facd5a","SecureLinkUsed","logan.fontaine@partner11.example.com","SharePoint","https://example.sharepoint.com/sites/launch/","https://example.sharepoint.com/sites/launch/Shared Documents/Statement of Work.docx","Statement of Work.docx","logan.fontaine@partner11.example.com","Guest"
"2026-08-26T16:03:59Z","75f21b85-34de-beb9-2a40-669997f5ed43","AnonymousLinkUsed","urn:spo:anon#654291","SharePoint","https://example.sharepoint.com/sites/launch/","https://example.sharepoint.com/sites/launch/Shared Documents/Security Questionnaire.docx","Security Questionnaire.docx","",""
"2026-08-26T16:06:11Z","3966c94d-5192-f5bf-6776-9a9614590835","AnonymousLinkUsed","urn:spo:anon#548544","SharePoint","https://example.sharepoint.com/sites/northwind/","https://example.sharepoint.com/sites/northwind/Shared Documents/Migration Plan.docx","Migration Plan.docx","",""
"2026-08-26T16:50:44Z","48c3e479-2e8b-bf92-750b-c23f7bb591b4","AnonymousLinkUsed","urn:spo:anon#299509","SharePoint","https://example.sharepoint.com/sites/northwind/","https://example.sharepoint.com/sites/northwind/Shared Documents/Migration Plan.docx","Migration Plan.docx","",""
"2026-08-26T17:01:04Z","515682a8-40d9-089d-6b5a-fe2e322e77af","SharingSet","quinn.quintero@example.com","SharePoint","https://example.sharepoint.com/sites/launch/","https://example.sharepoint.com/sites/launch/Shared Documents/Meeting Notes.docx","Meeting Notes.docx","drew.lindqvist@partner2.example.com","Guest"
"2026-08-26T17:26:20Z","41219459-529a-a06e-a5bf-92b202917765","SharingSet","logan.quintero@example.com","OneDrive","https://example-my.sharepoint.com/personal/avery_abara_example_com/","https://example-my.sharepoint.com/personal/avery_abara_example_com/Shared Documents/Statement of Work.docx","Statement of Work.docx","indigo.rasmussen@partner10.example.com","Guest"
"2026-08-26T17:46:29Z","bc29743d-2aa5-a930-c27b-507899ca668f","AnonymousLinkRemoved","harper.rasmussen@example.com","SharePoint","https://example.sharepoint.com/sites/vendors/","https://example.sharepoint.com/sites/vendors/Shared Documents/Pricing Model.xlsx","Pricing Model.xlsx","",""
"2026-08-26T17:56:46Z","247eeca0-b810-f64d-fdc5-4cf17402f67b","SharingSet","noor.vasquez@example.com","SharePoint","https://example.sharepoint.com/sites/northwind/","https://example.sharepoint.com/sites/northwind/Shared Documents/Meeting Notes.docx","Meeting Notes.docx","emery.yilmaz@partner4.example.com","Guest"
"2026-08-26T18:36:02Z","d1305d12-ad0d-8d97-fc4b-a2a3e99839fb","SharingSet","vale.yilmaz@example.com","SharePoint","https://example.sharepoint.com/sites/northwind/","https://example.sharepoint.com/sites/northwind/Shared Documents/Architecture Review.pptx","Architecture Review.pptx","oakley.xiong@partner1.example.com","Guest"
"2026-08-26T18:41:02Z","121522d6-aee9-224b-d83b-27448cac84dc","SharingSet","emery.nakamura@example.com","OneDrive","https://example-my.sharepoint.com/personal/avery_abara_example_com/","https://example-my.sharepoint.com/personal/avery_abara_example_com/Shared Documents/Statement of Work.docx","Statement of Work.docx","vale.quintero@partner8.example.com","Guest"
"2026-08-26T19:09:45Z","4e700592-82c4-318d-dc62-cb638ae794ef","AnonymousLinkUsed","urn:spo:anon#519637","SharePoint","https://example.sharepoint.com/sites/sunfish/","https://example.sharepoint.com/sites/sunfish/Shared Documents/Meeting Notes.docx","Meeting Notes.docx","",""
"2026-08-26T19:43:30Z","89278290-b11a-932e-1124-b03cce2ec47d","SharingSet","blair.rasmussen2@example.com","SharePoint","https://example.sharepoint.com/sites/launch/","https://example.sharepoint.com/sites/launch/Shared Documents/Rollout Schedule.xlsx","Rollout Schedule.xlsx","drew.ueda@partner2.example.com","Guest"
"2026-08-27T07:54:16Z","82ec1305-3ec8-826a-6e53-d6d7df00d4ad","AnonymousLinkUsed","urn:spo:anon#605798","SharePoint","https://example.sharepoint.com/sites/vendors/","https://example.sharepoint.com/sites/vendors/Shared Documents/Statement of Work.docx","Statement of Work.docx","",""
"2026-08-27T08:35:31Z","7a45773c-76b8-a2ac-9db8-3dd42d6a66d2","SharingRevoked","drew.lindqvist@example.com","OneDrive","https://example-my.sharepoint.com/personal/avery_abara_example_com/","https://example-my.sharepoint.com/personal/avery_abara_example_com/Shared Documents/Architecture Review.pptx","Architecture Review.pptx","gray.silva@partner4.example.com","Guest"
"2026-08-27T09:27:52Z","4085fabe-e570-6897-f46f-33deae906b4d","AnonymousLinkUsed","urn:spo:anon#375888","SharePoint","https://example.sharepoint.com/sites/vendors/","https://example.sharepoint.com/sites/vendors/Shared Documents/Architecture Review.pptx","Architecture Review.pptx","",""
"2026-08-27T09:34:15Z","85013a44-d359-f9b8-e0e7-1868050beae0","SharingSet","parker.takahashi@example.com","SharePoint","https://example.sharepoint.com/sites/vendors/","https://example.sharepoint.com/sites/vendors/Shared Documents/Pricing Model.xlsx","Pricing Model.xlsx","yael.fontaine@partner3.example.com","Guest"
"2026-08-27T09:39:21Z","d8c50ae9-57f2-30a6-8970-d9e90a9d1d78","SecureLinkUsed","logan.xiong@partner11.example.com","SharePoint","https://example.sharepoint.com/sites/sunfish/","https://example.sharepoint.com/sites/sunfish/Shared Documents/Rollout Schedule.xlsx","Rollout Schedule.xlsx","logan.xiong@partner11.example.com","Guest"
"2026-08-27T09:41:31Z","1bfa195e-5af5-b775-b929-4c83087004b1","SharingSet","indigo.yilmaz@example.com","SharePoint","https://example.sharepoint.com/sites/launch/","https://example.sharepoint.com/sites/launch/Shared Documents/Test Results.xlsx","Test Results.xlsx","drew.haddad@partner4.example.com","Guest"
"2026-08-27T10:22:22Z","97f339a4-d598-db89-8dcb-3466bdf3faec","AnonymousLinkUsed","urn:spo:anon#896756","SharePoint","https://example.sharepoint.com/sites/launch/","https://example.sharepoint.com/sites/launch/Shared Documents/Security Questionnaire.docx","Security Questionnaire.docx","",""
"2026-08-27T10:23:18Z","d9346e47-ffda-e94f-6689-ce30aff65ffc","AnonymousLinkUsed","urn:spo:anon#178644","SharePoint","https://example.sharepoint.com/sites/vendors/","https://example.sharepoint.com/sites/vendors/Shared Documents/Architecture Review.pptx","Architecture Review.pptx","",""
"2026-08-27T10:48:06Z","bd598295-f8be-1c92-b8ac-7fb326f442f0","AnonymousLinkUsed","urn:spo:anon#778113","SharePoint","https://example.sharepoint.com/sites/sunfish/","https://example.sharepoint.com/sites/sunfish/Shared Documents/Statement of Work.docx","Statement of Work.docx","",""
"2026-08-27T10:51:53Z","ce0415d0-99c8-9c12-f5d8-e80342e354a8","SharingSet","parker.zawadzki@example.com","SharePoint","https://example.sharepoint.com/sites/sunfish/","https://example.sharepoint.com/sites/sunfish/Shared Documents/Pricing Model.xlsx","Pricing Model.xlsx","zephyr.zawadzki@partner6.example.com","Guest"
"2026-08-27T11:48:07Z","d60a52fb-d151-0d00-84eb-60d44c45b319","SharingSet","avery.lindqvist@example.com","SharePoint","https://example.sharepoint.com/sites/vendors/","https://example.sharepoint.com/sites/vendors/Shared Documents/Meeting Notes.docx","Meeting Notes.docx","blair.delacroix@partner7.example.com","Guest"
"2026-08-27T11:51:30Z","50d26aec-06ec-ba34-f544-f75a02082198","SharingSet","emery.whitfield@example.com","SharePoint","https://example.sharepoint.com/sites/launch/","https://example.sharepoint.com/sites/launch/Shared Documents/Test Results.xlsx","Test Results.xlsx","reese.rasmussen@partner5.example.com","Guest"
"2026-08-27T12:16:43Z","7c83fa14-904d-ba5f-4b3b-a77c90fff1da","SharingSet","avery.lindqvist@example.com","OneDrive","https://example-my.sharepoint.com/personal/avery_abara_example_com/","https://example-my.sharepoint.com/personal/avery_abara_example_com/Shared Documents/Meeting Notes.docx","Meeting Notes.docx","blair.delacroix@partner7.example.com","Guest"
"2026-08-27T12:29:38Z","760d1a21-3f47-5578-3028-2324a194096a","SharingSet","emery.nakamura@example.com","SharePoint","https://example.sharepoint.com/sites/vendors/","https://example.sharepoint.com/sites/vendors/Shared Documents/Security Questionnaire.docx","Security Questionnaire.docx","vale.quintero@partner8.example.com","Guest"
"2026-08-27T12:29:48Z","e89ce915-c38f-e680-1383-1f678feeb111","SecureLinkUsed","wren.fontaine@partner6.example.com","OneDrive","https://example-my.sharepoint.com/personal/avery_abara_example_com/","https://example-my.sharepoint.com/personal/avery_abara_example_com/Shared Documents/Statement of Work.docx","Statement of Work.docx","wren.fontaine@partner6.example.com","Guest"
"2026-08-27T12:35:26Z","84eb3f27-7e97-45e4-b1a3-376d1dc20f56","SharingSet","logan.ueda@example.com","SharePoint","https://example.sharepoint.com/sites/northwind/","https://example.sharepoint.com/sites/northwind/Shared Documents/Pricing Model.xlsx","Pricing Model.xlsx","drew.fontaine@partner1.example.com","Guest"
"2026-08-27T12:40:42Z","0a79ccd9-7c4f-c364-75f0-152a25b92652","SecureLinkUsed","yael.fontaine@partner3.example.com","OneDrive","https://example-my.sharepoint.com/personal/avery_abara_example_com/","https://example-my.sharepoint.com/personal/avery_abara_example_com/Shared Documents/Pricing Model.xlsx","Pricing Model.xlsx","yael.fontaine@partner3.example.com","Guest"
"2026-08-27T13:45:05Z","92a9387b-260e-62a4-e157-90d7cee7980a","SharingSet","quinn.eriksen@example.com","OneDrive","https://example-my.sharepoint.com/personal/avery_abara_example_com/","https://example-my.sharepoint.com/personal/avery_abara_example_com/Shared Documents/Test Results.xlsx","Test Results.xlsx","vale.petrov@partner9.example.com","Guest"
"2026-08-27T15:23:37Z","256fd21a-95ec-299d-d285-ad84163e32a3","SharingSet","avery.lindqvist@example.com","SharePoint","https://example.sharepoint.com/sites/northwind/","https://example.sharepoint.com/sites/northwind/Shared Documents/Pricing Model.xlsx","Pricing Model.xlsx","blair.delacroix@partner7.example.com","Guest"
"2026-08-27T15:43:47Z","b9ef96cb-bfba-c489-0550-5956a2153fb1","SharingSet","parker.takahashi@example.com","SharePoint","https://example.sharepoint.com/sites/northwind/","https://example.sharepoint.com/sites/northwind/Shared Documents/Architecture Review.pptx","Architecture Review.pptx","yael.fontaine@partner3.example.com","Guest"
"2026-08-27T16:17:35Z","18b44623-2a7c-7e56-4ae8-8a62e1bf19ff","AnonymousLinkUsed","urn:spo:anon#873869","SharePoint","https://example.sharepoint.com/sites/vendors/","https://example.sharepoint.com/sites/vendors/Shared Documents/Statement of Work.docx","Statement of Work.docx","",""
"2026-08-27T16:29:59Z","18da8692-0533-1058-4847-f9729ead478d","AnonymousLinkUsed","urn:spo:anon#796406","SharePoint","https://example.sharepoint.com/sites/vendors/","https://example.sharepoint.com/sites/vendors/Shared Documents/Pricing Model.xlsx","Pricing Model.xlsx","",""
"2026-08-27T17:11:03Z","d3111179-3100-acef-b286-d46394a24987","AnonymousLinkCreated","harper.ueda@example.com","OneDrive","https://example-my.sharepoint.com/personal/avery_abara_example_com/","https://example-my.sharepoint.com/personal/avery_abara_example_com/Shared Documents/Architecture Review.pptx","Architecture Review.pptx","",""
"2026-08-27T18:55:00Z","029e095d-484a-e924-bf89-b86fe8e5e7df","SharingSet","blair.rasmussen2@example.com","OneDrive","https://example-my.sharepoint.com/personal/avery_abara_example_com/","https://example-my.sharepoint.com/personal/avery_abara_example_com/Shared Documents/Migration Plan.docx","Migration Plan.docx","drew.ueda@partner2.example.com","Guest"
"2026-08-27T19:04:24Z","998612d3-babc-44c5-d14a-0d1466157522","SharingSet","yael.eriksen@example.com","SharePoint","https://example.sharepoint.com/sites/launch/","https://example.sharepoint.com/sites/launch/Shared Documents/Migration Plan.docx","Migration Plan.docx","yael.silva@partner9.example.com","Guest"
"2026-08-27T19:37:03Z","07bad663-5eb7-3f3b-a060-9f3455c25341","AnonymousLinkUsed","urn:spo:anon#256072","SharePoint","https://example.sharepoint.com/sites/sunfish/","https://example.sharepoint.com/sites/sunfish/Shared Documents/Test Results.xlsx","Test Results.xlsx","",""
"2026-08-28T08:27:27Z","88dfc5d4-4dd6-b823-0ff0-53e81878a221","SharingSet","logan.ueda@example.com","SharePoint","https://example.sharepoint.com/sites/vendors/","https://example.sharepoint.com/sites/vendors/Shared Documents/Pricing Model.xlsx","Pricing Model.xlsx","drew.fontaine@partner1.example.com","Guest"
"2026-08-28T08:45:30Z","4376b9b7-1d61-a3e6-95dd-33cfd7d6a65f","SharingSet","noor.vasquez@example.com","SharePoint","https://example.sharepoint.com/sites/sunfish/","https://example.sharepoint.com/sites/sunfish/Shared Documents/Meeting Notes.docx","Meeting Notes.docx","emery.yilmaz@partner4.example.com","Guest"
"2026-08-28T09:10:50Z","15973657-29f2-1da7-7e6f-5119fa4c216f","AnonymousLinkUsed","urn:spo:anon#669946","SharePoint","https://example.sharepoint.com/sites/launch/","https://example.sharepoint.com/sites/launch/Shared Documents/Statement of Work.docx","Statement of Work.docx","",""
"2026-08-28T09:27:18Z","b1fa52ac-c393-9fcb-6f3c-b491332c933b","SecureLinkUsed","umi.xiong@partner12.example.com","SharePoint","https://example.sharepoint.com/sites/sunfish/","https://example.sharepoint.com/sites/sunfish/Shared Documents/Security Questionnaire.docx","Security Questionnaire.docx","umi.xiong@partner12.example.com","Guest"
"2026-08-28T09:31:27Z","1108e01b-4975-3a1d-ce0c-fb4ad0b801a0","SharingSet","tatum.ibarra@example.com","SharePoint","https://example.sharepoint.com/sites/vendors/","https://example.sharepoint.com/sites/vendors/Shared Documents/Rollout Schedule.xlsx","Rollout Schedule.xlsx","logan.fontaine@partner11.example.com","Guest"
"2026-08-28T10:07:27Z","3612c814-72a5-4304-34f0-cd38e28173a4","SharingSet","noor.abara@example.com","SharePoint","https://example.sharepoint.com/sites/launch/","https://example.sharepoint.com/sites/launch/Shared Documents/Security Questionnaire.docx","Security Questionnaire.docx","reese.gallagher@partner1.example.com","Guest"
"2026-08-28T11:22:13Z","0a6ed0dc-b0ac-0f1c-f03d-c4b3f92695a4","SharingSet","parker.zawadzki@example.com","OneDrive","https://example-my.sharepoint.com/personal/avery_abara_example_com/","https://example-my.sharepoint.com/personal/avery_abara_example_com/Shared Documents/Test Results.xlsx","Test Results.xlsx","zephyr.zawadzki@partner6.example.com","Guest"
"2026-08-28T11:37:47Z","4164a115-f825-3892-65d6-3f3d624fa292","SharingInvitationRevoked","drew.lindqvist@example.com","SharePoint","https://example.sharepoint.com/sites/northwind/","https://example.sharepoint.com/sites/northwind/Shared Documents/Statement of Work.docx","Statement of Work.docx","avery.abara@partner6.example.com","Guest"
"2026-08-28T12:17:40Z","4185dd46-b4fa-2c8f-1375-cac0fbae445e","SharingSet","xan.quintero@example.com","SharePoint","https://example.sharepoint.com/sites/vendors/","https://example.sharepoint.com/sites/vendors/Shared Documents/Meeting Notes.docx","Meeting Notes.docx","finley.petrov@partner8.example.com","Guest"
"2026-08-28T13:32:16Z","380fa745-04ad-6231-df5b-4651b5af429b","AnonymousLinkUsed","urn:spo:anon#275979","SharePoint","https://example.sharepoint.com/sites/northwind/","https://example.sharepoint.com/sites/northwind/Shared Documents/Test Results.xlsx","Test Results.xlsx","",""
"2026-08-28T14:03:01Z","3a89f698-ceae-bf2c-cb47-9f4125cec14f","AnonymousLinkUsed","urn:spo:anon#437990","SharePoint","https://example.sharepoint.com/sites/launch/","https://example.sharepoint.com/sites/launch/Shared Documents/Migration Plan.docx","Migration Plan.docx","",""
"2026-08-28T14:09:41Z","ddd60f64-a83a-f303-2561-21ed3116a82f","AnonymousLinkUsed","urn:spo:anon#188586","SharePoint","https://example.sharepoint.com/sites/sunfish/","https://example.sharepoint.com/sites/sunfish/Shared Documents/Pricing Model.xlsx","Pricing Model.xlsx","",""
"2026-08-28T14:30:33Z","4da33324-e56e-0d66-aa5f-b8f7647d677c","SharingSet","blair.rasmussen2@example.com","SharePoint","https://example.sharepoint.com/sites/vendors/","https://example.sharepoint.com/sites/vendors/Shared Documents/Rollout Schedule.xlsx","Rollout Schedule.xlsx","drew.ueda@partner2.example.com","Guest"
"2026-08-28T15:02:51Z","58f05d9e-d602-f094-ef68-1ae812db0be7","SecureLinkUsed","vale.quintero@partner8.example.com","SharePoint","https://example.sharepoint.com/sites/northwind/","https://example.sharepoint.com/sites/northwind/Shared Documents/Architecture Review.pptx","Architecture Review.pptx","vale.quintero@partner8.example.com","Guest"
"2026-08-28T15:53:51Z","2c0ed648-4898-220f-49b4-f89f4ee9d850","AnonymousLinkCreated","wren.petrov2@example.com","SharePoint","https://example.sharepoint.com/sites/launch/","https://example.sharepoint.com/sites/launch/Shared Documents/Pricing Model.xlsx","Pricing Model.xlsx","",""
"2026-08-28T15:59:20Z","8ebf018c-9d73-6d55-ca49-034c7b759399","AnonymousLinkUsed","urn:spo:anon#228540","SharePoint","https://example.sharepoint.com/sites/vendors/","https://example.sharepoint.com/sites/vendors/Shared Documents/Pricing Model.xlsx","Pricing Model.xlsx","",""
"2026-08-28T15:59:27Z","461a197c-bd1a-677c-f215-b40c0b371ccd","SharingRevoked","drew.jovanovic2@example.com","SharePoint","https://example.sharepoint.com/sites/vendors/","https://example.sharepoint.com/sites/vendors/Shared Documents/Migration Plan.docx","Migration Plan.docx","blair.kowalski@partner3.example.com","Guest"
"2026-08-28T16:09:26Z","cbe15dd2-495a-9db6-0cd5-d73c07f41350","AnonymousLinkUsed","urn:spo:anon#267381","SharePoint","https://example.sharepoint.com/sites/northwind/","https://example.sharepoint.com/sites/northwind/Shared Documents/Statement of Work.docx","Statement of Work.docx","",""
"2026-08-28T16:13:27Z","c2e2524e-f69c-3890-80e5-be64d3412b7d","AnonymousLinkUsed","urn:spo:anon#173502","OneDrive","https://example-my.sharepoint.com/personal/avery_abara_example_com/","https://example-my.sharepoint.com/personal/avery_abara_example_com/Shared Documents/Migration Plan.docx","Migration Plan.docx","",""
"2026-08-28T16:19:06Z","6f793de9-27b4-926b-7a3e-48384ff7c3c1","AnonymousLinkUsed","urn:spo:anon#155954","SharePoint","https://example.sharepoint.com/sites/northwind/","https://example.sharepoint.com/sites/northwind/Shared Documents/Meeting Notes.docx","Meeting Notes.docx","",""
"2026-08-28T17:11:26Z","f5aea29b-e14b-fd96-8ea0-6780ed880601","SharingSet","tatum.yilmaz@example.com","SharePoint","https://example.sharepoint.com/sites/northwind/","https://example.sharepoint.com/sites/northwind/Shared Documents/Rollout Schedule.xlsx","Rollout Schedule.xlsx","drew.quintero@partner12.example.com","Guest"
"2026-08-28T18:11:02Z","27e4785f-30d1-a883-a62c-0ccb522dcbb1","AnonymousLinkUsed","urn:spo:anon#369434","SharePoint","https://example.sharepoint.com/sites/northwind/","https://example.sharepoint.com/sites/northwind/Shared Documents/Security Questionnaire.docx","Security Questionnaire.docx","",""
"2026-08-28T18:42:32Z","784c07ac-38ff-bc03-a526-d3781c300370","SharingRevoked","logan.ueda@example.com","SharePoint","https://example.sharepoint.com/sites/northwind/","https://example.sharepoint.com/sites/northwind/Shared Documents/Security Questionnaire.docx","Security Questionnaire.docx","drew.fontaine@partner1.example.com","Guest"
"2026-08-28T18:47:18Z","6ad5dfe8-0890-cefa-3964-3018e1571f1d","AnonymousLinkUsed","urn:spo:anon#633183","SharePoint","https://example.sharepoint.com/sites/sunfish/","https://example.sharepoint.com/sites/sunfish/Shared Documents/Test Results.xlsx","Test Results.xlsx","",""
"2026-08-28T18:47:46Z","353fbc13-dadd-be27-386e-84b8d191a34e","AnonymousLinkCreated","yael.quintero@example.com","OneDrive","https://example-my.sharepoint.com/personal/avery_abara_example_com/","https://example-my.sharepoint.com/personal/avery_abara_example_com/Shared Documents/Meeting Notes.docx","Meeting Notes.docx","",""
"2026-08-28T18:48:04Z","a86e4d77-7132-66bb-fb37-7727ca0201b6","AnonymousLinkUsed","urn:spo:anon#785140","OneDrive","https://example-my.sharepoint.com/personal/avery_abara_example_com/","https://example-my.sharepoint.com/personal/avery_abara_example_com/Shared Documents/Statement of Work.docx","Statement of Work.docx","",""
"2026-08-28T19:08:53Z","646bc5a7-33bb-27f8-61a5-b80507121d90","SecureLinkUsed","blair.eriksen@partner11.example.com","SharePoint","https://example.sharepoint.com/sites/northwind/","https://example.sharepoint.com/sites/northwind/Shared Documents/Rollout Schedule.xlsx","Rollout Schedule.xlsx","blair.eriksen@partner11.example.com","Guest"
"2026-08-28T19:27:30Z","5692cac6-1a1f-2d65-a53c-2807aff3947b","AnonymousLinkUsed","urn:spo:anon#770169","SharePoint","https://example.sharepoint.com/sites/northwind/","https://example.sharepoint.com/sites/northwind/Shared Documents/Security Questionnaire.docx","Security Questionnaire.docx","",""
"2026-08-28T19:58:11Z","f8534cd3-8727-3267-39cd-c4d1fdc3026d","SharingSet","tatum.ibarra@example.com","SharePoint","https://example.sharepoint.com/sites/vendors/","https://example.sharepoint.com/sites/vendors/Shared Documents/Migration Plan.docx","Migration Plan.docx","logan.fontaine@partner11.example.com","Guest"
"2026-08-29T08:42:07Z","36f8fdea-e7d5-2a77-afca-bf25803aaa55","SecureLinkUsed","jordan.eriksen@partner7.example.com","SharePoint","https://example.sharepoint.com/sites/launch/","https://example.sharepoint.com/sites/launch/Shared Documents/Test Results.xlsx","Test Results.xlsx","jordan.eriksen@partner7.example.com","Guest"
"2026-08-29T08:58:40Z","6823f055-7158-0f66-7fed-496016ec4790","AnonymousLinkUsed","urn:spo:anon#967917","OneDrive","https://example-my.sharepoint.com/personal/avery_abara_example_com/","https://example-my.sharepoint.com/personal/avery_abara_example_com/Shared Documents/Rollout Schedule.xlsx","Rollout Schedule.xlsx","",""
"2026-08-29T09:01:53Z","e4b24169-d81b-7f47-890a-59a6cf3fd1e1","SharingSet","blair.jovanovic@example.com","SharePoint","https://example.sharepoint.com/sites/northwind/","https://example.sharepoint.com/sites/northwind/Shared Documents/Statement of Work.docx","Statement of Work.docx","logan.xiong@partner11.example.com","Guest"
"2026-08-29T09:36:27Z","2e93ec34-9b71-8497-7990-e268e742a568","SharingSet","oakley.jovanovic@example.com","OneDrive","https://example-my.sharepoint.com/personal/avery_abara_example_com/","https://example-my.sharepoint.com/personal/avery_abara_example_com/Shared Documents/Test Results.xlsx","Test Results.xlsx","wren.fontaine@partner6.example.com","Guest"
"2026-08-29T10:20:31Z","96c1aaef-96d4-76dd-72bb-f61e94a41c6b","AnonymousLinkUsed","urn:spo:anon#467437","SharePoint","https://example.sharepoint.com/sites/sunfish/","https://example.sharepoint.com/sites/sunfish/Shared Documents/Statement of Work.docx","Statement of Work.docx","",""
"2026-08-29T10:56:21Z","9c8df3c4-28e0-4e6c-05e1-41ae5fc15336","AnonymousLinkUsed","urn:spo:anon#651221","SharePoint","https://example.sharepoint.com/sites/launch/","https://example.sharepoint.com/sites/launch/Shared Documents/Statement of Work.docx","Statement of Work.docx","",""
"2026-08-29T11:01:57Z","b21eedb1-0a15-786f-7eb5-97f70df6ee1f","AnonymousLinkUsed","urn:spo:anon#691557","OneDrive","https://example-my.sharepoint.com/personal/avery_abara_example_com/","https://example-my.sharepoint.com/personal/avery_abara_example_com/Shared Documents/Pricing Model.xlsx","Pricing Model.xlsx","",""
"2026-08-29T11:04:52Z","e755a4e8-ebfd-967e-7246-7385efdcc242","SharingSet","vale.kowalski@example.com","SharePoint","https://example.sharepoint.com/sites/northwind/","https://example.sharepoint.com/sites/northwind/Shared Documents/Architecture Review.pptx","Architecture Review.pptx","noor.jovanovic@partner2.example.com","Guest"
"2026-08-29T11:22:40Z","e27bea06-fb95-5310-3e13-a468bf48e54d","SharingSet","tatum.yilmaz@example.com","SharePoint","https://example.sharepoint.com/sites/sunfish/","https://example.sharepoint.com/sites/sunfish/Shared Documents/Test Results.xlsx","Test Results.xlsx","noor.yilmaz@partner12.example.com","Guest"
"2026-08-29T11:24:37Z","9022363d-17f6-af51-5242-81c7ba3591a5","AnonymousLinkUsed","urn:spo:anon#354463","OneDrive","https://example-my.sharepoint.com/personal/avery_abara_example_com/","https://example-my.sharepoint.com/personal/avery_abara_example_com/Shared Documents/Meeting Notes.docx","Meeting Notes.docx","",""
"2026-08-29T11:41:25Z","099bce38-3fbd-93f9-415a-f2deadad41a6","SharingSet","noor.abara@example.com","SharePoint","https://example.sharepoint.com/sites/sunfish/","https://example.sharepoint.com/sites/sunfish/Shared Documents/Pricing Model.xlsx","Pricing Model.xlsx","reese.gallagher@partner1.example.com","Guest"
"2026-08-29T12:32:59Z","887e84e5-1824-4a63-b54f-7817f9af7ff6","AnonymousLinkUsed","urn:spo:anon#546327","SharePoint","https://example.sharepoint.com/sites/northwind/","https://example.sharepoint.com/sites/northwind/Shared Documents/Meeting Notes.docx","Meeting Notes.docx","",""
"2026-08-29T13:10:24Z","e9b1e210-bb88-c711-ab8b-66b787a078c8","SharingSet","emery.nakamura@example.com","OneDrive","https://example-my.sharepoint.com/personal/avery_abara_example_com/","https://example-my.sharepoint.com/personal/avery_abara_example_com/Shared Documents/Security Questionnaire.docx","Security Questionnaire.docx","vale.quintero@partner8.example.com","Guest"
"2026-08-29T13:25:17Z","467cfbb1-9d06-3233-9c87-816273fc42b5","SharingSet","drew.petrov@example.com","SharePoint","https://example.sharepoint.com/sites/launch/","https://example.sharepoint.com/sites/launch/Shared Documents/Security Questionnaire.docx","Security Questionnaire.docx","jordan.eriksen@partner7.example.com","Guest"
"2026-08-29T13:42:58Z","578c94b4-3c3c-e0a1-99d7-a8351fed908c","AnonymousLinkUsed","urn:spo:anon#404161","SharePoint","https://example.sharepoint.com/sites/northwind/","https://example.sharepoint.com/sites/northwind/Shared Documents/Migration Plan.docx","Migration Plan.docx","",""
"2026-08-29T13:48:35Z","f25fa4fb-75dd-bfcf-746a-a96f2fd62cf0","SharingSet","vale.yilmaz@example.com","SharePoint","https://example.sharepoint.com/sites/launch/","https://example.sharepoint.com/sites/launch/Shared Documents/Statement of Work.docx","Statement of Work.docx","oakley.xiong@partner1.example.com","Guest"
"2026-08-29T13:53:26Z","a0754816-dc20-de12-8021-179593f42246","AnonymousLinkUsed","urn:spo:anon#746172","SharePoint","https://example.sharepoint.com/sites/northwind/","https://example.sharepoint.com/sites/northwind/Shared Documents/Migration Plan.docx","Migration Plan.docx","",""
"2026-08-29T14:54:59Z","ba4efaa0-cdf1-7462-1aa7-6a1cfc3df144","SecureLinkUsed","logan.fontaine@partner11.example.com","SharePoint","https://example.sharepoint.com/sites/sunfish/","https://example.sharepoint.com/sites/sunfish/Shared Documents/Security Questionnaire.docx","Security Questionnaire.docx","logan.fontaine@partner11.example.com","Guest"
"2026-08-29T15:02:20Z","14feab4c-da7c-6254-18de-50152e347f49","SharingSet","blair.jovanovic@example.com","OneDrive","https://example-my.sharepoint.com/personal/avery_abara_example_com/","https://example-my.sharepoint.com/personal/avery_abara_example_com/Shared Documents/Statement of Work.docx","Statement of Work.docx","logan.xiong@partner11.example.com","Guest"
"2026-08-29T15:42:56Z","86d13f09-616d-3204-6e5e-901a14700188","SharingSet","tatum.rasmussen@example.com","SharePoint","https://example.sharepoint.com/sites/launch/","https://example.sharepoint.com/sites/launch/Shared Documents/Test Results.xlsx","Test Results.xlsx","finley.lindqvist@partner9.example.com","Guest"
"2026-08-29T17:32:07Z","7f1d4b2f-d00f-dc61-5806-79f738f81720","SecureLinkUsed","reese.quintero@partner3.example.com","OneDrive","https://example-my.sharepoint.com/personal/avery_abara_example_com/","https://example-my.sharepoint.com/personal/avery_abara_example_com/Shared Documents/Statement of Work.docx","Statement of Work.docx","reese.quintero@partner3.example.com","Guest"
"2026-08-29T17:43:29Z","3052ccab-271f-6c1f-6ca0-356e0e5b891a","AnonymousLinkUsed","urn:spo:anon#470025","OneDrive","https://example-my.sharepoint.com/personal/avery_abara_example_com/","https://example-my.sharepoint.com/personal/avery_abara_example_com/Shared Documents/Test Results.xlsx","Test Results.xlsx","",""
"2026-08-29T18:58:41Z","1b43b7f2-fb1f-ac49-60ac-f4d285ee2d26","SharingSet","drew.jovanovic2@example.com","SharePoint","https://example.sharepoint.com/sites/vendors/","https://example.sharepoint.com/sites/vendors/Shared Documents/Migration Plan.docx","Migration Plan.docx","blair.kowalski@partner3.example.com","Guest"
"2026-08-29T19:02:53Z","36bff258-6ab7-8519-4324-5eaba0725155","AnonymousLinkUsed","urn:spo:anon#104995","OneDrive","https://example-my.sharepoint.com/personal/avery_abara_example_com/","https://example-my.sharepoint.com/personal/avery_abara_example_com/Shared Documents/Test Results.xlsx","Test Results.xlsx","",""
"2026-08-29T19:21:42Z","fd0c7d3d-4124-e704-9bd0-372511fdfef9","AnonymousLinkUsed","urn:spo:anon#292155","OneDrive","https://example-my.sharepoint.com/personal/avery_abara_example_com/","https://example-my.sharepoint.com/personal/avery_abara_example_com/Shared Documents/Rollout Schedule.xlsx","Rollout Schedule.xlsx","",""
"2026-08-29T19:28:16Z","10e67cf9-a8c4-9502-439c-2a41e080dfcd","AnonymousLinkUsed","urn:spo:anon#508126","SharePoint","https://example.sharepoint.com/sites/launch/","https://example.sharepoint.com/sites/launch/Shared Documents/Rollout Schedule.xlsx","Rollout Schedule.xlsx","",""
"2026-08-29T19:40:55Z","208eef7b-637d-8251-38ce-8ab7f34f5057","SecureLinkUsed","drew.quintero@partner12.example.com","SharePoint","https://example.sharepoint.com/sites/sunfish/","https://example.sharepoint.com/sites/sunfish/Shared Documents/Meeting Notes.docx","Meeting Notes.docx","drew.quintero@partner12.example.com","Guest"
"2026-08-29T19:51:43Z","552ed021-e5d2-4a03-2ec2-d29957255856","SharingSet","blair.rasmussen2@example.com","SharePoint","https://example.sharepoint.com/sites/sunfish/","https://example.sharepoint.com/sites/sunfish/Shared Documents/Pricing Model.xlsx","Pricing Model.xlsx","drew.ueda@partner2.example.com","Guest"
"2026-08-30T08:15:54Z","a1732ac4-7235-6f38-ecef-e2f159325c31","AnonymousLinkUsed","urn:spo:anon#236091","SharePoint","https://example.sharepoint.com/sites/vendors/","https://example.sharepoint.com/sites/vendors/Shared Documents/Migration Plan.docx","Migration Plan.docx","",""
"2026-08-30T08:39:41Z","95e966be-3fb8-9066-659d-0d9440627757","AnonymousLinkRemoved","xan.nakamura@example.com","SharePoint","https://example.sharepoint.com/sites/launch/","https://example.sharepoint.com/sites/launch/Shared Documents/Statement of Work.docx","Statement of Work.docx","",""
"2026-08-30T10:35:46Z","00d4568f-a640-b9a0-e81d-387075b6a9cc","AnonymousLinkRemoved","wren.petrov2@example.com","SharePoint","https://example.sharepoint.com/sites/vendors/","https://example.sharepoint.com/sites/vendors/Shared Documents/Architecture Review.pptx","Architecture Review.pptx","",""
"2026-08-30T10:37:09Z","7cb4cb55-1765-7c79-6671-6f8e916b75a7","SharingSet","tatum.rasmussen@example.com","SharePoint","https://example.sharepoint.com/sites/vendors/","https://example.sharepoint.com/sites/vendors/Shared Documents/Migration Plan.docx","Migration Plan.docx","finley.lindqvist@partner9.example.com","Guest"
"2026-08-30T11:42:23Z","860e83dc-a53e-6449-0b9f-be9be69b053e","SharingSet","avery.lindqvist@example.com","SharePoint","https://example.sharepoint.com/sites/launch/","https://example.sharepoint.com/sites/launch/Shared Documents/Test Results.xlsx","Test Results.xlsx","blair.delacroix@partner7.example.com","Guest"
"2026-08-30T11:54:37Z","fc01715b-af64-fcee-b128-64e546582073","AnonymousLinkUsed","urn:spo:anon#571968","SharePoint","https://example.sharepoint.com/sites/northwind/","https://example.sharepoint.com/sites/northwind/Shared Documents/Pricing Model.xlsx","Pricing Model.xlsx","",""
"2026-08-30T12:53:27Z","851e622b-f771-b685-bcdb-28d3a588d86b","AnonymousLinkUsed","urn:spo:anon#232891","SharePoint","https://example.sharepoint.com/sites/launch/","https://example.sharepoint.com/sites/launch/Shared Documents/Security Questionnaire.docx","Security Questionnaire.docx","",""
"2026-08-30T15:06:27Z","7e608e2f-650e-0d05-55d1-18ad4d3e6789","SharingSet","logan.quintero@example.com","SharePoint","https://example.sharepoint.com/sites/sunfish/","https://example.sharepoint.com/sites/sunfish/Shared Documents/Security Questionnaire.docx","Security Questionnaire.docx","indigo.rasmussen@partner10.example.com","Guest"
"2026-08-30T16:18:07Z","f81bcef0-0c4e-1a47-9edb-a39372593bf2","AnonymousLinkUsed","urn:spo:anon#158402","OneDrive","https://example-my.sharepoint.com/personal/avery_abara_example_com/","https://example-my.sharepoint.com/personal/avery_abara_example_com/Shared Documents/Test Results.xlsx","Test Results.xlsx","",""
"2026-08-30T16:18:44Z","e2ecd7d7-f3cd-8706-fc78-1576d1dd72c9","AnonymousLinkUsed","urn:spo:anon#310247","SharePoint","https://example.sharepoint.com/sites/northwind/","https://example.sharepoint.com/sites/northwind/Shared Documents/Migration Plan.docx","Migration Plan.docx","",""
"2026-08-30T17:23:51Z","788a0d27-7be7-47af-5b89-41c0f5c379c0","SecureLinkUsed","yael.ibarra@partner2.example.com","SharePoint","https://example.sharepoint.com/sites/sunfish/","https://example.sharepoint.com/sites/sunfish/Shared Documents/Meeting Notes.docx","Meeting Notes.docx","yael.ibarra@partner2.example.com","Guest"
"2026-08-30T17:41:56Z","3962c6be-95c4-4cb3-8157-c5be4634bcc8","SecureLinkUsed","finley.chaudhry@partner10.example.com","SharePoint","https://example.sharepoint.com/sites/northwind/","https://example.sharepoint.com/sites/northwind/Shared Documents/Statement of Work.docx","Statement of Work.docx","finley.chaudhry@partner10.example.com","Guest"
"2026-08-30T18:24:07Z","0d2aefd3-7a54-2c67-b179-ad06d8fe488f","SecureLinkUsed","yael.ibarra@partner2.example.com","SharePoint","https://example.sharepoint.com/sites/vendors/","https://example.sharepoint.com/sites/vendors/Shared Documents/Pricing Model.xlsx","Pricing Model.xlsx","yael.ibarra@partner2.example.com","Guest"
"2026-08-30T18:50:21Z","9c6eaa9f-8b6a-aca2-de0d-2420fdd03c55","AnonymousLinkUsed","urn:spo:anon#699217","SharePoint","https://example.sharepoint.com/sites/sunfish/","https://example.sharepoint.com/sites/sunfish/Shared Documents/Architecture Review.pptx","Architecture Review.pptx","",""
"2026-08-30T19:03:04Z","631601cf-6f0f-0a71-1ba9-d0ed88971119","AnonymousLinkUsed","urn:spo:anon#256114","OneDrive","https://example-my.sharepoint.com/personal/avery_abara_example_com/","https://example-my.sharepoint.com/personal/avery_abara_example_com/Shared Documents/Security Questionnaire.docx","Security Questionnaire.docx","",""
"2026-08-30T19:27:44Z","046544d4-dd7e-fbef-52a4-aec4af254b85","SharingSet","indigo.yilmaz@example.com","OneDrive","https://example-my.sharepoint.com/personal/avery_abara_example_com/","https://example-my.sharepoint.com/personal/avery_abara_example_com/Shared Documents/Security Questionnaire.docx","Security Questionnaire.docx","drew.haddad@partner4.example.com","Guest"
"2026-08-30T19:47:13Z","c9669ddf-07fd-eee0-f6bd-0f6734db4487","SecureLinkUsed","avery.haddad@partner5.example.com","SharePoint","https://example.sharepoint.com/sites/launch/","https://example.sharepoint.com/sites/launch/Shared Documents/Architecture Review.pptx","Architecture Review.pptx","avery.haddad@partner5.example.com","Guest"
"2026-08-30T19:50:31Z","823fb454-bf21-e981-8e8e-c64df6654516","SecureLinkUsed","oakley.xiong@partner1.example.com","OneDrive","https://example-my.sharepoint.com/personal/avery_abara_example_com/","https://example-my.sharepoint.com/personal/avery_abara_example_com/Shared Documents/Test Results.xlsx","Test Results.xlsx","oakley.xiong@partner1.example.com","Guest"
"2026-08-31T07:24:12Z","ae6c6318-4570-2d30-0382-a0dbfd77711a","AnonymousLinkRemoved","wren.rasmussen@example.com","OneDrive","https://example-my.sharepoint.com/personal/avery_abara_example_com/","https://example-my.sharepoint.com/personal/avery_abara_example_com/Shared Documents/Test Results.xlsx","Test Results.xlsx","",""
"2026-08-31T08:03:42Z","07d65996-8a7e-a5bc-46c2-4a139993a915","AnonymousLinkUsed","urn:spo:anon#393468","SharePoint","https://example.sharepoint.com/sites/vendors/","https://example.sharepoint.com/sites/vendors/Shared Documents/Test Results.xlsx","Test Results.xlsx","",""
"2026-08-31T08:41:34Z","59bd54b4-7160-903b-7ce4-aa55eb793a12","SecureLinkUsed","vale.quintero@partner8.example.com","SharePoint","https://example.sharepoint.com/sites/vendors/","https://example.sharepoint.com/sites/vendors/Shared Documents/Migration Plan.docx","Migration Plan.docx","vale.quintero@partner8.example.com","Guest"
"2026-08-31T08:58:31Z","4cb780c1-5d84-9c82-89b6-d32595739242","AnonymousLinkUsed","urn:spo:anon#401102","OneDrive","https://example-my.sharepoint.com/personal/avery_abara_example_com/","https://example-my.sharepoint.com/personal/avery_abara_example_com/Shared Documents/Rollout Schedule.xlsx","Rollout Schedule.xlsx","",""
"2026-08-31T09:53:43Z","bf3901e7-a392-5920-0164-a823a5e2faae","AnonymousLinkUsed","urn:spo:anon#925609","SharePoint","https://example.sharepoint.com/sites/launch/","https://example.sharepoint.com/sites/launch/Shared Documents/Pricing Model.xlsx","Pricing Model.xlsx","",""
"2026-08-31T09:54:45Z","f07dc7d1-270a-3717-1a2b-39e0c7afcbcc","AnonymousLinkUsed","urn:spo:anon#558085","SharePoint","https://example.sharepoint.com/sites/northwind/","https://example.sharepoint.com/sites/northwind/Shared Documents/Architecture Review.pptx","Architecture Review.pptx","",""
"2026-08-31T10:49:05Z","91f81259-f280-36c0-573d-569f7379c12f","AnonymousLinkUsed","urn:spo:anon#562901","SharePoint","https://example.sharepoint.com/sites/northwind/","https://example.sharepoint.com/sites/northwind/Shared Documents/Meeting Notes.docx","Meeting Notes.docx","",""
"2026-08-31T11:27:24Z","dbe59e78-2334-edc0-766f-324fa8b1903b","SharingSet","tatum.yilmaz@example.com","SharePoint","https://example.sharepoint.com/sites/launch/","https://example.sharepoint.com/sites/launch/Shared Documents/Pricing Model.xlsx","Pricing Model.xlsx","noor.yilmaz@partner12.example.com","Guest"
"2026-08-31T11:43:17Z","32445786-e75d-881b-b648-240b8e1f3b72","SecureLinkUsed","logan.fontaine@partner11.example.com","SharePoint","https://example.sharepoint.com/sites/vendors/","https://example.sharepoint.com/sites/vendors/Shared Documents/Architecture Review.pptx","Architecture Review.pptx","logan.fontaine@partner11.example.com","Guest"
"2026-08-31T12:23:05Z","7ada62f5-6e04-c5f4-2b01-9d22e3bceb63","AnonymousLinkUsed","urn:spo:anon#525615","SharePoint","https://example.sharepoint.com/sites/sunfish/","https://example.sharepoint.com/sites/sunfish/Shared Documents/Rollout Schedule.xlsx","Rollout Schedule.xlsx","",""
"2026-08-31T12:27:13Z","966d981e-46af-184b-62a9-24c512eb81b9","SharingSet","tatum.rasmussen@example.com","OneDrive","https://example-my.sharepoint.com/personal/avery_abara_example_com/","https://example-my.sharepoint.com/personal/avery_abara_example_com/Shared Documents/Pricing Model.xlsx","Pricing Model.xlsx","finley.lindqvist@partner9.example.com","Guest"
"2026-08-31T12:34:28Z","cd245818-e990-d8f3-5aed-a45bcc4f92ce","SharingInvitationRevoked","blair.rasmussen2@example.com","SharePoint","https://example.sharepoint.com/sites/sunfish/","https://example.sharepoint.com/sites/sunfish/Shared Documents/Statement of Work.docx","Statement of Work.docx","drew.ueda@partner2.example.com","Guest"
"2026-08-31T13:33:24Z","47ad195a-744d-9269-3b82-d3f0990bf99c","SharingSet","drew.jovanovic@example.com","SharePoint","https://example.sharepoint.com/sites/sunfish/","https://example.sharepoint.com/sites/sunfish/Shared Documents/Security Questionnaire.docx","Security Questionnaire.docx","parker.takahashi@partner7.example.com","Guest"
"2026-08-31T13:52:22Z","0f2043f7-565e-9b5b-5ac1-83d6896f7d72","SharingSet","emery.jovanovic@example.com","SharePoint","https://example.sharepoint.com/sites/northwind/","https://example.sharepoint.com/sites/northwind/Shared Documents/Pricing Model.xlsx","Pricing Model.xlsx","yael.ibarra@partner2.example.com","Guest"
"2026-08-31T14:18:03Z","0ae105f5-d6b8-636f-676d-2e962e37deb0","SharingSet","blair.gallagher@example.com","SharePoint","https://example.sharepoint.com/sites/northwind/","https://example.sharepoint.com/sites/northwind/Shared Documents/Architecture Review.pptx","Architecture Review.pptx","finley.chaudhry@partner10.example.com","Guest"
"2026-08-31T14:18:17Z","f9db49c8-4054-c73c-f39f-5b1ca2d4b399","AnonymousLinkUsed","urn:spo:anon#577170","SharePoint","https://example.sharepoint.com/sites/northwind/","https://example.sharepoint.com/sites/northwind/Shared Documents/Migration Plan.docx","Migration Plan.docx","",""
"2026-08-31T14:25:31Z","3a1afb5a-c31b-8e93-fc65-06c60eb0ab18","SharingSet","parker.zawadzki@example.com","SharePoint","https://example.sharepoint.com/sites/launch/","https://example.sharepoint.com/sites/launch/Shared Documents/Security Questionnaire.docx","Security Questionnaire.docx","zephyr.zawadzki@partner6.example.com","Guest"
"2026-08-31T14:34:34Z","9bf40d59-3e0f-2a3d-d39e-3214b1b0c465","SecureLinkUsed","zephyr.bergstrom@partner12.example.com","SharePoint","https://example.sharepoint.com/sites/northwind/","https://example.sharepoint.com/sites/northwind/Shared Documents/Rollout Schedule.xlsx","Rollout Schedule.xlsx","zephyr.bergstrom@partner12.example.com","Guest"
"2026-08-31T15:14:11Z","09fbd3d2-d190-6a51-01e0-56a712b29396","AnonymousLinkUsed","urn:spo:anon#224243","SharePoint","https://example.sharepoint.com/sites/northwind/","https://example.sharepoint.com/sites/northwind/Shared Documents/Migration Plan.docx","Migration Plan.docx","",""
"2026-08-31T15:31:14Z","f2f9d203-9de6-e9bc-5d37-d86aa218266f","AnonymousLinkUsed","urn:spo:anon#593376","SharePoint","https://example.sharepoint.com/sites/launch/","https://example.sharepoint.com/sites/launch/Shared Documents/Rollout Schedule.xlsx","Rollout Schedule.xlsx","",""
"2026-08-31T17:15:58Z","1a76e673-e890-c395-7f4b-17d7a163c2bd","SharingSet","noor.vasquez@example.com","SharePoint","https://example.sharepoint.com/sites/launch/","https://example.sharepoint.com/sites/launch/Shared Documents/Statement of Work.docx","Statement of Work.docx","emery.yilmaz@partner4.example.com","Guest"
"2026-08-31T17:39:48Z","6e1576af-566b-388e-5290-5c93d498e4a8","AnonymousLinkUsed","urn:spo:anon#635415","SharePoint","https://example.sharepoint.com/sites/northwind/","https://example.sharepoint.com/sites/northwind/Shared Documents/Rollout Schedule.xlsx","Rollout Schedule.xlsx","",""
"2026-08-31T18:10:05Z","a3034cd5-720d-a12b-5a61-d74f5d253539","AnonymousLinkUsed","urn:spo:anon#540152","SharePoint","https://example.sharepoint.com/sites/vendors/","https://example.sharepoint.com/sites/vendors/Shared Documents/Statement of Work.docx","Statement of Work.docx","",""
"2026-08-31T18:28:18Z","70b7ef0d-9138-2aaa-db77-3137735a6a88","AnonymousLinkUsed","urn:spo:anon#453035","SharePoint","https://example.sharepoint.com/sites/sunfish/","https://example.sharepoint.com/sites/sunfish/Shared Documents/Architecture Review.pptx","Architecture Review.pptx","",""
