"RunDate","Id","DisplayName","UserPrincipalName","Mail","UserType","AccountEnabled","CreatedDateTime","Department","JobTitle","City","Country","ManagerId","ManagerUserPrincipalName"
"2026-04-01","d01fa0f0-8491-6aec-ff4e-305b600a5d77","Harper Jovanovic","harper.jovanovic@example.com","harper.jovanovic@example.com","Member","True","2025-07-06T00:00:00Z","Operations","Chief Executive","Austin","US",,
"2026-04-01","01e26f3d-33e5-1b75-67e6-dc93d37f23ec","Quinn Kowalski","quinn.kowalski@example.com","quinn.kowalski@example.com","Member","True","2022-03-24T00:00:00Z","Engineering","Director, Engineering","Toronto","CA","d01fa0f0-8491-6aec-ff4e-305b600a5d77","harper.jovanovic@example.com"
"2026-04-01","7a5172e6-1e09-fb9d-0174-040e1f69f280","Blair Zawadzki","blair.zawadzki@example.com","blair.zawadzki@example.com","Member","True","2024-11-24T00:00:00Z","Sales","Director, Sales","Toronto","CA","d01fa0f0-8491-6aec-ff4e-305b600a5d77","harper.jovanovic@example.com"
"2026-04-01","1902d00f-9d72-e088-e671-a3c33c8c48ca","Tatum Chaudhry","tatum.chaudhry@example.com","tatum.chaudhry@example.com","Member","True","2024-04-29T00:00:00Z","Marketing","Director, Marketing","Toronto","CA","d01fa0f0-8491-6aec-ff4e-305b600a5d77","harper.jovanovic@example.com"
"2026-04-01","f31a7995-cde1-6973-8ca2-2fb689567c15","Sage Delacroix","sage.delacroix@example.com","sage.delacroix@example.com","Member","True","2024-11-04T00:00:00Z","Finance","Director, Finance","Dublin","IE","d01fa0f0-8491-6aec-ff4e-305b600a5d77","harper.jovanovic@example.com"
"2026-04-01","8f14bc96-41d1-93d1-2028-62542524c795","Zephyr Bergstrom","zephyr.bergstrom@example.com","zephyr.bergstrom@example.com","Member","True","2025-10-16T00:00:00Z","Operations","Director, Operations","Toronto","CA","d01fa0f0-8491-6aec-ff4e-305b600a5d77","harper.jovanovic@example.com"
"2026-04-01","44541f2a-ed42-e639-0f32-5ae6608c30d8","Oakley Moreau","oakley.moreau@example.com","oakley.moreau@example.com","Member","True","2022-09-02T00:00:00Z","Legal","Director, Legal","Austin","US","d01fa0f0-8491-6aec-ff4e-305b600a5d77","harper.jovanovic@example.com"
"2026-04-01","6348e0fb-da40-6590-8ee7-5f6000634176","Noor Gallagher","noor.gallagher@example.com","noor.gallagher@example.com","Member","True","2023-06-20T00:00:00Z","Engineering","Engineering Manager","Toronto","CA","01e26f3d-33e5-1b75-67e6-dc93d37f23ec","quinn.kowalski@example.com"
"2026-04-01","ed83eb08-7cce-99f3-f4ee-302aee96a84a","Vale Takahashi","vale.takahashi@example.com","vale.takahashi@example.com","Member","True","2023-11-29T00:00:00Z","Sales","Sales Manager","Toronto","CA","7a5172e6-1e09-fb9d-0174-040e1f69f280","blair.zawadzki@example.com"
"2026-04-01","2857d35c-f9d2-fce5-4bb9-70953e3c9810","Marlowe Gallagher","marlowe.gallagher@example.com","marlowe.gallagher@example.com","Member","True","2024-03-03T00:00:00Z","Marketing","Marketing Manager","Seattle","US","1902d00f-9d72-e088-e671-a3c33c8c48ca","tatum.chaudhry@example.com"
"2026-04-01","9f71f7e6-35b7-6972-bbf6-a078cbe48834","Wren Petrov","wren.petrov@example.com","wren.petrov@example.com","Member","True","2023-10-13T00:00:00Z","Finance","Finance Manager","Seattle","US","f31a7995-cde1-6973-8ca2-2fb689567c15","sage.delacroix@example.com"
"2026-04-01","3a4ef796-9a7e-b1eb-fe97-ee7b5a408165","Avery Xiong","avery.xiong@example.com","avery.xiong@example.com","Member","True","2024-02-14T00:00:00Z","Operations","Operations Manager","Sydney","AU","8f14bc96-41d1-93d1-2028-62542524c795","zephyr.bergstrom@example.com"
"2026-04-01","54417c87-f819-5aca-b463-7c013fc02def","Jordan Kowalski","jordan.kowalski@example.com","jordan.kowalski@example.com","Member","True","2025-04-20T00:00:00Z","Legal","Legal Manager","Dublin","IE","44541f2a-ed42-e639-0f32-5ae6608c30d8","oakley.moreau@example.com"
"2026-04-01","236bc049-2408-8b1d-6323-d2dbe97d4d19","Parker Chaudhry","parker.chaudhry@example.com","parker.chaudhry@example.com","Member","True","2023-05-26T00:00:00Z","Engineering","Engineering Manager","Seattle","US","01e26f3d-33e5-1b75-67e6-dc93d37f23ec","quinn.kowalski@example.com"
"2026-04-01","9afd91cf-ec1b-9a3b-1291-bb2b975453c6","Sage Moreau","sage.moreau@example.com","sage.moreau@example.com","Member","True","2021-12-17T00:00:00Z","Sales","Sales Manager","Austin","US","7a5172e6-1e09-fb9d-0174-040e1f69f280","blair.zawadzki@example.com"
"2026-04-01","90f63fda-a191-c217-7214-3aaf159a4db8","Vale Vasquez","vale.vasquez@example.com","vale.vasquez@example.com","Member","True","2025-11-21T00:00:00Z","Marketing","Marketing Manager","Austin","US","1902d00f-9d72-e088-e671-a3c33c8c48ca","tatum.chaudhry@example.com"
"2026-04-01","d17983e9-a667-9543-2987-0897ad2dab90","Yael Nakamura","yael.nakamura@example.com","yael.nakamura@example.com","Member","True","2023-05-04T00:00:00Z","Finance","Finance Manager","Sydney","AU","f31a7995-cde1-6973-8ca2-2fb689567c15","sage.delacroix@example.com"
"2026-04-01","fe2779d4-0c57-fc16-069b-0340152f0b57","Quinn Kowalski","quinn.kowalski2@example.com","quinn.kowalski2@example.com","Member","True","2021-12-13T00:00:00Z","Operations","Operations Manager","Austin","US","8f14bc96-41d1-93d1-2028-62542524c795","zephyr.bergstrom@example.com"
"2026-04-01","eb98825d-a20b-e701-efbc-1d56c88f4770","Noor Vasquez","noor.vasquez@example.com","noor.vasquez@example.com","Member","True","2025-11-25T00:00:00Z","Legal","Legal Manager","Toronto","CA","44541f2a-ed42-e639-0f32-5ae6608c30d8","oakley.moreau@example.com"
"2026-04-01","8e8e478f-c884-7d82-2153-ca75421c1b52","Sage Quintero","sage.quintero@example.com","sage.quintero@example.com","Member","True","2025-04-14T00:00:00Z","Engineering","Engineering Manager","Toronto","CA","01e26f3d-33e5-1b75-67e6-dc93d37f23ec","quinn.kowalski@example.com"
"2026-04-01","490d2e0b-ac7e-8677-e89b-fb4babcf5c16","Quinn Eriksen","quinn.eriksen@example.com","quinn.eriksen@example.com","Member","True","2025-08-22T00:00:00Z","Sales","Sales Manager","Dublin","IE","7a5172e6-1e09-fb9d-0174-040e1f69f280","blair.zawadzki@example.com"
"2026-04-01","9bc6831f-a8f2-ab13-73f4-8f2087c44f60","Vale Kowalski","vale.kowalski@example.com","vale.kowalski@example.com","Member","True","2024-06-06T00:00:00Z","Marketing","Marketing Manager","Austin","US","1902d00f-9d72-e088-e671-a3c33c8c48ca","tatum.chaudhry@example.com"
"2026-04-01","8695fc51-7f57-73c9-c005-5ed5d4b09587","Noor Zawadzki","noor.zawadzki@example.com","noor.zawadzki@example.com","Member","True","2023-05-22T00:00:00Z","Finance","Finance Manager","Seattle","US","f31a7995-cde1-6973-8ca2-2fb689567c15","sage.delacroix@example.com"
"2026-04-01","f412cb99-db0b-e7c3-7ffb-dcaffa90f123","Blair Rasmussen","blair.rasmussen@example.com","blair.rasmussen@example.com","Member","True","2023-10-01T00:00:00Z","Operations","Operations Manager","Toronto","CA","8f14bc96-41d1-93d1-2028-62542524c795","zephyr.bergstrom@example.com"
"2026-04-01","6eeb9fdf-ba96-d64c-2ec8-f7c9ec3a3d85","Oakley Fontaine","oakley.fontaine@example.com","oakley.fontaine@example.com","Member","True","2025-10-03T00:00:00Z","Legal","Legal Manager","Sydney","AU","44541f2a-ed42-e639-0f32-5ae6608c30d8","oakley.moreau@example.com"
"2026-04-01","c4f3e1bb-ae28-43da-bf72-98292ce4f6f9","Wren Gallagher","wren.gallagher@example.com","wren.gallagher@example.com","Member","True","2022-02-14T00:00:00Z","Sales","Sales Specialist","Austin","US","9afd91cf-ec1b-9a3b-1291-bb2b975453c6","sage.moreau@example.com"
"2026-04-01","b7b9ed8f-1203-c0c2-526b-394dc4c7b7fd","Sage Silva","sage.silva@example.com","sage.silva@example.com","Member","True","2025-09-08T00:00:00Z","Marketing","Marketing Specialist","Toronto","CA","2857d35c-f9d2-fce5-4bb9-70953e3c9810","marlowe.gallagher@example.com"
"2026-04-01","bb1608e0-ce2f-089c-4344-a546432aedce","Emery Silva","emery.silva@example.com","emery.silva@example.com","Member","True","2022-12-13T00:00:00Z","Finance","Finance Specialist","Toronto","CA","d17983e9-a667-9543-2987-0897ad2dab90","yael.nakamura@example.com"
"2026-04-01","54f119eb-4b39-6464-2df8-4db85e757087","Kai Silva","kai.silva@example.com","kai.silva@example.com","Member","True","2025-03-03T00:00:00Z","Operations","Operations Specialist","Seattle","US","fe2779d4-0c57-fc16-069b-0340152f0b57","quinn.kowalski2@example.com"
"2026-04-01","0e7cba76-f2c5-990a-dae8-d56f662ffbc6","Gray Haddad","gray.haddad@example.com","gray.haddad@example.com","Member","True","2025-11-30T00:00:00Z","Legal","Legal Specialist","Sydney","AU","54417c87-f819-5aca-b463-7c013fc02def","jordan.kowalski@example.com"
"2026-04-01","4ada376a-ecf6-cde8-b965-f829b48b9f31","Indigo Xiong","indigo.xiong@example.com","indigo.xiong@example.com","Member","True","2021-12-31T00:00:00Z","Engineering","Engineering Specialist","Seattle","US","6348e0fb-da40-6590-8ee7-5f6000634176","noor.gallagher@example.com"
"2026-04-01","448aca40-dd22-2e52-7aaa-70137ca4ca3e","Wren Zawadzki","wren.zawadzki@example.com","wren.zawadzki@example.com","Member","True","2025-11-02T00:00:00Z","Sales","Sales Specialist","Toronto","CA","9afd91cf-ec1b-9a3b-1291-bb2b975453c6","sage.moreau@example.com"
"2026-04-01","74df3d0a-acf0-dabb-8fca-2934333ba39f","Blair Nakamura","blair.nakamura@example.com","blair.nakamura@example.com","Member","True","2024-04-14T00:00:00Z","Marketing","Marketing Specialist","Dublin","IE","9bc6831f-a8f2-ab13-73f4-8f2087c44f60","vale.kowalski@example.com"
"2026-04-01","0f52b99a-e4f5-0fad-c160-516acbb63c03","Xan Whitfield","xan.whitfield@example.com","xan.whitfield@example.com","Member","True","2022-01-27T00:00:00Z","Finance","Finance Specialist","Seattle","US","d17983e9-a667-9543-2987-0897ad2dab90","yael.nakamura@example.com"
"2026-04-01","af9e7722-3b81-41e0-002b-914a0afe3d50","Emery Jovanovic","emery.jovanovic@example.com","emery.jovanovic@example.com","Member","True","2024-05-07T00:00:00Z","Operations","Operations Specialist","Dublin","IE","fe2779d4-0c57-fc16-069b-0340152f0b57","quinn.kowalski2@example.com"
"2026-04-01","2e19abff-be79-7c68-ffa0-b49841b1f723","Oakley Xiong","oakley.xiong@example.com","oakley.xiong@example.com","Member","True","2025-04-21T00:00:00Z","Legal","Legal Specialist","Sydney","AU","54417c87-f819-5aca-b463-7c013fc02def","jordan.kowalski@example.com"
"2026-04-01","950e6b04-07cf-cc60-78eb-181a96487776","Gray Haddad","gray.haddad2@example.com","gray.haddad2@example.com","Member","True","2025-11-02T00:00:00Z","Engineering","Engineering Specialist","Seattle","US","6348e0fb-da40-6590-8ee7-5f6000634176","noor.gallagher@example.com"
"2026-04-01","604163d3-f977-5808-071a-354742c40793","Xan Quintero","xan.quintero@example.com","xan.quintero@example.com","Member","True","2022-07-08T00:00:00Z","Sales","Sales Specialist","Toronto","CA","9afd91cf-ec1b-9a3b-1291-bb2b975453c6","sage.moreau@example.com"
"2026-04-01","13049b5d-9987-f801-3a80-c5ab6ccbe7a0","Casey Ibarra","casey.ibarra@example.com","casey.ibarra@example.com","Member","True","2021-12-04T00:00:00Z","Marketing","Marketing Specialist","Sydney","AU","90f63fda-a191-c217-7214-3aaf159a4db8","vale.vasquez@example.com"
"2026-04-01","5dc507fe-d1b5-d1d8-40e3-d9d910c46537","Blair Eriksen","blair.eriksen@example.com","blair.eriksen@example.com","Member","True","2025-08-10T00:00:00Z","Finance","Finance Specialist","Austin","US","9f71f7e6-35b7-6972-bbf6-a078cbe48834","wren.petrov@example.com"
"2026-04-01","861e0ff7-8a55-76da-dd67-69ee65897355","Harper Quintero","harper.quintero@example.com","harper.quintero@example.com","Member","True","2024-11-11T00:00:00Z","Operations","Operations Specialist","Dublin","IE","3a4ef796-9a7e-b1eb-fe97-ee7b5a408165","avery.xiong@example.com"
"2026-04-01","56b830c1-eba7-a79a-66af-41fbd440deee","Reese Ueda","reese.ueda@example.com","reese.ueda@example.com","Member","True","2023-12-23T00:00:00Z","Legal","Legal Specialist","Dublin","IE","54417c87-f819-5aca-b463-7c013fc02def","jordan.kowalski@example.com"
"2026-04-01","d9f361f7-ea7a-8774-510f-60b8d0241bc6","Vale Bergstrom","vale.bergstrom@example.com","vale.bergstrom@example.com","Member","True","2023-11-20T00:00:00Z","Engineering","Engineering Specialist","Toronto","CA","6348e0fb-da40-6590-8ee7-5f6000634176","noor.gallagher@example.com"
"2026-04-01","2d1032ef-6d25-251a-aa84-6c979e32be60","Vale Ueda","vale.ueda@example.com","vale.ueda@example.com","Member","True","2022-11-29T00:00:00Z","Sales","Sales Specialist","Dublin","IE","490d2e0b-ac7e-8677-e89b-fb4babcf5c16","quinn.eriksen@example.com"
"2026-04-01","57561377-894e-b02b-2418-97215f9d3cc4","Sage Haddad","sage.haddad@example.com","sage.haddad@example.com","Member","True","2025-10-05T00:00:00Z","Marketing","Marketing Specialist","Austin","US","90f63fda-a191-c217-7214-3aaf159a4db8","vale.vasquez@example.com"
"2026-04-01","ccdd4ed0-c9a3-9e19-65bb-8a78eb23f3dc","Wren Petrov","wren.petrov2@example.com","wren.petrov2@example.com","Member","True","2024-11-03T00:00:00Z","Finance","Finance Specialist","Toronto","CA","d17983e9-a667-9543-2987-0897ad2dab90","yael.nakamura@example.com"
"2026-04-01","92006a42-4aed-0138-f6f9-0f762bcfeb28","Emery Xiong","emery.xiong@example.com","emery.xiong@example.com","Member","True","2022-02-18T00:00:00Z","Operations","Operations Specialist","Sydney","AU","f412cb99-db0b-e7c3-7ffb-dcaffa90f123","blair.rasmussen@example.com"
"2026-04-01","694a8c6f-1e8e-3b36-aa5f-e897e616ca66","Noor Bergstrom","noor.bergstrom@example.com","noor.bergstrom@example.com","Member","True","2024-03-14T00:00:00Z","Legal","Legal Specialist","Dublin","IE","eb98825d-a20b-e701-efbc-1d56c88f4770","noor.vasquez@example.com"
"2026-04-01","6ba81891-13ab-1b4d-37cb-a65205592db5","Harper Ueda","harper.ueda@example.com","harper.ueda@example.com","Member","True","2022-11-26T00:00:00Z","Engineering","Engineering Specialist","Dublin","IE","6348e0fb-da40-6590-8ee7-5f6000634176","noor.gallagher@example.com"
"2026-04-01","9657fc14-7711-148f-0585-d9eaa95bf456","Umi Xiong","umi.xiong@example.com","umi.xiong@example.com","Member","True","2022-12-28T00:00:00Z","Sales","Sales Specialist","Dublin","IE","490d2e0b-ac7e-8677-e89b-fb4babcf5c16","quinn.eriksen@example.com"
"2026-04-01","de031ad0-95b9-8d92-e914-46b747114494","Logan Okonkwo","logan.okonkwo@example.com","logan.okonkwo@example.com","Member","True","2023-09-08T00:00:00Z","Marketing","Marketing Specialist","Sydney","AU","9bc6831f-a8f2-ab13-73f4-8f2087c44f60","vale.kowalski@example.com"
"2026-04-01","b2163983-bbf1-a9a8-64d6-d041d988fdfa","Tatum Gallagher","tatum.gallagher@example.com","tatum.gallagher@example.com","Member","True","2025-03-16T00:00:00Z","Finance","Finance Specialist","Dublin","IE","8695fc51-7f57-73c9-c005-5ed5d4b09587","noor.zawadzki@example.com"
"2026-04-01","f02b02e4-223f-98a3-1760-95d28489f797","Finley Delacroix","finley.delacroix@example.com","finley.delacroix@example.com","Member","True","2022-01-21T00:00:00Z","Operations","Operations Specialist","Austin","US","fe2779d4-0c57-fc16-069b-0340152f0b57","quinn.kowalski2@example.com"
"2026-04-01","1228e9ec-0543-bede-1349-9a4934de4f80","Tatum Rasmussen","tatum.rasmussen@example.com","tatum.rasmussen@example.com","Member","True","2025-06-10T00:00:00Z","Legal","Legal Specialist","Dublin","IE","54417c87-f819-5aca-b463-7c013fc02def","jordan.kowalski@example.com"
"2026-04-01","04921018-fd41-50bd-9166-f6a78adf8ffb","Logan Whitfield","logan.whitfield@example.com","logan.whitfield@example.com","Member","True","2022-12-29T00:00:00Z","Engineering","Engineering Specialist","Sydney","AU","8e8e478f-c884-7d82-2153-ca75421c1b52","sage.quintero@example.com"
"2026-04-01","cd84e443-4bc5-a69e-3976-89dede1ee5db","Avery Delacroix","avery.delacroix@example.com","avery.delacroix@example.com","Member","True","2025-08-04T00:00:00Z","Sales","Sales Specialist","Seattle","US","9afd91cf-ec1b-9a3b-1291-bb2b975453c6","sage.moreau@example.com"
"2026-04-01","ad2d8e48-f353-55be-4e54-a7f578388b33","Blair Gallagher","blair.gallagher@example.com","blair.gallagher@example.com","Member","True","2023-10-26T00:00:00Z","Marketing","Marketing Specialist","Sydney","AU","9bc6831f-a8f2-ab13-73f4-8f2087c44f60","vale.kowalski@example.com"
"2026-04-01","1a16165f-17dc-6bc8-fab3-a4b54867f2b5","Marlowe Bergstrom","marlowe.bergstrom@example.com","marlowe.bergstrom@example.com","Member","True","2022-06-23T00:00:00Z","Finance","Finance Specialist","Austin","US","8695fc51-7f57-73c9-c005-5ed5d4b09587","noor.zawadzki@example.com"
"2026-04-01","e557498c-94cf-a666-93b1-5092e4d9e631","Noor Ueda","noor.ueda@example.com","noor.ueda@example.com","Member","True","2024-01-12T00:00:00Z","Operations","Operations Specialist","Seattle","US","f412cb99-db0b-e7c3-7ffb-dcaffa90f123","blair.rasmussen@example.com"
"2026-04-01","9a5a522a-f1af-11ac-46d5-7bb44a6d6916","Logan Ueda","logan.ueda@example.com","logan.ueda@example.com","Member","True","2021-12-22T00:00:00Z","Legal","Legal Specialist","Seattle","US","6eeb9fdf-ba96-d64c-2ec8-f7c9ec3a3d85","oakley.fontaine@example.com"
"2026-04-01","48d822b1-1163-6ed0-80c0-3ea5063da739","Noor Chaudhry","noor.chaudhry@example.com","noor.chaudhry@example.com","Member","True","2022-12-31T00:00:00Z","Engineering","Engineering Specialist","Austin","US","6348e0fb-da40-6590-8ee7-5f6000634176","noor.gallagher@example.com"
"2026-04-01","be5f55e8-9c35-7747-70d0-7245c7888a08","Quinn Silva","quinn.silva@example.com","quinn.silva@example.com","Member","True","2023-01-28T00:00:00Z","Sales","Sales Specialist","Seattle","US","9afd91cf-ec1b-9a3b-1291-bb2b975453c6","sage.moreau@example.com"
"2026-04-01","85903d20-d697-0dad-c52f-2701fb6d605c","Tatum Yilmaz","tatum.yilmaz@example.com","tatum.yilmaz@example.com","Member","True","2025-02-19T00:00:00Z","Marketing","Marketing Specialist","Toronto","CA","2857d35c-f9d2-fce5-4bb9-70953e3c9810","marlowe.gallagher@example.com"
"2026-04-01","b0fe58ca-f84e-7ede-b39e-bfdc8698bdaa","Gray Zawadzki","gray.zawadzki@example.com","gray.zawadzki@example.com","Member","True","2023-03-10T00:00:00Z","Finance","Finance Specialist","Sydney","AU","d17983e9-a667-9543-2987-0897ad2dab90","yael.nakamura@example.com"
"2026-04-01","41b23aef-70a8-5a4a-282e-4560fe6fd3c8","Noor Petrov","noor.petrov@example.com","noor.petrov@example.com","Member","True","2024-10-27T00:00:00Z","Operations","Operations Specialist","Toronto","CA","f412cb99-db0b-e7c3-7ffb-dcaffa90f123","blair.rasmussen@example.com"
"2026-04-01","27592ff8-4a70-637a-afb5-97e9f3b3d78f","Yael Vasquez","yael.vasquez@example.com","yael.vasquez@example.com","Member","True","2023-05-02T00:00:00Z","Legal","Legal Specialist","Austin","US","eb98825d-a20b-e701-efbc-1d56c88f4770","noor.vasquez@example.com"
"2026-04-01","845683ad-5e59-16de-c4f5-6be4a28767c0","Finley Nakamura","finley.nakamura@example.com","finley.nakamura@example.com","Member","True","2022-04-01T00:00:00Z","Engineering","Engineering Specialist","Austin","US","8e8e478f-c884-7d82-2153-ca75421c1b52","sage.quintero@example.com"
"2026-04-01","72aae6f6-5b96-4b6c-9844-2182d858f174","Yael Quintero","yael.quintero@example.com","yael.quintero@example.com","Member","True","2022-05-22T00:00:00Z","Sales","Sales Specialist","Dublin","IE","9afd91cf-ec1b-9a3b-1291-bb2b975453c6","sage.moreau@example.com"
"2026-04-01","ba9f636c-b34a-6c47-4b17-ae1beca9e8c7","Emery Quintero","emery.quintero@example.com","emery.quintero@example.com","Member","True","2024-02-28T00:00:00Z","Marketing","Marketing Specialist","Toronto","CA","2857d35c-f9d2-fce5-4bb9-70953e3c9810","marlowe.gallagher@example.com"
"2026-04-01","807e92f1-e9d3-4a0c-96f3-e70bbdbef292","Tatum Ibarra","tatum.ibarra@example.com","tatum.ibarra@example.com","Member","True","2024-04-03T00:00:00Z","Finance","Finance Specialist","Sydney","AU","9f71f7e6-35b7-6972-bbf6-a078cbe48834","wren.petrov@example.com"
"2026-04-01","80ff0014-0596-2f95-7029-9af5e6cf1fd9","Oakley Vasquez","oakley.vasquez@example.com","oakley.vasquez@example.com","Member","True","2024-05-06T00:00:00Z","Operations","Operations Specialist","Dublin","IE","fe2779d4-0c57-fc16-069b-0340152f0b57","quinn.kowalski2@example.com"
"2026-04-01","58d6fca6-a230-2d5e-b656-80e9bb0ae9f1","Yael Eriksen","yael.eriksen@example.com","yael.eriksen@example.com","Member","True","2024-07-31T00:00:00Z","Legal","Legal Specialist","Austin","US","6eeb9fdf-ba96-d64c-2ec8-f7c9ec3a3d85","oakley.fontaine@example.com"
"2026-04-01","6cd9dc53-f258-ed24-9f18-ac2808c63c17","Casey Yilmaz","casey.yilmaz@example.com","casey.yilmaz@example.com","Member","True","2024-10-21T00:00:00Z","Engineering","Engineering Specialist","Sydney","AU","8e8e478f-c884-7d82-2153-ca75421c1b52","sage.quintero@example.com"
"2026-04-01","1a7867a7-b1a9-dc39-e62e-46e735190dc9","Quinn Zawadzki","quinn.zawadzki@example.com","quinn.zawadzki@example.com","Member","True","2024-05-20T00:00:00Z","Sales","Sales Specialist","Toronto","CA","ed83eb08-7cce-99f3-f4ee-302aee96a84a","vale.takahashi@example.com"
"2026-04-01","9d8e707d-57a9-f5e1-ced1-c7ecaef626eb","Yael Ueda","yael.ueda@example.com","yael.ueda@example.com","Member","True","2025-04-14T00:00:00Z","Marketing","Marketing Specialist","Austin","US","2857d35c-f9d2-fce5-4bb9-70953e3c9810","marlowe.gallagher@example.com"
"2026-04-01","700748b8-c5d2-eff3-b872-f4c0a5117636","Emery Nakamura","emery.nakamura@example.com","emery.nakamura@example.com","Member","True","2024-11-28T00:00:00Z","Finance","Finance Specialist","Seattle","US","9f71f7e6-35b7-6972-bbf6-a078cbe48834","wren.petrov@example.com"
"2026-04-01","140e43cf-5967-3e39-f221-6564a7598534","Avery Chaudhry","avery.chaudhry@example.com","avery.chaudhry@example.com","Member","True","2025-06-24T00:00:00Z","Operations","Operations Specialist","Seattle","US","f412cb99-db0b-e7c3-7ffb-dcaffa90f123","blair.rasmussen@example.com"
"2026-04-01","5b3cf264-06dd-9c46-80ef-12894e70d775","Xan Takahashi","xan.takahashi@example.com","xan.takahashi@example.com","Member","True","2022-10-11T00:00:00Z","Legal","Legal Specialist","Sydney","AU","6eeb9fdf-ba96-d64c-2ec8-f7c9ec3a3d85","oakley.fontaine@example.com"
"2026-04-01","97fcb48c-8f0d-4c18-8c41-cdbb108deddd","Logan Ibarra","logan.ibarra@example.com","logan.ibarra@example.com","Member","True","2025-02-22T00:00:00Z","Engineering","Engineering Specialist","Toronto","CA","8e8e478f-c884-7d82-2153-ca75421c1b52","sage.quintero@example.com"
"2026-04-01","02be9c12-dc0f-3716-8210-fa75145157af","Zephyr Gallagher","zephyr.gallagher@example.com","zephyr.gallagher@example.com","Member","True","2025-07-02T00:00:00Z","Sales","Sales Specialist","Dublin","IE","9afd91cf-ec1b-9a3b-1291-bb2b975453c6","sage.moreau@example.com"
"2026-04-01","3e10faed-5722-c078-82fa-6d87bda867ef","Noor Rasmussen","noor.rasmussen@example.com","noor.rasmussen@example.com","Member","True","2025-08-23T00:00:00Z","Marketing","Marketing Specialist","Sydney","AU","9bc6831f-a8f2-ab13-73f4-8f2087c44f60","vale.kowalski@example.com"
"2026-04-01","7bc9e179-5747-bfa6-353e-e66165e87217","Kai Xiong","kai.xiong@example.com","kai.xiong@example.com","Member","True","2023-09-30T00:00:00Z","Finance","Finance Specialist","Sydney","AU","d17983e9-a667-9543-2987-0897ad2dab90","yael.nakamura@example.com"
"2026-04-01","87b45563-72a2-6bb8-e968-b9fc1d1cd40c","Quinn Silva","quinn.silva2@example.com","quinn.silva2@example.com","Member","True","2022-01-28T00:00:00Z","Operations","Operations Specialist","Sydney","AU","fe2779d4-0c57-fc16-069b-0340152f0b57","quinn.kowalski2@example.com"
"2026-04-01","438bb9b0-0c13-d422-364f-627618d0cd24","Gray Takahashi","gray.takahashi@example.com","gray.takahashi@example.com","Member","True","2025-05-21T00:00:00Z","Legal","Legal Specialist","Austin","US","eb98825d-a20b-e701-efbc-1d56c88f4770","noor.vasquez@example.com"
"2026-04-01","cdd53b9f-ea85-4844-1466-e6f8871607a9","Zephyr Quintero","zephyr.quintero@example.com","zephyr.quintero@example.com","Member","True","2022-01-29T00:00:00Z","Engineering","Engineering Specialist","Sydney","AU","6348e0fb-da40-6590-8ee7-5f6000634176","noor.gallagher@example.com"
"2026-04-01","9a35e34f-4205-4de4-4faf-deeeba222a75","Vale Lindqvist","vale.lindqvist@example.com","vale.lindqvist@example.com","Member","True","2024-09-07T00:00:00Z","Sales","Sales Specialist","Seattle","US","9afd91cf-ec1b-9a3b-1291-bb2b975453c6","sage.moreau@example.com"
"2026-04-01","cfc0d9c8-6a68-02ee-c823-5abccd4385bb","Vale Ueda","vale.ueda2@example.com","vale.ueda2@example.com","Member","True","2024-06-26T00:00:00Z","Marketing","Marketing Specialist","Seattle","US","9bc6831f-a8f2-ab13-73f4-8f2087c44f60","vale.kowalski@example.com"
"2026-04-01","64f8f606-f787-653d-eb91-c50cb24bcd75","Drew Gallagher","drew.gallagher@example.com","drew.gallagher@example.com","Member","True","2022-04-10T00:00:00Z","Finance","Finance Specialist","Seattle","US","d17983e9-a667-9543-2987-0897ad2dab90","yael.nakamura@example.com"
"2026-04-01","2c85e154-2254-7721-9d6f-70a9f57c22d1","Drew Haddad","drew.haddad@example.com","drew.haddad@example.com","Member","True","2021-12-01T00:00:00Z","Operations","Operations Specialist","Dublin","IE","f412cb99-db0b-e7c3-7ffb-dcaffa90f123","blair.rasmussen@example.com"
"2026-04-01","3616892c-4e5d-820a-750f-989f092ded24","Blair Whitfield","blair.whitfield@example.com","blair.whitfield@example.com","Member","True","2024-05-11T00:00:00Z","Legal","Legal Specialist","Austin","US","54417c87-f819-5aca-b463-7c013fc02def","jordan.kowalski@example.com"
"2026-04-01","7cc7c6d6-1c21-3516-28fb-94c61ec06dca","Parker Takahashi","parker.takahashi@example.com","parker.takahashi@example.com","Member","True","2022-06-10T00:00:00Z","Engineering","Engineering Specialist","Seattle","US","236bc049-2408-8b1d-6323-d2dbe97d4d19","parker.chaudhry@example.com"
"2026-04-01","8e019f18-d0d6-c79f-8ffe-60144ce29b66","Jordan Ueda","jordan.ueda@example.com","jordan.ueda@example.com","Member","True","2025-04-10T00:00:00Z","Sales","Sales Specialist","Austin","US","ed83eb08-7cce-99f3-f4ee-302aee96a84a","vale.takahashi@example.com"
"2026-04-01","7959d438-d27a-4981-c022-5923fd094c36","Marlowe Ueda","marlowe.ueda@example.com","marlowe.ueda@example.com","Member","True","2024-04-04T00:00:00Z","Marketing","Marketing Specialist","Seattle","US","9bc6831f-a8f2-ab13-73f4-8f2087c44f60","vale.kowalski@example.com"
"2026-04-01","2aa64e7d-809b-3b7a-2407-0830398dce43","Wren Fontaine","wren.fontaine@example.com","wren.fontaine@example.com","Member","True","2023-09-17T00:00:00Z","Finance","Finance Specialist","Sydney","AU","d17983e9-a667-9543-2987-0897ad2dab90","yael.nakamura@example.com"
"2026-04-01","6c07554f-3da4-4216-9664-a089f4c3c3e9","Marlowe Chaudhry","marlowe.chaudhry@example.com","marlowe.chaudhry@example.com","Member","True","2023-05-23T00:00:00Z","Operations","Operations Specialist","Seattle","US","3a4ef796-9a7e-b1eb-fe97-ee7b5a408165","avery.xiong@example.com"
"2026-04-01","b8244557-2919-70e9-3b09-f13d24a20127","Quinn Fontaine","quinn.fontaine@example.com","quinn.fontaine@example.com","Member","True","2022-12-29T00:00:00Z","Legal","Legal Specialist","Sydney","AU","6eeb9fdf-ba96-d64c-2ec8-f7c9ec3a3d85","oakley.fontaine@example.com"
"2026-04-01","c0a53769-7f66-753c-c9e4-1415a91aac0a","Xan Kowalski","xan.kowalski@example.com","xan.kowalski@example.com","Member","True","2023-06-19T00:00:00Z","Engineering","Engineering Specialist","Seattle","US","6348e0fb-da40-6590-8ee7-5f6000634176","noor.gallagher@example.com"
"2026-04-01","8c07a653-6272-5264-c29c-a2f4aa80901f","Drew Okonkwo","drew.okonkwo@example.com","drew.okonkwo@example.com","Member","True","2024-07-14T00:00:00Z","Sales","Sales Specialist","Dublin","IE","9afd91cf-ec1b-9a3b-1291-bb2b975453c6","sage.moreau@example.com"
"2026-04-01","56a673ed-dbf4-0a94-f5f6-f7f7e7090ac3","Zephyr Gallagher","zephyr.gallagher2@example.com","zephyr.gallagher2@example.com","Member","True","2022-10-22T00:00:00Z","Marketing","Marketing Specialist","Austin","US","9bc6831f-a8f2-ab13-73f4-8f2087c44f60","vale.kowalski@example.com"
"2026-04-01","2db3ea1a-2042-296b-8a8c-69ccfcb88ee0","Kai Eriksen","kai.eriksen@example.com","kai.eriksen@example.com","Member","True","2025-06-29T00:00:00Z","Finance","Finance Specialist","Dublin","IE","8695fc51-7f57-73c9-c005-5ed5d4b09587","noor.zawadzki@example.com"
"2026-04-01","cb5c59ce-aba5-a00d-75cc-f087154e7f03","Wren Jovanovic","wren.jovanovic@example.com","wren.jovanovic@example.com","Member","True","2023-04-21T00:00:00Z","Operations","Operations Specialist","Austin","US","fe2779d4-0c57-fc16-069b-0340152f0b57","quinn.kowalski2@example.com"
"2026-04-01","68806b6f-2a8c-2ffa-7b29-c37d80b635c0","Tatum Ueda","tatum.ueda@example.com","tatum.ueda@example.com","Member","True","2024-09-23T00:00:00Z","Legal","Legal Specialist","Dublin","IE","54417c87-f819-5aca-b463-7c013fc02def","jordan.kowalski@example.com"
"2026-04-01","bdb3cb12-e19c-aeb6-388b-1f879ec32762","Finley Moreau","finley.moreau@example.com","finley.moreau@example.com","Member","True","2023-09-21T00:00:00Z","Engineering","Engineering Specialist","Seattle","US","236bc049-2408-8b1d-6323-d2dbe97d4d19","parker.chaudhry@example.com"
"2026-04-01","4c24deb0-7209-5e07-19be-75d9f07cc1a4","Emery Whitfield","emery.whitfield@example.com","emery.whitfield@example.com","Member","True","2025-01-20T00:00:00Z","Sales","Sales Specialist","Toronto","CA","ed83eb08-7cce-99f3-f4ee-302aee96a84a","vale.takahashi@example.com"
"2026-04-01","f0f64c73-3b0a-bcdf-8fd2-e799a80de634","Wren Rasmussen","wren.rasmussen@example.com","wren.rasmussen@example.com","Member","True","2023-03-29T00:00:00Z","Marketing","Marketing Specialist","Seattle","US","90f63fda-a191-c217-7214-3aaf159a4db8","vale.vasquez@example.com"
"2026-04-01","7a9458da-4615-2197-0282-aa1628930763","Finley Haddad","finley.haddad@example.com","finley.haddad@example.com","Member","True","2022-01-11T00:00:00Z","Finance","Finance Specialist","Sydney","AU","9f71f7e6-35b7-6972-bbf6-a078cbe48834","wren.petrov@example.com"
"2026-04-01","46cf4b92-dcd6-e231-958d-fd510ea0d01b","Jordan Whitfield","jordan.whitfield@example.com","jordan.whitfield@example.com","Member","True","2022-06-04T00:00:00Z","Operations","Operations Specialist","Austin","US","f412cb99-db0b-e7c3-7ffb-dcaffa90f123","blair.rasmussen@example.com"
"2026-04-01","0cbabea4-d027-1470-0683-4c7225e6988e","Wren Whitfield","wren.whitfield@example.com","wren.whitfield@example.com","Member","True","2022-11-11T00:00:00Z","Legal","Legal Specialist","Seattle","US","eb98825d-a20b-e701-efbc-1d56c88f4770","noor.vasquez@example.com"
"2026-04-01","748bb415-5985-8708-c2eb-ab6c597d28d3","Vale Lindqvist","vale.lindqvist2@example.com","vale.lindqvist2@example.com","Member","True","2022-11-17T00:00:00Z","Engineering","Engineering Specialist","Sydney","AU","8e8e478f-c884-7d82-2153-ca75421c1b52","sage.quintero@example.com"
"2026-04-01","12db1c6c-8b41-272b-0842-926ad8a2aef0","Sage Yilmaz","sage.yilmaz@example.com","sage.yilmaz@example.com","Member","True","2022-10-04T00:00:00Z","Sales","Sales Specialist","Austin","US","9afd91cf-ec1b-9a3b-1291-bb2b975453c6","sage.moreau@example.com"
"2026-04-01","1b51e8c8-e0d7-a718-bec4-fcc62e9dccf8","Indigo Jovanovic","indigo.jovanovic@example.com","indigo.jovanovic@example.com","Member","True","2022-12-26T00:00:00Z","Marketing","Marketing Specialist","Dublin","IE","9bc6831f-a8f2-ab13-73f4-8f2087c44f60","vale.kowalski@example.com"
"2026-04-01","807fe02d-4158-b793-ce37-a04c3b503d83","Zephyr Rasmussen","zephyr.rasmussen@example.com","zephyr.rasmussen@example.com","Member","True","2025-04-05T00:00:00Z","Finance","Finance Specialist","Toronto","CA","8695fc51-7f57-73c9-c005-5ed5d4b09587","noor.zawadzki@example.com"
"2026-04-01","43698472-cc46-3b3b-d5b6-17b9118da0e8","Parker Kowalski","parker.kowalski@example.com","parker.kowalski@example.com","Member","True","2023-06-03T00:00:00Z","Operations","Operations Specialist","Toronto","CA","f412cb99-db0b-e7c3-7ffb-dcaffa90f123","blair.rasmussen@example.com"
"2026-04-01","86d8614c-b023-de8a-5f49-2d183dd287a9","Gray Moreau","gray.moreau@example.com","gray.moreau@example.com","Member","True","2024-02-19T00:00:00Z","Legal","Legal Specialist","Dublin","IE","54417c87-f819-5aca-b463-7c013fc02def","jordan.kowalski@example.com"
"2026-04-01","18e25806-e720-ad3a-af55-19f9fea51411","Xan Delacroix","xan.delacroix@example.com","xan.delacroix@example.com","Member","True","2024-02-20T00:00:00Z","Engineering","Engineering Specialist","Sydney","AU","6348e0fb-da40-6590-8ee7-5f6000634176","noor.gallagher@example.com"
"2026-04-01","8bdb5c42-ff89-3e7c-06f6-702d97368ef4","Jordan Quintero","jordan.quintero@example.com","jordan.quintero@example.com","Member","True","2025-03-27T00:00:00Z","Sales","Sales Specialist","Seattle","US","9afd91cf-ec1b-9a3b-1291-bb2b975453c6","sage.moreau@example.com"
"2026-04-01","0a2edc75-3330-971a-be75-fe951ca449a9","Marlowe Kowalski","marlowe.kowalski@example.com","marlowe.kowalski@example.com","Member","True","2021-12-02T00:00:00Z","Marketing","Marketing Specialist","Toronto","CA","9bc6831f-a8f2-ab13-73f4-8f2087c44f60","vale.kowalski@example.com"
"2026-04-01","b9a7fc6a-ebe4-c762-171f-92ea7be22065","Sage Vasquez","sage.vasquez@example.com","sage.vasquez@example.com","Member","True","2024-06-11T00:00:00Z","Finance","Finance Specialist","Toronto","CA","d17983e9-a667-9543-2987-0897ad2dab90","yael.nakamura@example.com"
"2026-04-01","907fe4e5-dbf8-f211-ece4-77283145d179","Drew Chaudhry","drew.chaudhry@example.com","drew.chaudhry@example.com","Member","True","2022-12-02T00:00:00Z","Operations","Operations Specialist","Seattle","US","3a4ef796-9a7e-b1eb-fe97-ee7b5a408165","avery.xiong@example.com"
"2026-04-01","9f8052d0-13e3-3919-83e4-7babfb383b86","Gray Ueda","gray.ueda@example.com","gray.ueda@example.com","Member","True","2024-02-12T00:00:00Z","Legal","Legal Specialist","Toronto","CA","eb98825d-a20b-e701-efbc-1d56c88f4770","noor.vasquez@example.com"
"2026-04-01","32db6fda-69a8-36b9-11a7-2fb9ab168593","Marlowe Quintero","marlowe.quintero@example.com","marlowe.quintero@example.com","Member","True","2024-09-06T00:00:00Z","Engineering","Engineering Specialist","Sydney","AU","8e8e478f-c884-7d82-2153-ca75421c1b52","sage.quintero@example.com"
"2026-04-01","076fd8c2-cb69-f82c-0a4b-fc1fb41c6a60","Parker Bergstrom","parker.bergstrom@example.com","parker.bergstrom@example.com","Member","True","2024-12-04T00:00:00Z","Sales","Sales Specialist","Austin","US","ed83eb08-7cce-99f3-f4ee-302aee96a84a","vale.takahashi@example.com"
"2026-04-01","db28e259-c2b5-e500-b3a8-219b69db4602","Zephyr Lindqvist","zephyr.lindqvist@example.com","zephyr.lindqvist@example.com","Member","True","2025-02-19T00:00:00Z","Marketing","Marketing Specialist","Seattle","US","9bc6831f-a8f2-ab13-73f4-8f2087c44f60","vale.kowalski@example.com"
"2026-04-01","c52bc03c-10aa-8e04-ac25-1b16ea338bdf","Marlowe Bergstrom","marlowe.bergstrom2@example.com","marlowe.bergstrom2@example.com","Member","True","2025-10-18T00:00:00Z","Finance","Finance Specialist","Austin","US","9f71f7e6-35b7-6972-bbf6-a078cbe48834","wren.petrov@example.com"
"2026-04-01","624547ca-6029-d9b5-d668-60a384193d99","Wren Bergstrom","wren.bergstrom@example.com","wren.bergstrom@example.com","Member","True","2025-11-23T00:00:00Z","Operations","Operations Specialist","Sydney","AU","f412cb99-db0b-e7c3-7ffb-dcaffa90f123","blair.rasmussen@example.com"
"2026-04-01","8d3972bd-0b8c-36b1-5066-526c812212f5","Harper Whitfield","harper.whitfield@example.com","harper.whitfield@example.com","Member","True","2024-02-03T00:00:00Z","Legal","Legal Specialist","Dublin","IE","54417c87-f819-5aca-b463-7c013fc02def","jordan.kowalski@example.com"
"2026-04-01","43b72b5a-78c4-d191-f5f1-284d62ace958","Indigo Gallagher","indigo.gallagher@example.com","indigo.gallagher@example.com","Member","True","2023-12-16T00:00:00Z","Engineering","Engineering Specialist","Seattle","US","8e8e478f-c884-7d82-2153-ca75421c1b52","sage.quintero@example.com"
"2026-04-01","6f897faf-f416-6222-0648-1fedc6e64b92","Yael Kowalski","yael.kowalski@example.com","yael.kowalski@example.com","Member","True","2025-07-26T00:00:00Z","Sales","Sales Specialist","Sydney","AU","ed83eb08-7cce-99f3-f4ee-302aee96a84a","vale.takahashi@example.com"
"2026-04-01","5e40e07a-043d-d409-39b9-e6c2f27e9ada","Jordan Kowalski","jordan.kowalski2@example.com","jordan.kowalski2@example.com","Member","True","2024-11-17T00:00:00Z","Marketing","Marketing Specialist","Sydney","AU","2857d35c-f9d2-fce5-4bb9-70953e3c9810","marlowe.gallagher@example.com"
"2026-04-01","adca2e55-3bd2-7c87-6156-9e19eec2a3ce","Blair Ueda","blair.ueda@example.com","blair.ueda@example.com","Member","True","2022-11-10T00:00:00Z","Finance","Finance Specialist","Dublin","IE","d17983e9-a667-9543-2987-0897ad2dab90","yael.nakamura@example.com"
"2026-04-01","4c294dea-5c61-47fa-4b70-f072c7f8be4b","Oakley Bergstrom","oakley.bergstrom@example.com","oakley.bergstrom@example.com","Member","True","2024-12-04T00:00:00Z","Operations","Operations Specialist","Toronto","CA","3a4ef796-9a7e-b1eb-fe97-ee7b5a408165","avery.xiong@example.com"
"2026-04-01","e2738d7c-cd1b-30d3-dacc-9c77151ce508","Vale Yilmaz","vale.yilmaz@example.com","vale.yilmaz@example.com","Member","True","2022-02-26T00:00:00Z","Legal","Legal Specialist","Sydney","AU","54417c87-f819-5aca-b463-7c013fc02def","jordan.kowalski@example.com"
"2026-04-01","f0304040-2c66-f551-0457-b8ab9e2f945d","Tatum Jovanovic","tatum.jovanovic@example.com","tatum.jovanovic@example.com","Member","True","2022-06-13T00:00:00Z","Engineering","Engineering Specialist","Sydney","AU","8e8e478f-c884-7d82-2153-ca75421c1b52","sage.quintero@example.com"
"2026-04-01","7f6dca88-78d4-ab5c-13b5-46984615c23c","Xan Nakamura","xan.nakamura@example.com","xan.nakamura@example.com","Member","True","2022-08-07T00:00:00Z","Sales","Sales Specialist","Sydney","AU","490d2e0b-ac7e-8677-e89b-fb4babcf5c16","quinn.eriksen@example.com"
"2026-04-01","822cde7b-f014-e6d9-8788-2ebe4cb8ed75","Quinn Quintero","quinn.quintero@example.com","quinn.quintero@example.com","Member","True","2022-01-02T00:00:00Z","Marketing","Marketing Specialist","Dublin","IE","9bc6831f-a8f2-ab13-73f4-8f2087c44f60","vale.kowalski@example.com"
"2026-04-01","4ee2a6d0-1f11-8865-6c58-0057ca4217aa","Drew Takahashi","drew.takahashi@example.com","drew.takahashi@example.com","Member","True","2024-04-19T00:00:00Z","Finance","Finance Specialist","Dublin","IE","d17983e9-a667-9543-2987-0897ad2dab90","yael.nakamura@example.com"
"2026-04-01","8a24759f-8887-8d4c-284c-69ab658f1ed5","Indigo Takahashi","indigo.takahashi@example.com","indigo.takahashi@example.com","Member","True","2022-03-17T00:00:00Z","Operations","Operations Specialist","Sydney","AU","3a4ef796-9a7e-b1eb-fe97-ee7b5a408165","avery.xiong@example.com"
"2026-04-01","2e7a508a-d787-09f3-a043-d7e846384d5b","Indigo Lindqvist","indigo.lindqvist@example.com","indigo.lindqvist@example.com","Member","True","2022-05-20T00:00:00Z","Legal","Legal Specialist","Sydney","AU","eb98825d-a20b-e701-efbc-1d56c88f4770","noor.vasquez@example.com"
"2026-04-01","1f60d7d3-55ee-3bf1-2442-aec17875594f","Logan Kowalski","logan.kowalski@example.com","logan.kowalski@example.com","Member","True","2024-10-29T00:00:00Z","Engineering","Engineering Specialist","Dublin","IE","6348e0fb-da40-6590-8ee7-5f6000634176","noor.gallagher@example.com"
"2026-04-01","e5ed4294-8175-2d65-41c2-53a415e821b3","Harper Okonkwo","harper.okonkwo@example.com","harper.okonkwo@example.com","Member","True","2024-04-25T00:00:00Z","Sales","Sales Specialist","Sydney","AU","ed83eb08-7cce-99f3-f4ee-302aee96a84a","vale.takahashi@example.com"
"2026-04-01","5ee4b8e5-1694-d06f-dffe-5f8c5317f390","Drew Lindqvist","drew.lindqvist@example.com","drew.lindqvist@example.com","Member","True","2025-10-07T00:00:00Z","Marketing","Marketing Specialist","Austin","US","90f63fda-a191-c217-7214-3aaf159a4db8","vale.vasquez@example.com"
"2026-04-01","61f9c4ef-09ee-8fab-54a5-5ea1b4d1cadc","Logan Quintero","logan.quintero@example.com","logan.quintero@example.com","Member","True","2023-10-05T00:00:00Z","Finance","Finance Specialist","Dublin","IE","d17983e9-a667-9543-2987-0897ad2dab90","yael.nakamura@example.com"
"2026-04-01","424d9411-c762-fe50-f591-c975afd24221","Yael Takahashi","yael.takahashi@example.com","yael.takahashi@example.com","Member","True","2022-09-06T00:00:00Z","Operations","Operations Specialist","Sydney","AU","fe2779d4-0c57-fc16-069b-0340152f0b57","quinn.kowalski2@example.com"
"2026-04-01","397cdf6b-be9f-82d7-4d17-315b294b5c5a","Logan Ibarra","logan.ibarra2@example.com","logan.ibarra2@example.com","Member","True","2023-12-12T00:00:00Z","Legal","Legal Specialist","Sydney","AU","eb98825d-a20b-e701-efbc-1d56c88f4770","noor.vasquez@example.com"
"2026-04-01","c39aacb9-e8dc-e1f1-8ea8-1ddc1ec5f331","Finley Abara","finley.abara@example.com","finley.abara@example.com","Member","True","2022-08-02T00:00:00Z","Engineering","Engineering Specialist","Toronto","CA","6348e0fb-da40-6590-8ee7-5f6000634176","noor.gallagher@example.com"
"2026-04-01","deb1cdef-6e5f-634c-76e7-ab078349d1be","Blair Rasmussen","blair.rasmussen2@example.com","blair.rasmussen2@example.com","Member","True","2025-06-25T00:00:00Z","Sales","Sales Specialist","Seattle","US","9afd91cf-ec1b-9a3b-1291-bb2b975453c6","sage.moreau@example.com"
"2026-04-01","a5f4f5cd-55f9-633c-572a-4162145a37eb","Tatum Zawadzki","tatum.zawadzki@example.com","tatum.zawadzki@example.com","Member","True","2023-04-12T00:00:00Z","Marketing","Marketing Specialist","Seattle","US","2857d35c-f9d2-fce5-4bb9-70953e3c9810","marlowe.gallagher@example.com"
"2026-04-01","a66b8d9c-15fc-d558-f435-ec60b7ebd7f9","Noor Abara","noor.abara@example.com","noor.abara@example.com","Member","True","2023-02-06T00:00:00Z","Finance","Finance Specialist","Dublin","IE","d17983e9-a667-9543-2987-0897ad2dab90","yael.nakamura@example.com"
"2026-04-01","4c0be831-48a5-28f3-12e6-c28854ee1a3f","Tatum Lindqvist","tatum.lindqvist@example.com","tatum.lindqvist@example.com","Member","True","2022-08-06T00:00:00Z","Operations","Operations Specialist","Dublin","IE","fe2779d4-0c57-fc16-069b-0340152f0b57","quinn.kowalski2@example.com"
"2026-04-01","226f67fd-e13e-28ab-833d-11efd85a3cb4","Quinn Kowalski","quinn.kowalski3@example.com","quinn.kowalski3@example.com","Member","True","2022-01-30T00:00:00Z","Legal","Legal Specialist","Toronto","CA","eb98825d-a20b-e701-efbc-1d56c88f4770","noor.vasquez@example.com"
"2026-04-01","0dc23022-6372-c80b-d197-6e8c63000cca","Reese Quintero","reese.quintero@example.com","reese.quintero@example.com","Member","True","2023-04-30T00:00:00Z","Engineering","Engineering Specialist","Sydney","AU","8e8e478f-c884-7d82-2153-ca75421c1b52","sage.quintero@example.com"
"2026-04-01","d5a4ca9d-d2d4-fab0-b166-bd6c4cf4c0cc","Blair Gallagher","blair.gallagher2@example.com","blair.gallagher2@example.com","Member","True","2022-12-24T00:00:00Z","Sales","Sales Specialist","Seattle","US","490d2e0b-ac7e-8677-e89b-fb4babcf5c16","quinn.eriksen@example.com"
"2026-04-01","ec57e2d6-85ce-d78c-4e72-3b98103c1658","Blair Okonkwo","blair.okonkwo@example.com","blair.okonkwo@example.com","Member","True","2024-08-13T00:00:00Z","Marketing","Marketing Specialist","Seattle","US","90f63fda-a191-c217-7214-3aaf159a4db8","vale.vasquez@example.com"
"2026-04-01","6a1611b3-02da-6e3f-3f3f-25163834edba","Quinn Yilmaz","quinn.yilmaz@example.com","quinn.yilmaz@example.com","Member","True","2025-06-10T00:00:00Z","Finance","Finance Specialist","Austin","US","d17983e9-a667-9543-2987-0897ad2dab90","yael.nakamura@example.com"
"2026-04-01","3facd946-242a-105b-dd67-41b7291126c5","Sage Rasmussen","sage.rasmussen@example.com","sage.rasmussen@example.com","Member","True","2025-03-11T00:00:00Z","Operations","Operations Specialist","Austin","US","3a4ef796-9a7e-b1eb-fe97-ee7b5a408165","avery.xiong@example.com"
"2026-04-01","0e971d46-244c-dc60-4f5b-e6d2e6e958da","Harper Rasmussen","harper.rasmussen@example.com","harper.rasmussen@example.com","Member","True","2022-04-15T00:00:00Z","Legal","Legal Specialist","Dublin","IE","eb98825d-a20b-e701-efbc-1d56c88f4770","noor.vasquez@example.com"
"2026-04-01","d8912ea7-6efd-27ed-0d27-ee84a73b0828","Kai Takahashi","kai.takahashi@example.com","kai.takahashi@example.com","Member","True","2022-05-30T00:00:00Z","Engineering","Engineering Specialist","Sydney","AU","236bc049-2408-8b1d-6323-d2dbe97d4d19","parker.chaudhry@example.com"
"2026-04-01","81c17fc4-6f81-3fd0-b84c-60f4ad5b2417","Oakley Jovanovic","oakley.jovanovic@example.com","oakley.jovanovic@example.com","Member","True","2023-05-28T00:00:00Z","Sales","Sales Specialist","Sydney","AU","9afd91cf-ec1b-9a3b-1291-bb2b975453c6","sage.moreau@example.com"
"2026-04-01","27cf3937-616d-ab2b-e030-98c7e539f127","Harper Vasquez","harper.vasquez@example.com","harper.vasquez@example.com","Member","True","2024-02-27T00:00:00Z","Marketing","Marketing Specialist","Dublin","IE","2857d35c-f9d2-fce5-4bb9-70953e3c9810","marlowe.gallagher@example.com"
"2026-04-01","c06eae9e-f9c7-4bd7-16f0-9c828c13ce8a","Casey Whitfield","casey.whitfield@example.com","casey.whitfield@example.com","Member","True","2024-10-21T00:00:00Z","Finance","Finance Specialist","Toronto","CA","9f71f7e6-35b7-6972-bbf6-a078cbe48834","wren.petrov@example.com"
"2026-04-01","885e2443-99b4-730f-69fc-aa7d68824089","Blair Jovanovic","blair.jovanovic@example.com","blair.jovanovic@example.com","Member","True","2024-10-31T00:00:00Z","Operations","Operations Specialist","Austin","US","3a4ef796-9a7e-b1eb-fe97-ee7b5a408165","avery.xiong@example.com"
"2026-04-01","ef95e08a-1594-d13a-6b66-77d3fa374b7a","Reese Vasquez","reese.vasquez@example.com","reese.vasquez@example.com","Member","True","2023-10-02T00:00:00Z","Legal","Legal Specialist","Sydney","AU","6eeb9fdf-ba96-d64c-2ec8-f7c9ec3a3d85","oakley.fontaine@example.com"
"2026-04-01","19e163e9-1e46-0a1a-d345-c0a13aa09463","Parker Zawadzki","parker.zawadzki@example.com","parker.zawadzki@example.com","Member","True","2022-05-08T00:00:00Z","Engineering","Engineering Specialist","Seattle","US","236bc049-2408-8b1d-6323-d2dbe97d4d19","parker.chaudhry@example.com"
"2026-04-01","02083e5e-d685-3082-36c5-39e302318a27","Marlowe Gallagher","marlowe.gallagher2@example.com","marlowe.gallagher2@example.com","Member","True","2023-01-31T00:00:00Z","Sales","Sales Specialist","Sydney","AU","9afd91cf-ec1b-9a3b-1291-bb2b975453c6","sage.moreau@example.com"
"2026-04-01","26fd30fb-d5a6-5a99-a3e7-ebe1f26dcfab","Oakley Kowalski","oakley.kowalski@example.com","oakley.kowalski@example.com","Member","True","2022-06-03T00:00:00Z","Marketing","Marketing Specialist","Dublin","IE","2857d35c-f9d2-fce5-4bb9-70953e3c9810","marlowe.gallagher@example.com"
"2026-04-01","0dd3e99b-dc0b-089e-166d-6413c57ea32e","Noor Haddad","noor.haddad@example.com","noor.haddad@example.com","Member","True","2024-10-16T00:00:00Z","Finance","Finance Specialist","Toronto","CA","d17983e9-a667-9543-2987-0897ad2dab90","yael.nakamura@example.com"
"2026-04-01","4f8d283d-58da-95f1-62de-cc20e739d912","Noor Silva","noor.silva@example.com","noor.silva@example.com","Member","True","2024-06-19T00:00:00Z","Operations","Operations Specialist","Toronto","CA","f412cb99-db0b-e7c3-7ffb-dcaffa90f123","blair.rasmussen@example.com"
"2026-04-01","35449036-d783-731b-c9a0-697881e43173","Oakley Vasquez","oakley.vasquez2@example.com","oakley.vasquez2@example.com","Member","True","2023-06-03T00:00:00Z","Legal","Legal Specialist","Austin","US","6eeb9fdf-ba96-d64c-2ec8-f7c9ec3a3d85","oakley.fontaine@example.com"
"2026-04-01","37a609eb-44a1-8b2c-a591-d251c79378ad","Reese Chaudhry","reese.chaudhry@example.com","reese.chaudhry@example.com","Member","True","2024-11-11T00:00:00Z","Engineering","Engineering Specialist","Dublin","IE","6348e0fb-da40-6590-8ee7-5f6000634176","noor.gallagher@example.com"
"2026-04-01","c1cb7d3c-5374-029e-0766-b6d7bc68dd2d","Casey Takahashi","casey.takahashi@example.com","casey.takahashi@example.com","Member","True","2024-07-23T00:00:00Z","Sales","Sales Specialist","Toronto","CA","9afd91cf-ec1b-9a3b-1291-bb2b975453c6","sage.moreau@example.com"
"2026-04-01","38ce90ab-18ce-eeb0-6b84-8f03b830756d","Umi Petrov","umi.petrov@example.com","umi.petrov@example.com","Member","True","2023-07-28T00:00:00Z","Marketing","Marketing Specialist","Sydney","AU","90f63fda-a191-c217-7214-3aaf159a4db8","vale.vasquez@example.com"
"2026-04-01","3f8329a6-fada-5f95-b54b-c2d7c38c56ac","Drew Jovanovic","drew.jovanovic@example.com","drew.jovanovic@example.com","Member","True","2023-08-06T00:00:00Z","Finance","Finance Specialist","Seattle","US","d17983e9-a667-9543-2987-0897ad2dab90","yael.nakamura@example.com"
"2026-04-01","8396b0a3-b2d7-8c1e-f26f-ef054a479882","Drew Jovanovic","drew.jovanovic2@example.com","drew.jovanovic2@example.com","Member","True","2025-05-16T00:00:00Z","Operations","Operations Specialist","Toronto","CA","3a4ef796-9a7e-b1eb-fe97-ee7b5a408165","avery.xiong@example.com"
"2026-04-01","20385182-b7c1-2c40-d9c9-beaaf265a9f6","Finley Zawadzki","finley.zawadzki@example.com","finley.zawadzki@example.com","Member","True","2024-08-09T00:00:00Z","Legal","Legal Specialist","Austin","US","54417c87-f819-5aca-b463-7c013fc02def","jordan.kowalski@example.com"
"2026-04-01","466c09db-bd5b-7c8d-f4d4-9f20351ed951","Harper Bergstrom","harper.bergstrom@example.com","harper.bergstrom@example.com","Member","True","2023-08-27T00:00:00Z","Engineering","Engineering Specialist","Toronto","CA","6348e0fb-da40-6590-8ee7-5f6000634176","noor.gallagher@example.com"
"2026-04-01","29b2f272-45b1-e412-9da2-f00c2736f879","Parker Fontaine","parker.fontaine@example.com","parker.fontaine@example.com","Member","True","2025-03-01T00:00:00Z","Sales","Sales Specialist","Austin","US","ed83eb08-7cce-99f3-f4ee-302aee96a84a","vale.takahashi@example.com"
"2026-04-01","0537c32a-9d2a-d475-8b58-7e1b3f48b4e8","Indigo Yilmaz","indigo.yilmaz@example.com","indigo.yilmaz@example.com","Member","True","2023-09-28T00:00:00Z","Marketing","Marketing Specialist","Austin","US","90f63fda-a191-c217-7214-3aaf159a4db8","vale.vasquez@example.com"
"2026-04-01","51dea8ab-92e4-fef9-2560-6c85b1bcf4af","Parker Okonkwo","parker.okonkwo@example.com","parker.okonkwo@example.com","Member","True","2022-04-29T00:00:00Z","Finance","Finance Specialist","Sydney","AU","9f71f7e6-35b7-6972-bbf6-a078cbe48834","wren.petrov@example.com"
"2026-04-01","45593dd0-d424-decd-810f-23a25dae5982","Kai Rasmussen","kai.rasmussen@example.com","kai.rasmussen@example.com","Member","True","2023-12-07T00:00:00Z","Operations","Operations Specialist","Toronto","CA","f412cb99-db0b-e7c3-7ffb-dcaffa90f123","blair.rasmussen@example.com"
"2026-04-01","2baf76a4-f9eb-826a-5405-2ea94280456d","Indigo Fontaine","indigo.fontaine@example.com","indigo.fontaine@example.com","Member","True","2021-12-23T00:00:00Z","Legal","Legal Specialist","Toronto","CA","54417c87-f819-5aca-b463-7c013fc02def","jordan.kowalski@example.com"
"2026-04-01","157d1ac4-c93c-0227-6372-c9d48c676f59","Avery Kowalski","avery.kowalski@example.com","avery.kowalski@example.com","Member","True","2024-02-20T00:00:00Z","Engineering","Engineering Specialist","Dublin","IE","8e8e478f-c884-7d82-2153-ca75421c1b52","sage.quintero@example.com"
"2026-04-01","7b8a4b6a-7ae1-dc5f-69eb-334cb811d389","Reese Whitfield","reese.whitfield@example.com","reese.whitfield@example.com","Member","True","2025-01-18T00:00:00Z","Sales","Sales Specialist","Sydney","AU","9afd91cf-ec1b-9a3b-1291-bb2b975453c6","sage.moreau@example.com"
"2026-04-01","e11e67d1-593c-da1c-11ec-de213f02a479","Logan Okonkwo","logan.okonkwo2@example.com","logan.okonkwo2@example.com","Member","True","2023-08-03T00:00:00Z","Marketing","Marketing Specialist","Toronto","CA","90f63fda-a191-c217-7214-3aaf159a4db8","vale.vasquez@example.com"
"2026-04-01","77994a6a-7d3e-7a1b-94e5-60f53f385803","Indigo Ibarra","indigo.ibarra@example.com","indigo.ibarra@example.com","Member","True","2022-07-28T00:00:00Z","Finance","Finance Specialist","Sydney","AU","d17983e9-a667-9543-2987-0897ad2dab90","yael.nakamura@example.com"
"2026-04-01","7dcb845d-120c-b60d-6c5a-f9f7652bb787","Indigo Takahashi","indigo.takahashi2@example.com","indigo.takahashi2@example.com","Member","True","2022-03-25T00:00:00Z","Operations","Operations Specialist","Seattle","US","fe2779d4-0c57-fc16-069b-0340152f0b57","quinn.kowalski2@example.com"
"2026-04-01","2c46a23d-e98b-06e2-a9a1-4ce8c1ac65e5","Xan Haddad","xan.haddad@example.com","xan.haddad@example.com","Member","True","2025-03-26T00:00:00Z","Legal","Legal Specialist","Seattle","US","eb98825d-a20b-e701-efbc-1d56c88f4770","noor.vasquez@example.com"
"2026-04-01","3a0d656f-68ec-138f-80d1-358505804aba","Kai Yilmaz","kai.yilmaz@example.com","kai.yilmaz@example.com","Member","True","2023-06-26T00:00:00Z","Engineering","Engineering Specialist","Dublin","IE","8e8e478f-c884-7d82-2153-ca75421c1b52","sage.quintero@example.com"
"2026-04-01","ca0c062f-100d-b836-c5d1-08b13b764fd8","Avery Lindqvist","avery.lindqvist@example.com","avery.lindqvist@example.com","Member","True","2022-09-16T00:00:00Z","Sales","Sales Specialist","Sydney","AU","9afd91cf-ec1b-9a3b-1291-bb2b975453c6","sage.moreau@example.com"
"2026-04-01","d786ce5a-c66c-41e3-62ab-a6e02a48fc69","Oakley Abara","oakley.abara@example.com","oakley.abara@example.com","Member","True","2023-08-27T00:00:00Z","Marketing","Marketing Specialist","Seattle","US","9bc6831f-a8f2-ab13-73f4-8f2087c44f60","vale.kowalski@example.com"
"2026-04-01","ae4dd732-83c9-8e49-3171-25335ecec861","Umi Petrov","umi.petrov2@example.com","umi.petrov2@example.com","Member","True","2024-10-11T00:00:00Z","Finance","Finance Specialist","Austin","US","d17983e9-a667-9543-2987-0897ad2dab90","yael.nakamura@example.com"
"2026-04-01","1a56f52d-282b-f386-7ae6-7f52de64f082","Tatum Delacroix","tatum.delacroix@example.com","tatum.delacroix@example.com","Member","True","2025-07-14T00:00:00Z","Operations","Operations Specialist","Toronto","CA","f412cb99-db0b-e7c3-7ffb-dcaffa90f123","blair.rasmussen@example.com"
"2026-04-01","f00f547c-7385-5c81-7f9b-e923e4e4ad3c","Drew Quintero","drew.quintero@example.com","drew.quintero@example.com","Member","True","2023-09-07T00:00:00Z","Legal","Legal Specialist","Seattle","US","6eeb9fdf-ba96-d64c-2ec8-f7c9ec3a3d85","oakley.fontaine@example.com"
"2026-04-01","4b1356fd-d3f1-fa54-dd45-e0a92675cbd8","Yael Yilmaz","yael.yilmaz@example.com","yael.yilmaz@example.com","Member","True","2024-01-21T00:00:00Z","Engineering","Engineering Specialist","Austin","US","6348e0fb-da40-6590-8ee7-5f6000634176","noor.gallagher@example.com"
"2026-04-01","df742aa6-5cfc-fa6d-b7b3-024e536dec26","Casey Lindqvist","casey.lindqvist@example.com","casey.lindqvist@example.com","Member","True","2025-09-16T00:00:00Z","Sales","Sales Specialist","Seattle","US","490d2e0b-ac7e-8677-e89b-fb4babcf5c16","quinn.eriksen@example.com"
"2026-04-01","397e861f-3fbb-6ffd-19d4-571a9dccfad3","Sage Vasquez","sage.vasquez2@example.com","sage.vasquez2@example.com","Member","True","2024-03-13T00:00:00Z","Marketing","Marketing Specialist","Dublin","IE","2857d35c-f9d2-fce5-4bb9-70953e3c9810","marlowe.gallagher@example.com"
"2026-04-01","29435a66-9143-b856-89a5-972067e49720","Vale Eriksen","vale.eriksen@example.com","vale.eriksen@example.com","Member","True","2025-03-16T00:00:00Z","Finance","Finance Specialist","Dublin","IE","8695fc51-7f57-73c9-c005-5ed5d4b09587","noor.zawadzki@example.com"
"2026-04-01","e2e0fd5e-e75c-86b0-7219-440c76694ac5","Harper Yilmaz","harper.yilmaz@example.com","harper.yilmaz@example.com","Member","True","2023-11-13T00:00:00Z","Operations","Operations Specialist","Seattle","US","f412cb99-db0b-e7c3-7ffb-dcaffa90f123","blair.rasmussen@example.com"
"2026-04-01","74e644e9-363d-b9b3-35da-27a610913768","Avery Silva","avery.silva@example.com","avery.silva@example.com","Member","True","2024-03-09T00:00:00Z","Legal","Legal Specialist","Seattle","US","54417c87-f819-5aca-b463-7c013fc02def","jordan.kowalski@example.com"
"2026-04-01","7045cfe1-8b60-feaa-99d1-dc5645fad319","Drew Petrov","drew.petrov@example.com","drew.petrov@example.com","Member","True","2024-11-11T00:00:00Z","Engineering","Engineering Specialist","Toronto","CA","6348e0fb-da40-6590-8ee7-5f6000634176","noor.gallagher@example.com"
"2026-04-01","9851f734-9ef1-e5fb-32e2-4ce28799471a","Gray Abara","gray.abara@example.com","gray.abara@example.com","Member","True","2022-03-04T00:00:00Z","Sales","Sales Specialist","Dublin","IE","490d2e0b-ac7e-8677-e89b-fb4babcf5c16","quinn.eriksen@example.com"
"2026-04-01","67a9f990-a05b-e84e-3c17-8d9ed64f6b65","Jordan Lindqvist (partner3.example.com)","jordan.lindqvist_partner3.example.com#EXT#@example.onmicrosoft.com","jordan.lindqvist@partner3.example.com","Guest","True","2026-01-11T10:33:18Z","","","","","",""
"2026-04-01","a7904480-073a-9e17-7a77-8a169ba405ad","Gray Silva (partner4.example.com)","gray.silva_partner4.example.com#EXT#@example.onmicrosoft.com","gray.silva@partner4.example.com","Guest","True","2026-03-21T15:45:34Z","","","","","",""
"2026-04-01","c7b3bf13-7660-794d-c863-e6350633715f","Avery Abara (partner6.example.com)","avery.abara_partner6.example.com#EXT#@example.onmicrosoft.com","avery.abara@partner6.example.com","Guest","True","2026-02-17T17:14:01Z","","","","","",""
"2026-04-01","a02b96fa-eed6-ce68-6f07-ae284a76274e","Parker Takahashi (partner7.example.com)","parker.takahashi_partner7.example.com#EXT#@example.onmicrosoft.com","parker.takahashi@partner7.example.com","Guest","True","2026-02-17T13:08:46Z","","","","","",""
"2026-04-01","a35d431e-0643-0355-f718-ee18c51c9bbf","Casey Okonkwo (partner8.example.com)","casey.okonkwo_partner8.example.com#EXT#@example.onmicrosoft.com","casey.okonkwo@partner8.example.com","Guest","True","2026-02-26T18:52:10Z","","","","","",""
"2026-04-01","0ab03139-29b2-4be1-c6ce-c440bc7fba48","Indigo Rasmussen (partner10.example.com)","indigo.rasmussen_partner10.example.com#EXT#@example.onmicrosoft.com","indigo.rasmussen@partner10.example.com","Guest","True","2026-02-09T16:05:39Z","","","","","",""
"2026-04-01","7fd125a7-29ec-51b4-e4f6-84a2facf791e","Harper Rasmussen (partner3.example.com)","harper.rasmussen_partner3.example.com#EXT#@example.onmicrosoft.com","harper.rasmussen@partner3.example.com","Guest","True","2026-01-19T14:30:04Z","","","","","",""
"2026-04-01","b7f3c38a-68a2-7f10-bbf9-0f9f42a07f26","Avery Haddad (partner5.example.com)","avery.haddad_partner5.example.com#EXT#@example.onmicrosoft.com","avery.haddad@partner5.example.com","Guest","True","2026-02-20T14:24:25Z","","","","","",""
"2026-04-01","7660dd0f-bbd8-cf76-8d5f-685ef3c160f3","Wren Fontaine (partner6.example.com)","wren.fontaine_partner6.example.com#EXT#@example.onmicrosoft.com","wren.fontaine@partner6.example.com","Guest","True","2026-03-12T11:01:05Z","","","","","",""
"2026-04-01","dafb4783-e9f9-cbba-00a2-5a8236e4ccd1","Harper Gallagher (partner7.example.com)","harper.gallagher_partner7.example.com#EXT#@example.onmicrosoft.com","harper.gallagher@partner7.example.com","Guest","True","2026-02-25T17:33:41Z","","","","","",""
"2026-04-01","39a36998-9e60-6007-f628-c684737bf531","Logan Vasquez (partner9.example.com)","logan.vasquez_partner9.example.com#EXT#@example.onmicrosoft.com","logan.vasquez@partner9.example.com","Guest","True","2026-03-12T17:03:40Z","","","","","",""
"2026-04-01","02812435-de63-505c-e3ec-438515b99a26","Umi Ibarra (partner10.example.com)","umi.ibarra_partner10.example.com#EXT#@example.onmicrosoft.com","umi.ibarra@partner10.example.com","Guest","True","2026-01-21T15:16:10Z","","","","","",""
"2026-04-01","5c23838b-802a-b9de-9b16-0741096d923b","Drew Eriksen (partner12.example.com)","drew.eriksen_partner12.example.com#EXT#@example.onmicrosoft.com","drew.eriksen@partner12.example.com","Guest","True","2026-02-02T12:08:17Z","","","","","",""
"2026-04-01","16b624eb-2eba-0873-cfea-d6e431c4aa9b","Casey Kowalski (partner1.example.com)","casey.kowalski_partner1.example.com#EXT#@example.onmicrosoft.com","casey.kowalski@partner1.example.com","Guest","True","2026-03-27T18:10:21Z","","","","","",""
"2026-04-01","94daa1a3-aa11-1570-0237-d061788018a0","Finley Haddad (partner5.example.com)","finley.haddad_partner5.example.com#EXT#@example.onmicrosoft.com","finley.haddad@partner5.example.com","Guest","True","2026-02-17T08:52:35Z","","","","","",""
"2026-04-01","e5072603-ccba-90ae-017b-4cbb5b5c57b4","Blair Kowalski (partner6.example.com)","blair.kowalski_partner6.example.com#EXT#@example.onmicrosoft.com","blair.kowalski@partner6.example.com","Guest","True","2026-01-31T11:21:58Z","","","","","",""
"2026-04-01","72c24b7a-616e-9ed1-0d84-6930486a21d0","Reese Ibarra (partner7.example.com)","reese.ibarra_partner7.example.com#EXT#@example.onmicrosoft.com","reese.ibarra@partner7.example.com","Guest","True","2026-01-14T19:17:52Z","","","","","",""
"2026-04-01","2eef2af4-2aac-b53d-d074-a100e1235ad1","Yael Silva (partner9.example.com)","yael.silva_partner9.example.com#EXT#@example.onmicrosoft.com","yael.silva@partner9.example.com","Guest","True","2026-03-07T12:16:18Z","","","","","",""
"2026-04-01","4e84cc4d-d6d1-248d-50ab-8724b6a35057","Blair Jovanovic (partner10.example.com)","blair.jovanovic_partner10.example.com#EXT#@example.onmicrosoft.com","blair.jovanovic@partner10.example.com","Guest","True","2026-01-15T14:36:07Z","","","","","",""
"2026-04-01","12869724-5830-e031-dc71-3182a3ca73bc","Blair Eriksen (partner11.example.com)","blair.eriksen_partner11.example.com#EXT#@example.onmicrosoft.com","blair.eriksen@partner11.example.com","Guest","True","2026-01-24T10:38:16Z","","","","","",""
"2026-04-01","b1d60cd2-c41e-a635-33a5-b905217ec138","Sage Nakamura (partner5.example.com)","sage.nakamura_partner5.example.com#EXT#@example.onmicrosoft.com","sage.nakamura@partner5.example.com","Guest","True","2026-03-11T18:44:33Z","","","","","",""
"2026-04-01","f0ce2995-b75c-3458-aae5-9fdcf46dd40d","Reese Moreau (partner6.example.com)","reese.moreau_partner6.example.com#EXT#@example.onmicrosoft.com","reese.moreau@partner6.example.com","Guest","True","2026-01-09T18:03:25Z","","","","","",""
"2026-04-01","fd7aa7f1-51e6-4de0-21c6-46ecbf93f045","Jordan Abara (partner9.example.com)","jordan.abara_partner9.example.com#EXT#@example.onmicrosoft.com","jordan.abara@partner9.example.com","Guest","True","2026-01-28T07:56:30Z","","","","","",""
"2026-04-01","ea81087d-4636-4ac3-53aa-880663dfadf8","Yael Fontaine (partner10.example.com)","yael.fontaine_partner10.example.com#EXT#@example.onmicrosoft.com","yael.fontaine@partner10.example.com","Guest","True","2026-03-18T11:52:43Z","","","","","",""
"2026-04-01","db5625e8-f6c3-fff4-398a-df5cb54e80dd","Umi Xiong (partner12.example.com)","umi.xiong_partner12.example.com#EXT#@example.onmicrosoft.com","umi.xiong@partner12.example.com","Guest","True","2026-01-29T09:55:08Z","","","","","",""
"2026-04-01","2e37ffce-ce9f-c07b-5161-2ff713d54290","Logan Nakamura (partner1.example.com)","logan.nakamura_partner1.example.com#EXT#@example.onmicrosoft.com","logan.nakamura@partner1.example.com","Guest","True","2026-02-21T18:50:11Z","","","","","",""
"2026-04-01","9145356f-c0fc-c57a-28f4-c70beb10e1f5","Kai Ibarra (partner2.example.com)","kai.ibarra_partner2.example.com#EXT#@example.onmicrosoft.com","kai.ibarra@partner2.example.com","Guest","True","2026-01-19T13:07:53Z","","","","","",""
"2026-04-01","5f6e7e00-1588-dc5b-5e45-7bbf646e7d4e","Reese Quintero (partner3.example.com)","reese.quintero_partner3.example.com#EXT#@example.onmicrosoft.com","reese.quintero@partner3.example.com","Guest","True","2026-03-11T15:44:49Z","","","","","",""
"2026-05-01","d01fa0f0-8491-6aec-ff4e-305b600a5d77","Harper Jovanovic","harper.jovanovic@example.com","harper.jovanovic@example.com","Member","True","2025-07-06T00:00:00Z","Operations","Chief Executive","Austin","US",,
"2026-05-01","01e26f3d-33e5-1b75-67e6-dc93d37f23ec","Quinn Kowalski","quinn.kowalski@example.com","quinn.kowalski@example.com","Member","True","2022-03-24T00:00:00Z","Engineering","Director, Engineering","Toronto","CA","d01fa0f0-8491-6aec-ff4e-305b600a5d77","harper.jovanovic@example.com"
"2026-05-01","7a5172e6-1e09-fb9d-0174-040e1f69f280","Blair Zawadzki","blair.zawadzki@example.com","blair.zawadzki@example.com","Member","True","2024-11-24T00:00:00Z","Sales","Director, Sales","Toronto","CA","d01fa0f0-8491-6aec-ff4e-305b600a5d77","harper.jovanovic@example.com"
"2026-05-01","1902d00f-9d72-e088-e671-a3c33c8c48ca","Tatum Chaudhry","tatum.chaudhry@example.com","tatum.chaudhry@example.com","Member","True","2024-04-29T00:00:00Z","Marketing","Director, Marketing","Toronto","CA","d01fa0f0-8491-6aec-ff4e-305b600a5d77","harper.jovanovic@example.com"
"2026-05-01","f31a7995-cde1-6973-8ca2-2fb689567c15","Sage Delacroix","sage.delacroix@example.com","sage.delacroix@example.com","Member","True","2024-11-04T00:00:00Z","Finance","Director, Finance","Dublin","IE","d01fa0f0-8491-6aec-ff4e-305b600a5d77","harper.jovanovic@example.com"
"2026-05-01","8f14bc96-41d1-93d1-2028-62542524c795","Zephyr Bergstrom","zephyr.bergstrom@example.com","zephyr.bergstrom@example.com","Member","True","2025-10-16T00:00:00Z","Operations","Director, Operations","Toronto","CA","d01fa0f0-8491-6aec-ff4e-305b600a5d77","harper.jovanovic@example.com"
"2026-05-01","44541f2a-ed42-e639-0f32-5ae6608c30d8","Oakley Moreau","oakley.moreau@example.com","oakley.moreau@example.com","Member","True","2022-09-02T00:00:00Z","Legal","Director, Legal","Austin","US","d01fa0f0-8491-6aec-ff4e-305b600a5d77","harper.jovanovic@example.com"
"2026-05-01","6348e0fb-da40-6590-8ee7-5f6000634176","Noor Gallagher","noor.gallagher@example.com","noor.gallagher@example.com","Member","True","2023-06-20T00:00:00Z","Engineering","Engineering Manager","Toronto","CA","01e26f3d-33e5-1b75-67e6-dc93d37f23ec","quinn.kowalski@example.com"
"2026-05-01","ed83eb08-7cce-99f3-f4ee-302aee96a84a","Vale Takahashi","vale.takahashi@example.com","vale.takahashi@example.com","Member","True","2023-11-29T00:00:00Z","Sales","Sales Manager","Toronto","CA","7a5172e6-1e09-fb9d-0174-040e1f69f280","blair.zawadzki@example.com"
"2026-05-01","2857d35c-f9d2-fce5-4bb9-70953e3c9810","Marlowe Gallagher","marlowe.gallagher@example.com","marlowe.gallagher@example.com","Member","True","2024-03-03T00:00:00Z","Marketing","Marketing Manager","Seattle","US","1902d00f-9d72-e088-e671-a3c33c8c48ca","tatum.chaudhry@example.com"
"2026-05-01","9f71f7e6-35b7-6972-bbf6-a078cbe48834","Wren Petrov","wren.petrov@example.com","wren.petrov@example.com","Member","True","2023-10-13T00:00:00Z","Finance","Finance Manager","Seattle","US","f31a7995-cde1-6973-8ca2-2fb689567c15","sage.delacroix@example.com"
"2026-05-01","3a4ef796-9a7e-b1eb-fe97-ee7b5a408165","Avery Xiong","avery.xiong@example.com","avery.xiong@example.com","Member","True","2024-02-14T00:00:00Z","Operations","Operations Manager","Sydney","AU","8f14bc96-41d1-93d1-2028-62542524c795","zephyr.bergstrom@example.com"
"2026-05-01","54417c87-f819-5aca-b463-7c013fc02def","Jordan Kowalski","jordan.kowalski@example.com","jordan.kowalski@example.com","Member","True","2025-04-20T00:00:00Z","Legal","Legal Manager","Dublin","IE","44541f2a-ed42-e639-0f32-5ae6608c30d8","oakley.moreau@example.com"
"2026-05-01","236bc049-2408-8b1d-6323-d2dbe97d4d19","Parker Chaudhry","parker.chaudhry@example.com","parker.chaudhry@example.com","Member","True","2023-05-26T00:00:00Z","Engineering","Engineering Manager","Seattle","US","01e26f3d-33e5-1b75-67e6-dc93d37f23ec","quinn.kowalski@example.com"
"2026-05-01","9afd91cf-ec1b-9a3b-1291-bb2b975453c6","Sage Moreau","sage.moreau@example.com","sage.moreau@example.com","Member","True","2021-12-17T00:00:00Z","Sales","Sales Manager","Austin","US","7a5172e6-1e09-fb9d-0174-040e1f69f280","blair.zawadzki@example.com"
"2026-05-01","90f63fda-a191-c217-7214-3aaf159a4db8","Vale Vasquez","vale.vasquez@example.com","vale.vasquez@example.com","Member","True","2025-11-21T00:00:00Z","Marketing","Marketing Manager","Austin","US","1902d00f-9d72-e088-e671-a3c33c8c48ca","tatum.chaudhry@example.com"
"2026-05-01","d17983e9-a667-9543-2987-0897ad2dab90","Yael Nakamura","yael.nakamura@example.com","yael.nakamura@example.com","Member","True","2023-05-04T00:00:00Z","Finance","Finance Manager","Sydney","AU","f31a7995-cde1-6973-8ca2-2fb689567c15","sage.delacroix@example.com"
"2026-05-01","fe2779d4-0c57-fc16-069b-0340152f0b57","Quinn Kowalski","quinn.kowalski2@example.com","quinn.kowalski2@example.com","Member","True","2021-12-13T00:00:00Z","Operations","Operations Manager","Austin","US","8f14bc96-41d1-93d1-2028-62542524c795","zephyr.bergstrom@example.com"
"2026-05-01","eb98825d-a20b-e701-efbc-1d56c88f4770","Noor Vasquez","noor.vasquez@example.com","noor.vasquez@example.com","Member","True","2025-11-25T00:00:00Z","Legal","Legal Manager","Toronto","CA","44541f2a-ed42-e639-0f32-5ae6608c30d8","oakley.moreau@example.com"
"2026-05-01","8e8e478f-c884-7d82-2153-ca75421c1b52","Sage Quintero","sage.quintero@example.com","sage.quintero@example.com","Member","True","2025-04-14T00:00:00Z","Engineering","Engineering Manager","Toronto","CA","01e26f3d-33e5-1b75-67e6-dc93d37f23ec","quinn.kowalski@example.com"
"2026-05-01","490d2e0b-ac7e-8677-e89b-fb4babcf5c16","Quinn Eriksen","quinn.eriksen@example.com","quinn.eriksen@example.com","Member","True","2025-08-22T00:00:00Z","Sales","Sales Manager","Dublin","IE","7a5172e6-1e09-fb9d-0174-040e1f69f280","blair.zawadzki@example.com"
"2026-05-01","9bc6831f-a8f2-ab13-73f4-8f2087c44f60","Vale Kowalski","vale.kowalski@example.com","vale.kowalski@example.com","Member","True","2024-06-06T00:00:00Z","Marketing","Marketing Manager","Austin","US","1902d00f-9d72-e088-e671-a3c33c8c48ca","tatum.chaudhry@example.com"
"2026-05-01","8695fc51-7f57-73c9-c005-5ed5d4b09587","Noor Zawadzki","noor.zawadzki@example.com","noor.zawadzki@example.com","Member","True","2023-05-22T00:00:00Z","Finance","Finance Manager","Seattle","US","f31a7995-cde1-6973-8ca2-2fb689567c15","sage.delacroix@example.com"
"2026-05-01","f412cb99-db0b-e7c3-7ffb-dcaffa90f123","Blair Rasmussen","blair.rasmussen@example.com","blair.rasmussen@example.com","Member","True","2023-10-01T00:00:00Z","Operations","Operations Manager","Toronto","CA","8f14bc96-41d1-93d1-2028-62542524c795","zephyr.bergstrom@example.com"
"2026-05-01","6eeb9fdf-ba96-d64c-2ec8-f7c9ec3a3d85","Oakley Fontaine","oakley.fontaine@example.com","oakley.fontaine@example.com","Member","True","2025-10-03T00:00:00Z","Legal","Legal Manager","Sydney","AU","44541f2a-ed42-e639-0f32-5ae6608c30d8","oakley.moreau@example.com"
"2026-05-01","c4f3e1bb-ae28-43da-bf72-98292ce4f6f9","Wren Gallagher","wren.gallagher@example.com","wren.gallagher@example.com","Member","True","2022-02-14T00:00:00Z","Sales","Sales Specialist","Austin","US","9afd91cf-ec1b-9a3b-1291-bb2b975453c6","sage.moreau@example.com"
"2026-05-01","b7b9ed8f-1203-c0c2-526b-394dc4c7b7fd","Sage Silva","sage.silva@example.com","sage.silva@example.com","Member","True","2025-09-08T00:00:00Z","Marketing","Marketing Specialist","Toronto","CA","2857d35c-f9d2-fce5-4bb9-70953e3c9810","marlowe.gallagher@example.com"
"2026-05-01","bb1608e0-ce2f-089c-4344-a546432aedce","Emery Silva","emery.silva@example.com","emery.silva@example.com","Member","True","2022-12-13T00:00:00Z","Finance","Finance Specialist","Toronto","CA","d17983e9-a667-9543-2987-0897ad2dab90","yael.nakamura@example.com"
"2026-05-01","54f119eb-4b39-6464-2df8-4db85e757087","Kai Silva","kai.silva@example.com","kai.silva@example.com","Member","True","2025-03-03T00:00:00Z","Operations","Operations Specialist","Seattle","US","fe2779d4-0c57-fc16-069b-0340152f0b57","quinn.kowalski2@example.com"
"2026-05-01","0e7cba76-f2c5-990a-dae8-d56f662ffbc6","Gray Haddad","gray.haddad@example.com","gray.haddad@example.com","Member","True","2025-11-30T00:00:00Z","Legal","Legal Specialist","Sydney","AU","54417c87-f819-5aca-b463-7c013fc02def","jordan.kowalski@example.com"
"2026-05-01","4ada376a-ecf6-cde8-b965-f829b48b9f31","Indigo Xiong","indigo.xiong@example.com","indigo.xiong@example.com","Member","True","2021-12-31T00:00:00Z","Engineering","Engineering Specialist","Seattle","US","6348e0fb-da40-6590-8ee7-5f6000634176","noor.gallagher@example.com"
"2026-05-01","448aca40-dd22-2e52-7aaa-70137ca4ca3e","Wren Zawadzki","wren.zawadzki@example.com","wren.zawadzki@example.com","Member","True","2025-11-02T00:00:00Z","Sales","Sales Specialist","Toronto","CA","9afd91cf-ec1b-9a3b-1291-bb2b975453c6","sage.moreau@example.com"
"2026-05-01","74df3d0a-acf0-dabb-8fca-2934333ba39f","Blair Nakamura","blair.nakamura@example.com","blair.nakamura@example.com","Member","True","2024-04-14T00:00:00Z","Marketing","Marketing Specialist","Dublin","IE","9bc6831f-a8f2-ab13-73f4-8f2087c44f60","vale.kowalski@example.com"
"2026-05-01","0f52b99a-e4f5-0fad-c160-516acbb63c03","Xan Whitfield","xan.whitfield@example.com","xan.whitfield@example.com","Member","True","2022-01-27T00:00:00Z","Finance","Finance Specialist","Seattle","US","d17983e9-a667-9543-2987-0897ad2dab90","yael.nakamura@example.com"
"2026-05-01","af9e7722-3b81-41e0-002b-914a0afe3d50","Emery Jovanovic","emery.jovanovic@example.com","emery.jovanovic@example.com","Member","True","2024-05-07T00:00:00Z","Operations","Operations Specialist","Dublin","IE","fe2779d4-0c57-fc16-069b-0340152f0b57","quinn.kowalski2@example.com"
"2026-05-01","2e19abff-be79-7c68-ffa0-b49841b1f723","Oakley Xiong","oakley.xiong@example.com","oakley.xiong@example.com","Member","True","2025-04-21T00:00:00Z","Legal","Legal Specialist","Sydney","AU","54417c87-f819-5aca-b463-7c013fc02def","jordan.kowalski@example.com"
"2026-05-01","950e6b04-07cf-cc60-78eb-181a96487776","Gray Haddad","gray.haddad2@example.com","gray.haddad2@example.com","Member","True","2025-11-02T00:00:00Z","Engineering","Engineering Specialist","Seattle","US","6348e0fb-da40-6590-8ee7-5f6000634176","noor.gallagher@example.com"
"2026-05-01","604163d3-f977-5808-071a-354742c40793","Xan Quintero","xan.quintero@example.com","xan.quintero@example.com","Member","True","2022-07-08T00:00:00Z","Sales","Sales Specialist","Toronto","CA","9afd91cf-ec1b-9a3b-1291-bb2b975453c6","sage.moreau@example.com"
"2026-05-01","13049b5d-9987-f801-3a80-c5ab6ccbe7a0","Casey Ibarra","casey.ibarra@example.com","casey.ibarra@example.com","Member","True","2021-12-04T00:00:00Z","Marketing","Marketing Specialist","Sydney","AU","90f63fda-a191-c217-7214-3aaf159a4db8","vale.vasquez@example.com"
"2026-05-01","5dc507fe-d1b5-d1d8-40e3-d9d910c46537","Blair Eriksen","blair.eriksen@example.com","blair.eriksen@example.com","Member","True","2025-08-10T00:00:00Z","Finance","Finance Specialist","Austin","US","9f71f7e6-35b7-6972-bbf6-a078cbe48834","wren.petrov@example.com"
"2026-05-01","861e0ff7-8a55-76da-dd67-69ee65897355","Harper Quintero","harper.quintero@example.com","harper.quintero@example.com","Member","True","2024-11-11T00:00:00Z","Operations","Operations Specialist","Dublin","IE","3a4ef796-9a7e-b1eb-fe97-ee7b5a408165","avery.xiong@example.com"
"2026-05-01","56b830c1-eba7-a79a-66af-41fbd440deee","Reese Ueda","reese.ueda@example.com","reese.ueda@example.com","Member","True","2023-12-23T00:00:00Z","Legal","Legal Specialist","Dublin","IE","54417c87-f819-5aca-b463-7c013fc02def","jordan.kowalski@example.com"
"2026-05-01","d9f361f7-ea7a-8774-510f-60b8d0241bc6","Vale Bergstrom","vale.bergstrom@example.com","vale.bergstrom@example.com","Member","True","2023-11-20T00:00:00Z","Engineering","Engineering Specialist","Toronto","CA","6348e0fb-da40-6590-8ee7-5f6000634176","noor.gallagher@example.com"
"2026-05-01","2d1032ef-6d25-251a-aa84-6c979e32be60","Vale Ueda","vale.ueda@example.com","vale.ueda@example.com","Member","True","2022-11-29T00:00:00Z","Sales","Sales Specialist","Dublin","IE","490d2e0b-ac7e-8677-e89b-fb4babcf5c16","quinn.eriksen@example.com"
"2026-05-01","57561377-894e-b02b-2418-97215f9d3cc4","Sage Haddad","sage.haddad@example.com","sage.haddad@example.com","Member","True","2025-10-05T00:00:00Z","Marketing","Marketing Specialist","Austin","US","90f63fda-a191-c217-7214-3aaf159a4db8","vale.vasquez@example.com"
"2026-05-01","ccdd4ed0-c9a3-9e19-65bb-8a78eb23f3dc","Wren Petrov","wren.petrov2@example.com","wren.petrov2@example.com","Member","True","2024-11-03T00:00:00Z","Finance","Finance Specialist","Toronto","CA","d17983e9-a667-9543-2987-0897ad2dab90","yael.nakamura@example.com"
"2026-05-01","92006a42-4aed-0138-f6f9-0f762bcfeb28","Emery Xiong","emery.xiong@example.com","emery.xiong@example.com","Member","True","2022-02-18T00:00:00Z","Operations","Operations Specialist","Sydney","AU","f412cb99-db0b-e7c3-7ffb-dcaffa90f123","blair.rasmussen@example.com"
"2026-05-01","694a8c6f-1e8e-3b36-aa5f-e897e616ca66","Noor Bergstrom","noor.bergstrom@example.com","noor.bergstrom@example.com","Member","True","2024-03-14T00:00:00Z","Legal","Legal Specialist","Dublin","IE","eb98825d-a20b-e701-efbc-1d56c88f4770","noor.vasquez@example.com"
"2026-05-01","6ba81891-13ab-1b4d-37cb-a65205592db5","Harper Ueda","harper.ueda@example.com","harper.ueda@example.com","Member","True","2022-11-26T00:00:00Z","Engineering","Engineering Specialist","Dublin","IE","6348e0fb-da40-6590-8ee7-5f6000634176","noor.gallagher@example.com"
"2026-05-01","9657fc14-7711-148f-0585-d9eaa95bf456","Umi Xiong","umi.xiong@example.com","umi.xiong@example.com","Member","True","2022-12-28T00:00:00Z","Sales","Sales Specialist","Dublin","IE","490d2e0b-ac7e-8677-e89b-fb4babcf5c16","quinn.eriksen@example.com"
"2026-05-01","de031ad0-95b9-8d92-e914-46b747114494","Logan Okonkwo","logan.okonkwo@example.com","logan.okonkwo@example.com","Member","True","2023-09-08T00:00:00Z","Marketing","Marketing Specialist","Sydney","AU","9bc6831f-a8f2-ab13-73f4-8f2087c44f60","vale.kowalski@example.com"
"2026-05-01","b2163983-bbf1-a9a8-64d6-d041d988fdfa","Tatum Gallagher","tatum.gallagher@example.com","tatum.gallagher@example.com","Member","True","2025-03-16T00:00:00Z","Finance","Finance Specialist","Dublin","IE","8695fc51-7f57-73c9-c005-5ed5d4b09587","noor.zawadzki@example.com"
"2026-05-01","f02b02e4-223f-98a3-1760-95d28489f797","Finley Delacroix","finley.delacroix@example.com","finley.delacroix@example.com","Member","True","2022-01-21T00:00:00Z","Operations","Operations Specialist","Austin","US","fe2779d4-0c57-fc16-069b-0340152f0b57","quinn.kowalski2@example.com"
"2026-05-01","1228e9ec-0543-bede-1349-9a4934de4f80","Tatum Rasmussen","tatum.rasmussen@example.com","tatum.rasmussen@example.com","Member","True","2025-06-10T00:00:00Z","Legal","Legal Specialist","Dublin","IE","54417c87-f819-5aca-b463-7c013fc02def","jordan.kowalski@example.com"
"2026-05-01","04921018-fd41-50bd-9166-f6a78adf8ffb","Logan Whitfield","logan.whitfield@example.com","logan.whitfield@example.com","Member","True","2022-12-29T00:00:00Z","Engineering","Engineering Specialist","Sydney","AU","8e8e478f-c884-7d82-2153-ca75421c1b52","sage.quintero@example.com"
"2026-05-01","cd84e443-4bc5-a69e-3976-89dede1ee5db","Avery Delacroix","avery.delacroix@example.com","avery.delacroix@example.com","Member","True","2025-08-04T00:00:00Z","Sales","Sales Specialist","Seattle","US","9afd91cf-ec1b-9a3b-1291-bb2b975453c6","sage.moreau@example.com"
"2026-05-01","ad2d8e48-f353-55be-4e54-a7f578388b33","Blair Gallagher","blair.gallagher@example.com","blair.gallagher@example.com","Member","True","2023-10-26T00:00:00Z","Marketing","Marketing Specialist","Sydney","AU","9bc6831f-a8f2-ab13-73f4-8f2087c44f60","vale.kowalski@example.com"
"2026-05-01","1a16165f-17dc-6bc8-fab3-a4b54867f2b5","Marlowe Bergstrom","marlowe.bergstrom@example.com","marlowe.bergstrom@example.com","Member","True","2022-06-23T00:00:00Z","Finance","Finance Specialist","Austin","US","8695fc51-7f57-73c9-c005-5ed5d4b09587","noor.zawadzki@example.com"
"2026-05-01","e557498c-94cf-a666-93b1-5092e4d9e631","Noor Ueda","noor.ueda@example.com","noor.ueda@example.com","Member","True","2024-01-12T00:00:00Z","Operations","Operations Specialist","Seattle","US","f412cb99-db0b-e7c3-7ffb-dcaffa90f123","blair.rasmussen@example.com"
"2026-05-01","9a5a522a-f1af-11ac-46d5-7bb44a6d6916","Logan Ueda","logan.ueda@example.com","logan.ueda@example.com","Member","True","2021-12-22T00:00:00Z","Legal","Legal Specialist","Seattle","US","6eeb9fdf-ba96-d64c-2ec8-f7c9ec3a3d85","oakley.fontaine@example.com"
"2026-05-01","48d822b1-1163-6ed0-80c0-3ea5063da739","Noor Chaudhry","noor.chaudhry@example.com","noor.chaudhry@example.com","Member","True","2022-12-31T00:00:00Z","Engineering","Engineering Specialist","Austin","US","6348e0fb-da40-6590-8ee7-5f6000634176","noor.gallagher@example.com"
"2026-05-01","be5f55e8-9c35-7747-70d0-7245c7888a08","Quinn Silva","quinn.silva@example.com","quinn.silva@example.com","Member","True","2023-01-28T00:00:00Z","Sales","Sales Specialist","Seattle","US","9afd91cf-ec1b-9a3b-1291-bb2b975453c6","sage.moreau@example.com"
"2026-05-01","85903d20-d697-0dad-c52f-2701fb6d605c","Tatum Yilmaz","tatum.yilmaz@example.com","tatum.yilmaz@example.com","Member","True","2025-02-19T00:00:00Z","Marketing","Marketing Specialist","Toronto","CA","2857d35c-f9d2-fce5-4bb9-70953e3c9810","marlowe.gallagher@example.com"
"2026-05-01","b0fe58ca-f84e-7ede-b39e-bfdc8698bdaa","Gray Zawadzki","gray.zawadzki@example.com","gray.zawadzki@example.com","Member","True","2023-03-10T00:00:00Z","Finance","Finance Specialist","Sydney","AU","d17983e9-a667-9543-2987-0897ad2dab90","yael.nakamura@example.com"
"2026-05-01","41b23aef-70a8-5a4a-282e-4560fe6fd3c8","Noor Petrov","noor.petrov@example.com","noor.petrov@example.com","Member","True","2024-10-27T00:00:00Z","Operations","Operations Specialist","Toronto","CA","f412cb99-db0b-e7c3-7ffb-dcaffa90f123","blair.rasmussen@example.com"
"2026-05-01","27592ff8-4a70-637a-afb5-97e9f3b3d78f","Yael Vasquez","yael.vasquez@example.com","yael.vasquez@example.com","Member","True","2023-05-02T00:00:00Z","Legal","Legal Specialist","Austin","US","eb98825d-a20b-e701-efbc-1d56c88f4770","noor.vasquez@example.com"
"2026-05-01","845683ad-5e59-16de-c4f5-6be4a28767c0","Finley Nakamura","finley.nakamura@example.com","finley.nakamura@example.com","Member","True","2022-04-01T00:00:00Z","Engineering","Engineering Specialist","Austin","US","8e8e478f-c884-7d82-2153-ca75421c1b52","sage.quintero@example.com"
"2026-05-01","72aae6f6-5b96-4b6c-9844-2182d858f174","Yael Quintero","yael.quintero@example.com","yael.quintero@example.com","Member","True","2022-05-22T00:00:00Z","Sales","Sales Specialist","Dublin","IE","9afd91cf-ec1b-9a3b-1291-bb2b975453c6","sage.moreau@example.com"
"2026-05-01","ba9f636c-b34a-6c47-4b17-ae1beca9e8c7","Emery Quintero","emery.quintero@example.com","emery.quintero@example.com","Member","True","2024-02-28T00:00:00Z","Marketing","Marketing Specialist","Toronto","CA","2857d35c-f9d2-fce5-4bb9-70953e3c9810","marlowe.gallagher@example.com"
"2026-05-01","807e92f1-e9d3-4a0c-96f3-e70bbdbef292","Tatum Ibarra","tatum.ibarra@example.com","tatum.ibarra@example.com","Member","True","2024-04-03T00:00:00Z","Finance","Finance Specialist","Sydney","AU","9f71f7e6-35b7-6972-bbf6-a078cbe48834","wren.petrov@example.com"
"2026-05-01","80ff0014-0596-2f95-7029-9af5e6cf1fd9","Oakley Vasquez","oakley.vasquez@example.com","oakley.vasquez@example.com","Member","True","2024-05-06T00:00:00Z","Operations","Operations Specialist","Dublin","IE","fe2779d4-0c57-fc16-069b-0340152f0b57","quinn.kowalski2@example.com"
"2026-05-01","58d6fca6-a230-2d5e-b656-80e9bb0ae9f1","Yael Eriksen","yael.eriksen@example.com","yael.eriksen@example.com","Member","True","2024-07-31T00:00:00Z","Legal","Legal Specialist","Austin","US","6eeb9fdf-ba96-d64c-2ec8-f7c9ec3a3d85","oakley.fontaine@example.com"
"2026-05-01","6cd9dc53-f258-ed24-9f18-ac2808c63c17","Casey Yilmaz","casey.yilmaz@example.com","casey.yilmaz@example.com","Member","True","2024-10-21T00:00:00Z","Engineering","Engineering Specialist","Sydney","AU","8e8e478f-c884-7d82-2153-ca75421c1b52","sage.quintero@example.com"
"2026-05-01","1a7867a7-b1a9-dc39-e62e-46e735190dc9","Quinn Zawadzki","quinn.zawadzki@example.com","quinn.zawadzki@example.com","Member","True","2024-05-20T00:00:00Z","Sales","Sales Specialist","Toronto","CA","ed83eb08-7cce-99f3-f4ee-302aee96a84a","vale.takahashi@example.com"
"2026-05-01","9d8e707d-57a9-f5e1-ced1-c7ecaef626eb","Yael Ueda","yael.ueda@example.com","yael.ueda@example.com","Member","True","2025-04-14T00:00:00Z","Marketing","Marketing Specialist","Austin","US","2857d35c-f9d2-fce5-4bb9-70953e3c9810","marlowe.gallagher@example.com"
"2026-05-01","700748b8-c5d2-eff3-b872-f4c0a5117636","Emery Nakamura","emery.nakamura@example.com","emery.nakamura@example.com","Member","True","2024-11-28T00:00:00Z","Finance","Finance Specialist","Seattle","US","9f71f7e6-35b7-6972-bbf6-a078cbe48834","wren.petrov@example.com"
"2026-05-01","140e43cf-5967-3e39-f221-6564a7598534","Avery Chaudhry","avery.chaudhry@example.com","avery.chaudhry@example.com","Member","True","2025-06-24T00:00:00Z","Operations","Operations Specialist","Seattle","US","f412cb99-db0b-e7c3-7ffb-dcaffa90f123","blair.rasmussen@example.com"
"2026-05-01","5b3cf264-06dd-9c46-80ef-12894e70d775","Xan Takahashi","xan.takahashi@example.com","xan.takahashi@example.com","Member","True","2022-10-11T00:00:00Z","Legal","Legal Specialist","Sydney","AU","6eeb9fdf-ba96-d64c-2ec8-f7c9ec3a3d85","oakley.fontaine@example.com"
"2026-05-01","97fcb48c-8f0d-4c18-8c41-cdbb108deddd","Logan Ibarra","logan.ibarra@example.com","logan.ibarra@example.com","Member","True","2025-02-22T00:00:00Z","Engineering","Engineering Specialist","Toronto","CA","8e8e478f-c884-7d82-2153-ca75421c1b52","sage.quintero@example.com"
"2026-05-01","02be9c12-dc0f-3716-8210-fa75145157af","Zephyr Gallagher","zephyr.gallagher@example.com","zephyr.gallagher@example.com","Member","True","2025-07-02T00:00:00Z","Sales","Sales Specialist","Dublin","IE","9afd91cf-ec1b-9a3b-1291-bb2b975453c6","sage.moreau@example.com"
"2026-05-01","3e10faed-5722-c078-82fa-6d87bda867ef","Noor Rasmussen","noor.rasmussen@example.com","noor.rasmussen@example.com","Member","True","2025-08-23T00:00:00Z","Marketing","Marketing Specialist","Sydney","AU","9bc6831f-a8f2-ab13-73f4-8f2087c44f60","vale.kowalski@example.com"
"2026-05-01","7bc9e179-5747-bfa6-353e-e66165e87217","Kai Xiong","kai.xiong@example.com","kai.xiong@example.com","Member","True","2023-09-30T00:00:00Z","Finance","Finance Specialist","Sydney","AU","d17983e9-a667-9543-2987-0897ad2dab90","yael.nakamura@example.com"
"2026-05-01","87b45563-72a2-6bb8-e968-b9fc1d1cd40c","Quinn Silva","quinn.silva2@example.com","quinn.silva2@example.com","Member","True","2022-01-28T00:00:00Z","Operations","Operations Specialist","Sydney","AU","fe2779d4-0c57-fc16-069b-0340152f0b57","quinn.kowalski2@example.com"
"2026-05-01","438bb9b0-0c13-d422-364f-627618d0cd24","Gray Takahashi","gray.takahashi@example.com","gray.takahashi@example.com","Member","True","2025-05-21T00:00:00Z","Legal","Legal Specialist","Austin","US","eb98825d-a20b-e701-efbc-1d56c88f4770","noor.vasquez@example.com"
"2026-05-01","cdd53b9f-ea85-4844-1466-e6f8871607a9","Zephyr Quintero","zephyr.quintero@example.com","zephyr.quintero@example.com","Member","True","2022-01-29T00:00:00Z","Engineering","Engineering Specialist","Sydney","AU","6348e0fb-da40-6590-8ee7-5f6000634176","noor.gallagher@example.com"
"2026-05-01","9a35e34f-4205-4de4-4faf-deeeba222a75","Vale Lindqvist","vale.lindqvist@example.com","vale.lindqvist@example.com","Member","True","2024-09-07T00:00:00Z","Sales","Sales Specialist","Seattle","US","9afd91cf-ec1b-9a3b-1291-bb2b975453c6","sage.moreau@example.com"
"2026-05-01","cfc0d9c8-6a68-02ee-c823-5abccd4385bb","Vale Ueda","vale.ueda2@example.com","vale.ueda2@example.com","Member","True","2024-06-26T00:00:00Z","Marketing","Marketing Specialist","Seattle","US","9bc6831f-a8f2-ab13-73f4-8f2087c44f60","vale.kowalski@example.com"
"2026-05-01","64f8f606-f787-653d-eb91-c50cb24bcd75","Drew Gallagher","drew.gallagher@example.com","drew.gallagher@example.com","Member","True","2022-04-10T00:00:00Z","Finance","Finance Specialist","Seattle","US","d17983e9-a667-9543-2987-0897ad2dab90","yael.nakamura@example.com"
"2026-05-01","2c85e154-2254-7721-9d6f-70a9f57c22d1","Drew Haddad","drew.haddad@example.com","drew.haddad@example.com","Member","True","2021-12-01T00:00:00Z","Operations","Operations Specialist","Dublin","IE","f412cb99-db0b-e7c3-7ffb-dcaffa90f123","blair.rasmussen@example.com"
"2026-05-01","3616892c-4e5d-820a-750f-989f092ded24","Blair Whitfield","blair.whitfield@example.com","blair.whitfield@example.com","Member","True","2024-05-11T00:00:00Z","Legal","Legal Specialist","Austin","US","54417c87-f819-5aca-b463-7c013fc02def","jordan.kowalski@example.com"
"2026-05-01","7cc7c6d6-1c21-3516-28fb-94c61ec06dca","Parker Takahashi","parker.takahashi@example.com","parker.takahashi@example.com","Member","True","2022-06-10T00:00:00Z","Engineering","Engineering Specialist","Seattle","US","236bc049-2408-8b1d-6323-d2dbe97d4d19","parker.chaudhry@example.com"
"2026-05-01","8e019f18-d0d6-c79f-8ffe-60144ce29b66","Jordan Ueda","jordan.ueda@example.com","jordan.ueda@example.com","Member","True","2025-04-10T00:00:00Z","Sales","Sales Specialist","Austin","US","ed83eb08-7cce-99f3-f4ee-302aee96a84a","vale.takahashi@example.com"
"2026-05-01","7959d438-d27a-4981-c022-5923fd094c36","Marlowe Ueda","marlowe.ueda@example.com","marlowe.ueda@example.com","Member","True","2024-04-04T00:00:00Z","Marketing","Marketing Specialist","Seattle","US","9bc6831f-a8f2-ab13-73f4-8f2087c44f60","vale.kowalski@example.com"
"2026-05-01","2aa64e7d-809b-3b7a-2407-0830398dce43","Wren Fontaine","wren.fontaine@example.com","wren.fontaine@example.com","Member","True","2023-09-17T00:00:00Z","Finance","Finance Specialist","Sydney","AU","d17983e9-a667-9543-2987-0897ad2dab90","yael.nakamura@example.com"
"2026-05-01","6c07554f-3da4-4216-9664-a089f4c3c3e9","Marlowe Chaudhry","marlowe.chaudhry@example.com","marlowe.chaudhry@example.com","Member","True","2023-05-23T00:00:00Z","Operations","Operations Specialist","Seattle","US","3a4ef796-9a7e-b1eb-fe97-ee7b5a408165","avery.xiong@example.com"
"2026-05-01","b8244557-2919-70e9-3b09-f13d24a20127","Quinn Fontaine","quinn.fontaine@example.com","quinn.fontaine@example.com","Member","True","2022-12-29T00:00:00Z","Legal","Legal Specialist","Sydney","AU","6eeb9fdf-ba96-d64c-2ec8-f7c9ec3a3d85","oakley.fontaine@example.com"
"2026-05-01","c0a53769-7f66-753c-c9e4-1415a91aac0a","Xan Kowalski","xan.kowalski@example.com","xan.kowalski@example.com","Member","True","2023-06-19T00:00:00Z","Engineering","Engineering Specialist","Seattle","US","6348e0fb-da40-6590-8ee7-5f6000634176","noor.gallagher@example.com"
"2026-05-01","8c07a653-6272-5264-c29c-a2f4aa80901f","Drew Okonkwo","drew.okonkwo@example.com","drew.okonkwo@example.com","Member","True","2024-07-14T00:00:00Z","Sales","Sales Specialist","Dublin","IE","9afd91cf-ec1b-9a3b-1291-bb2b975453c6","sage.moreau@example.com"
"2026-05-01","56a673ed-dbf4-0a94-f5f6-f7f7e7090ac3","Zephyr Gallagher","zephyr.gallagher2@example.com","zephyr.gallagher2@example.com","Member","True","2022-10-22T00:00:00Z","Marketing","Marketing Specialist","Austin","US","9bc6831f-a8f2-ab13-73f4-8f2087c44f60","vale.kowalski@example.com"
"2026-05-01","2db3ea1a-2042-296b-8a8c-69ccfcb88ee0","Kai Eriksen","kai.eriksen@example.com","kai.eriksen@example.com","Member","True","2025-06-29T00:00:00Z","Finance","Finance Specialist","Dublin","IE","8695fc51-7f57-73c9-c005-5ed5d4b09587","noor.zawadzki@example.com"
"2026-05-01","cb5c59ce-aba5-a00d-75cc-f087154e7f03","Wren Jovanovic","wren.jovanovic@example.com","wren.jovanovic@example.com","Member","True","2023-04-21T00:00:00Z","Operations","Operations Specialist","Austin","US","fe2779d4-0c57-fc16-069b-0340152f0b57","quinn.kowalski2@example.com"
"2026-05-01","68806b6f-2a8c-2ffa-7b29-c37d80b635c0","Tatum Ueda","tatum.ueda@example.com","tatum.ueda@example.com","Member","True","2024-09-23T00:00:00Z","Legal","Legal Specialist","Dublin","IE","54417c87-f819-5aca-b463-7c013fc02def","jordan.kowalski@example.com"
"2026-05-01","bdb3cb12-e19c-aeb6-388b-1f879ec32762","Finley Moreau","finley.moreau@example.com","finley.moreau@example.com","Member","True","2023-09-21T00:00:00Z","Engineering","Engineering Specialist","Seattle","US","236bc049-2408-8b1d-6323-d2dbe97d4d19","parker.chaudhry@example.com"
"2026-05-01","4c24deb0-7209-5e07-19be-75d9f07cc1a4","Emery Whitfield","emery.whitfield@example.com","emery.whitfield@example.com","Member","True","2025-01-20T00:00:00Z","Sales","Sales Specialist","Toronto","CA","ed83eb08-7cce-99f3-f4ee-302aee96a84a","vale.takahashi@example.com"
"2026-05-01","f0f64c73-3b0a-bcdf-8fd2-e799a80de634","Wren Rasmussen","wren.rasmussen@example.com","wren.rasmussen@example.com","Member","True","2023-03-29T00:00:00Z","Marketing","Marketing Specialist","Seattle","US","90f63fda-a191-c217-7214-3aaf159a4db8","vale.vasquez@example.com"
"2026-05-01","7a9458da-4615-2197-0282-aa1628930763","Finley Haddad","finley.haddad@example.com","finley.haddad@example.com","Member","True","2022-01-11T00:00:00Z","Finance","Finance Specialist","Sydney","AU","9f71f7e6-35b7-6972-bbf6-a078cbe48834","wren.petrov@example.com"
"2026-05-01","46cf4b92-dcd6-e231-958d-fd510ea0d01b","Jordan Whitfield","jordan.whitfield@example.com","jordan.whitfield@example.com","Member","True","2022-06-04T00:00:00Z","Operations","Operations Specialist","Austin","US","f412cb99-db0b-e7c3-7ffb-dcaffa90f123","blair.rasmussen@example.com"
"2026-05-01","0cbabea4-d027-1470-0683-4c7225e6988e","Wren Whitfield","wren.whitfield@example.com","wren.whitfield@example.com","Member","True","2022-11-11T00:00:00Z","Legal","Legal Specialist","Seattle","US","eb98825d-a20b-e701-efbc-1d56c88f4770","noor.vasquez@example.com"
"2026-05-01","748bb415-5985-8708-c2eb-ab6c597d28d3","Vale Lindqvist","vale.lindqvist2@example.com","vale.lindqvist2@example.com","Member","True","2022-11-17T00:00:00Z","Engineering","Engineering Specialist","Sydney","AU","8e8e478f-c884-7d82-2153-ca75421c1b52","sage.quintero@example.com"
"2026-05-01","12db1c6c-8b41-272b-0842-926ad8a2aef0","Sage Yilmaz","sage.yilmaz@example.com","sage.yilmaz@example.com","Member","True","2022-10-04T00:00:00Z","Sales","Sales Specialist","Austin","US","9afd91cf-ec1b-9a3b-1291-bb2b975453c6","sage.moreau@example.com"
"2026-05-01","1b51e8c8-e0d7-a718-bec4-fcc62e9dccf8","Indigo Jovanovic","indigo.jovanovic@example.com","indigo.jovanovic@example.com","Member","True","2022-12-26T00:00:00Z","Marketing","Marketing Specialist","Dublin","IE","9bc6831f-a8f2-ab13-73f4-8f2087c44f60","vale.kowalski@example.com"
"2026-05-01","807fe02d-4158-b793-ce37-a04c3b503d83","Zephyr Rasmussen","zephyr.rasmussen@example.com","zephyr.rasmussen@example.com","Member","True","2025-04-05T00:00:00Z","Finance","Finance Specialist","Toronto","CA","8695fc51-7f57-73c9-c005-5ed5d4b09587","noor.zawadzki@example.com"
"2026-05-01","43698472-cc46-3b3b-d5b6-17b9118da0e8","Parker Kowalski","parker.kowalski@example.com","parker.kowalski@example.com","Member","True","2023-06-03T00:00:00Z","Operations","Operations Specialist","Toronto","CA","f412cb99-db0b-e7c3-7ffb-dcaffa90f123","blair.rasmussen@example.com"
"2026-05-01","86d8614c-b023-de8a-5f49-2d183dd287a9","Gray Moreau","gray.moreau@example.com","gray.moreau@example.com","Member","True","2024-02-19T00:00:00Z","Legal","Legal Specialist","Dublin","IE","54417c87-f819-5aca-b463-7c013fc02def","jordan.kowalski@example.com"
"2026-05-01","18e25806-e720-ad3a-af55-19f9fea51411","Xan Delacroix","xan.delacroix@example.com","xan.delacroix@example.com","Member","True","2024-02-20T00:00:00Z","Engineering","Engineering Specialist","Sydney","AU","6348e0fb-da40-6590-8ee7-5f6000634176","noor.gallagher@example.com"
"2026-05-01","8bdb5c42-ff89-3e7c-06f6-702d97368ef4","Jordan Quintero","jordan.quintero@example.com","jordan.quintero@example.com","Member","True","2025-03-27T00:00:00Z","Sales","Sales Specialist","Seattle","US","9afd91cf-ec1b-9a3b-1291-bb2b975453c6","sage.moreau@example.com"
"2026-05-01","0a2edc75-3330-971a-be75-fe951ca449a9","Marlowe Kowalski","marlowe.kowalski@example.com","marlowe.kowalski@example.com","Member","True","2021-12-02T00:00:00Z","Marketing","Marketing Specialist","Toronto","CA","9bc6831f-a8f2-ab13-73f4-8f2087c44f60","vale.kowalski@example.com"
"2026-05-01","b9a7fc6a-ebe4-c762-171f-92ea7be22065","Sage Vasquez","sage.vasquez@example.com","sage.vasquez@example.com","Member","True","2024-06-11T00:00:00Z","Finance","Finance Specialist","Toronto","CA","d17983e9-a667-9543-2987-0897ad2dab90","yael.nakamura@example.com"
"2026-05-01","907fe4e5-dbf8-f211-ece4-77283145d179","Drew Chaudhry","drew.chaudhry@example.com","drew.chaudhry@example.com","Member","True","2022-12-02T00:00:00Z","Operations","Operations Specialist","Seattle","US","3a4ef796-9a7e-b1eb-fe97-ee7b5a408165","avery.xiong@example.com"
"2026-05-01","9f8052d0-13e3-3919-83e4-7babfb383b86","Gray Ueda","gray.ueda@example.com","gray.ueda@example.com","Member","True","2024-02-12T00:00:00Z","Legal","Legal Specialist","Toronto","CA","eb98825d-a20b-e701-efbc-1d56c88f4770","noor.vasquez@example.com"
"2026-05-01","32db6fda-69a8-36b9-11a7-2fb9ab168593","Marlowe Quintero","marlowe.quintero@example.com","marlowe.quintero@example.com","Member","True","2024-09-06T00:00:00Z","Engineering","Engineering Specialist","Sydney","AU","8e8e478f-c884-7d82-2153-ca75421c1b52","sage.quintero@example.com"
"2026-05-01","076fd8c2-cb69-f82c-0a4b-fc1fb41c6a60","Parker Bergstrom","parker.bergstrom@example.com","parker.bergstrom@example.com","Member","True","2024-12-04T00:00:00Z","Sales","Sales Specialist","Austin","US","ed83eb08-7cce-99f3-f4ee-302aee96a84a","vale.takahashi@example.com"
"2026-05-01","db28e259-c2b5-e500-b3a8-219b69db4602","Zephyr Lindqvist","zephyr.lindqvist@example.com","zephyr.lindqvist@example.com","Member","True","2025-02-19T00:00:00Z","Marketing","Marketing Specialist","Seattle","US","9bc6831f-a8f2-ab13-73f4-8f2087c44f60","vale.kowalski@example.com"
"2026-05-01","c52bc03c-10aa-8e04-ac25-1b16ea338bdf","Marlowe Bergstrom","marlowe.bergstrom2@example.com","marlowe.bergstrom2@example.com","Member","True","2025-10-18T00:00:00Z","Finance","Finance Specialist","Austin","US","9f71f7e6-35b7-6972-bbf6-a078cbe48834","wren.petrov@example.com"
"2026-05-01","624547ca-6029-d9b5-d668-60a384193d99","Wren Bergstrom","wren.bergstrom@example.com","wren.bergstrom@example.com","Member","True","2025-11-23T00:00:00Z","Operations","Operations Specialist","Sydney","AU","f412cb99-db0b-e7c3-7ffb-dcaffa90f123","blair.rasmussen@example.com"
"2026-05-01","8d3972bd-0b8c-36b1-5066-526c812212f5","Harper Whitfield","harper.whitfield@example.com","harper.whitfield@example.com","Member","True","2024-02-03T00:00:00Z","Legal","Legal Specialist","Dublin","IE","54417c87-f819-5aca-b463-7c013fc02def","jordan.kowalski@example.com"
"2026-05-01","43b72b5a-78c4-d191-f5f1-284d62ace958","Indigo Gallagher","indigo.gallagher@example.com","indigo.gallagher@example.com","Member","True","2023-12-16T00:00:00Z","Engineering","Engineering Specialist","Seattle","US","8e8e478f-c884-7d82-2153-ca75421c1b52","sage.quintero@example.com"
"2026-05-01","6f897faf-f416-6222-0648-1fedc6e64b92","Yael Kowalski","yael.kowalski@example.com","yael.kowalski@example.com","Member","True","2025-07-26T00:00:00Z","Sales","Sales Specialist","Sydney","AU","ed83eb08-7cce-99f3-f4ee-302aee96a84a","vale.takahashi@example.com"
"2026-05-01","5e40e07a-043d-d409-39b9-e6c2f27e9ada","Jordan Kowalski","jordan.kowalski2@example.com","jordan.kowalski2@example.com","Member","True","2024-11-17T00:00:00Z","Marketing","Marketing Specialist","Sydney","AU","2857d35c-f9d2-fce5-4bb9-70953e3c9810","marlowe.gallagher@example.com"
"2026-05-01","adca2e55-3bd2-7c87-6156-9e19eec2a3ce","Blair Ueda","blair.ueda@example.com","blair.ueda@example.com","Member","True","2022-11-10T00:00:00Z","Finance","Finance Specialist","Dublin","IE","d17983e9-a667-9543-2987-0897ad2dab90","yael.nakamura@example.com"
"2026-05-01","4c294dea-5c61-47fa-4b70-f072c7f8be4b","Oakley Bergstrom","oakley.bergstrom@example.com","oakley.bergstrom@example.com","Member","True","2024-12-04T00:00:00Z","Operations","Operations Specialist","Toronto","CA","3a4ef796-9a7e-b1eb-fe97-ee7b5a408165","avery.xiong@example.com"
"2026-05-01","e2738d7c-cd1b-30d3-dacc-9c77151ce508","Vale Yilmaz","vale.yilmaz@example.com","vale.yilmaz@example.com","Member","True","2022-02-26T00:00:00Z","Legal","Legal Specialist","Sydney","AU","54417c87-f819-5aca-b463-7c013fc02def","jordan.kowalski@example.com"
"2026-05-01","f0304040-2c66-f551-0457-b8ab9e2f945d","Tatum Jovanovic","tatum.jovanovic@example.com","tatum.jovanovic@example.com","Member","True","2022-06-13T00:00:00Z","Engineering","Engineering Specialist","Sydney","AU","8e8e478f-c884-7d82-2153-ca75421c1b52","sage.quintero@example.com"
"2026-05-01","7f6dca88-78d4-ab5c-13b5-46984615c23c","Xan Nakamura","xan.nakamura@example.com","xan.nakamura@example.com","Member","True","2022-08-07T00:00:00Z","Sales","Sales Specialist","Sydney","AU","490d2e0b-ac7e-8677-e89b-fb4babcf5c16","quinn.eriksen@example.com"
"2026-05-01","822cde7b-f014-e6d9-8788-2ebe4cb8ed75","Quinn Quintero","quinn.quintero@example.com","quinn.quintero@example.com","Member","True","2022-01-02T00:00:00Z","Marketing","Marketing Specialist","Dublin","IE","9bc6831f-a8f2-ab13-73f4-8f2087c44f60","vale.kowalski@example.com"
"2026-05-01","4ee2a6d0-1f11-8865-6c58-0057ca4217aa","Drew Takahashi","drew.takahashi@example.com","drew.takahashi@example.com","Member","True","2024-04-19T00:00:00Z","Finance","Finance Specialist","Dublin","IE","d17983e9-a667-9543-2987-0897ad2dab90","yael.nakamura@example.com"
"2026-05-01","8a24759f-8887-8d4c-284c-69ab658f1ed5","Indigo Takahashi","indigo.takahashi@example.com","indigo.takahashi@example.com","Member","True","2022-03-17T00:00:00Z","Operations","Operations Specialist","Sydney","AU","3a4ef796-9a7e-b1eb-fe97-ee7b5a408165","avery.xiong@example.com"
"2026-05-01","2e7a508a-d787-09f3-a043-d7e846384d5b","Indigo Lindqvist","indigo.lindqvist@example.com","indigo.lindqvist@example.com","Member","True","2022-05-20T00:00:00Z","Legal","Legal Specialist","Sydney","AU","eb98825d-a20b-e701-efbc-1d56c88f4770","noor.vasquez@example.com"
"2026-05-01","1f60d7d3-55ee-3bf1-2442-aec17875594f","Logan Kowalski","logan.kowalski@example.com","logan.kowalski@example.com","Member","True","2024-10-29T00:00:00Z","Engineering","Engineering Specialist","Dublin","IE","6348e0fb-da40-6590-8ee7-5f6000634176","noor.gallagher@example.com"
"2026-05-01","e5ed4294-8175-2d65-41c2-53a415e821b3","Harper Okonkwo","harper.okonkwo@example.com","harper.okonkwo@example.com","Member","True","2024-04-25T00:00:00Z","Sales","Sales Specialist","Sydney","AU","ed83eb08-7cce-99f3-f4ee-302aee96a84a","vale.takahashi@example.com"
"2026-05-01","5ee4b8e5-1694-d06f-dffe-5f8c5317f390","Drew Lindqvist","drew.lindqvist@example.com","drew.lindqvist@example.com","Member","True","2025-10-07T00:00:00Z","Marketing","Marketing Specialist","Austin","US","90f63fda-a191-c217-7214-3aaf159a4db8","vale.vasquez@example.com"
"2026-05-01","61f9c4ef-09ee-8fab-54a5-5ea1b4d1cadc","Logan Quintero","logan.quintero@example.com","logan.quintero@example.com","Member","True","2023-10-05T00:00:00Z","Finance","Finance Specialist","Dublin","IE","d17983e9-a667-9543-2987-0897ad2dab90","yael.nakamura@example.com"
"2026-05-01","424d9411-c762-fe50-f591-c975afd24221","Yael Takahashi","yael.takahashi@example.com","yael.takahashi@example.com","Member","True","2022-09-06T00:00:00Z","Operations","Operations Specialist","Sydney","AU","fe2779d4-0c57-fc16-069b-0340152f0b57","quinn.kowalski2@example.com"
"2026-05-01","397cdf6b-be9f-82d7-4d17-315b294b5c5a","Logan Ibarra","logan.ibarra2@example.com","logan.ibarra2@example.com","Member","True","2023-12-12T00:00:00Z","Legal","Legal Specialist","Sydney","AU","eb98825d-a20b-e701-efbc-1d56c88f4770","noor.vasquez@example.com"
"2026-05-01","c39aacb9-e8dc-e1f1-8ea8-1ddc1ec5f331","Finley Abara","finley.abara@example.com","finley.abara@example.com","Member","True","2022-08-02T00:00:00Z","Engineering","Engineering Specialist","Toronto","CA","6348e0fb-da40-6590-8ee7-5f6000634176","noor.gallagher@example.com"
"2026-05-01","deb1cdef-6e5f-634c-76e7-ab078349d1be","Blair Rasmussen","blair.rasmussen2@example.com","blair.rasmussen2@example.com","Member","True","2025-06-25T00:00:00Z","Sales","Sales Specialist","Seattle","US","9afd91cf-ec1b-9a3b-1291-bb2b975453c6","sage.moreau@example.com"
"2026-05-01","a5f4f5cd-55f9-633c-572a-4162145a37eb","Tatum Zawadzki","tatum.zawadzki@example.com","tatum.zawadzki@example.com","Member","True","2023-04-12T00:00:00Z","Marketing","Marketing Specialist","Seattle","US","2857d35c-f9d2-fce5-4bb9-70953e3c9810","marlowe.gallagher@example.com"
"2026-05-01","a66b8d9c-15fc-d558-f435-ec60b7ebd7f9","Noor Abara","noor.abara@example.com","noor.abara@example.com","Member","True","2023-02-06T00:00:00Z","Finance","Finance Specialist","Dublin","IE","d17983e9-a667-9543-2987-0897ad2dab90","yael.nakamura@example.com"
"2026-05-01","4c0be831-48a5-28f3-12e6-c28854ee1a3f","Tatum Lindqvist","tatum.lindqvist@example.com","tatum.lindqvist@example.com","Member","True","2022-08-06T00:00:00Z","Operations","Operations Specialist","Dublin","IE","fe2779d4-0c57-fc16-069b-0340152f0b57","quinn.kowalski2@example.com"
"2026-05-01","226f67fd-e13e-28ab-833d-11efd85a3cb4","Quinn Kowalski","quinn.kowalski3@example.com","quinn.kowalski3@example.com","Member","True","2022-01-30T00:00:00Z","Legal","Legal Specialist","Toronto","CA","eb98825d-a20b-e701-efbc-1d56c88f4770","noor.vasquez@example.com"
"2026-05-01","0dc23022-6372-c80b-d197-6e8c63000cca","Reese Quintero","reese.quintero@example.com","reese.quintero@example.com","Member","True","2023-04-30T00:00:00Z","Engineering","Engineering Specialist","Sydney","AU","8e8e478f-c884-7d82-2153-ca75421c1b52","sage.quintero@example.com"
"2026-05-01","d5a4ca9d-d2d4-fab0-b166-bd6c4cf4c0cc","Blair Gallagher","blair.gallagher2@example.com","blair.gallagher2@example.com","Member","True","2022-12-24T00:00:00Z","Sales","Sales Specialist","Seattle","US","490d2e0b-ac7e-8677-e89b-fb4babcf5c16","quinn.eriksen@example.com"
"2026-05-01","ec57e2d6-85ce-d78c-4e72-3b98103c1658","Blair Okonkwo","blair.okonkwo@example.com","blair.okonkwo@example.com","Member","True","2024-08-13T00:00:00Z","Marketing","Marketing Specialist","Seattle","US","90f63fda-a191-c217-7214-3aaf159a4db8","vale.vasquez@example.com"
"2026-05-01","6a1611b3-02da-6e3f-3f3f-25163834edba","Quinn Yilmaz","quinn.yilmaz@example.com","quinn.yilmaz@example.com","Member","True","2025-06-10T00:00:00Z","Finance","Finance Specialist","Austin","US","d17983e9-a667-9543-2987-0897ad2dab90","yael.nakamura@example.com"
"2026-05-01","3facd946-242a-105b-dd67-41b7291126c5","Sage Rasmussen","sage.rasmussen@example.com","sage.rasmussen@example.com","Member","True","2025-03-11T00:00:00Z","Operations","Operations Specialist","Austin","US","3a4ef796-9a7e-b1eb-fe97-ee7b5a408165","avery.xiong@example.com"
"2026-05-01","0e971d46-244c-dc60-4f5b-e6d2e6e958da","Harper Rasmussen","harper.rasmussen@example.com","harper.rasmussen@example.com","Member","True","2022-04-15T00:00:00Z","Legal","Legal Specialist","Dublin","IE","eb98825d-a20b-e701-efbc-1d56c88f4770","noor.vasquez@example.com"
"2026-05-01","d8912ea7-6efd-27ed-0d27-ee84a73b0828","Kai Takahashi","kai.takahashi@example.com","kai.takahashi@example.com","Member","True","2022-05-30T00:00:00Z","Engineering","Engineering Specialist","Sydney","AU","236bc049-2408-8b1d-6323-d2dbe97d4d19","parker.chaudhry@example.com"
"2026-05-01","81c17fc4-6f81-3fd0-b84c-60f4ad5b2417","Oakley Jovanovic","oakley.jovanovic@example.com","oakley.jovanovic@example.com","Member","True","2023-05-28T00:00:00Z","Sales","Sales Specialist","Sydney","AU","9afd91cf-ec1b-9a3b-1291-bb2b975453c6","sage.moreau@example.com"
"2026-05-01","27cf3937-616d-ab2b-e030-98c7e539f127","Harper Vasquez","harper.vasquez@example.com","harper.vasquez@example.com","Member","True","2024-02-27T00:00:00Z","Marketing","Marketing Specialist","Dublin","IE","2857d35c-f9d2-fce5-4bb9-70953e3c9810","marlowe.gallagher@example.com"
"2026-05-01","c06eae9e-f9c7-4bd7-16f0-9c828c13ce8a","Casey Whitfield","casey.whitfield@example.com","casey.whitfield@example.com","Member","True","2024-10-21T00:00:00Z","Finance","Finance Specialist","Toronto","CA","9f71f7e6-35b7-6972-bbf6-a078cbe48834","wren.petrov@example.com"
"2026-05-01","885e2443-99b4-730f-69fc-aa7d68824089","Blair Jovanovic","blair.jovanovic@example.com","blair.jovanovic@example.com","Member","True","2024-10-31T00:00:00Z","Operations","Operations Specialist","Austin","US","3a4ef796-9a7e-b1eb-fe97-ee7b5a408165","avery.xiong@example.com"
"2026-05-01","ef95e08a-1594-d13a-6b66-77d3fa374b7a","Reese Vasquez","reese.vasquez@example.com","reese.vasquez@example.com","Member","True","2023-10-02T00:00:00Z","Legal","Legal Specialist","Sydney","AU","6eeb9fdf-ba96-d64c-2ec8-f7c9ec3a3d85","oakley.fontaine@example.com"
"2026-05-01","19e163e9-1e46-0a1a-d345-c0a13aa09463","Parker Zawadzki","parker.zawadzki@example.com","parker.zawadzki@example.com","Member","True","2022-05-08T00:00:00Z","Engineering","Engineering Specialist","Seattle","US","236bc049-2408-8b1d-6323-d2dbe97d4d19","parker.chaudhry@example.com"
"2026-05-01","02083e5e-d685-3082-36c5-39e302318a27","Marlowe Gallagher","marlowe.gallagher2@example.com","marlowe.gallagher2@example.com","Member","True","2023-01-31T00:00:00Z","Sales","Sales Specialist","Sydney","AU","9afd91cf-ec1b-9a3b-1291-bb2b975453c6","sage.moreau@example.com"
"2026-05-01","26fd30fb-d5a6-5a99-a3e7-ebe1f26dcfab","Oakley Kowalski","oakley.kowalski@example.com","oakley.kowalski@example.com","Member","True","2022-06-03T00:00:00Z","Marketing","Marketing Specialist","Dublin","IE","2857d35c-f9d2-fce5-4bb9-70953e3c9810","marlowe.gallagher@example.com"
"2026-05-01","0dd3e99b-dc0b-089e-166d-6413c57ea32e","Noor Haddad","noor.haddad@example.com","noor.haddad@example.com","Member","True","2024-10-16T00:00:00Z","Finance","Finance Specialist","Toronto","CA","d17983e9-a667-9543-2987-0897ad2dab90","yael.nakamura@example.com"
"2026-05-01","4f8d283d-58da-95f1-62de-cc20e739d912","Noor Silva","noor.silva@example.com","noor.silva@example.com","Member","True","2024-06-19T00:00:00Z","Operations","Operations Specialist","Toronto","CA","f412cb99-db0b-e7c3-7ffb-dcaffa90f123","blair.rasmussen@example.com"
"2026-05-01","35449036-d783-731b-c9a0-697881e43173","Oakley Vasquez","oakley.vasquez2@example.com","oakley.vasquez2@example.com","Member","True","2023-06-03T00:00:00Z","Legal","Legal Specialist","Austin","US","6eeb9fdf-ba96-d64c-2ec8-f7c9ec3a3d85","oakley.fontaine@example.com"
"2026-05-01","37a609eb-44a1-8b2c-a591-d251c79378ad","Reese Chaudhry","reese.chaudhry@example.com","reese.chaudhry@example.com","Member","True","2024-11-11T00:00:00Z","Engineering","Engineering Specialist","Dublin","IE","6348e0fb-da40-6590-8ee7-5f6000634176","noor.gallagher@example.com"
"2026-05-01","c1cb7d3c-5374-029e-0766-b6d7bc68dd2d","Casey Takahashi","casey.takahashi@example.com","casey.takahashi@example.com","Member","True","2024-07-23T00:00:00Z","Sales","Sales Specialist","Toronto","CA","9afd91cf-ec1b-9a3b-1291-bb2b975453c6","sage.moreau@example.com"
"2026-05-01","38ce90ab-18ce-eeb0-6b84-8f03b830756d","Umi Petrov","umi.petrov@example.com","umi.petrov@example.com","Member","True","2023-07-28T00:00:00Z","Marketing","Marketing Specialist","Sydney","AU","90f63fda-a191-c217-7214-3aaf159a4db8","vale.vasquez@example.com"
"2026-05-01","3f8329a6-fada-5f95-b54b-c2d7c38c56ac","Drew Jovanovic","drew.jovanovic@example.com","drew.jovanovic@example.com","Member","True","2023-08-06T00:00:00Z","Finance","Finance Specialist","Seattle","US","d17983e9-a667-9543-2987-0897ad2dab90","yael.nakamura@example.com"
"2026-05-01","8396b0a3-b2d7-8c1e-f26f-ef054a479882","Drew Jovanovic","drew.jovanovic2@example.com","drew.jovanovic2@example.com","Member","True","2025-05-16T00:00:00Z","Operations","Operations Specialist","Toronto","CA","3a4ef796-9a7e-b1eb-fe97-ee7b5a408165","avery.xiong@example.com"
"2026-05-01","20385182-b7c1-2c40-d9c9-beaaf265a9f6","Finley Zawadzki","finley.zawadzki@example.com","finley.zawadzki@example.com","Member","True","2024-08-09T00:00:00Z","Legal","Legal Specialist","Austin","US","54417c87-f819-5aca-b463-7c013fc02def","jordan.kowalski@example.com"
"2026-05-01","466c09db-bd5b-7c8d-f4d4-9f20351ed951","Harper Bergstrom","harper.bergstrom@example.com","harper.bergstrom@example.com","Member","True","2023-08-27T00:00:00Z","Engineering","Engineering Specialist","Toronto","CA","6348e0fb-da40-6590-8ee7-5f6000634176","noor.gallagher@example.com"
"2026-05-01","29b2f272-45b1-e412-9da2-f00c2736f879","Parker Fontaine","parker.fontaine@example.com","parker.fontaine@example.com","Member","True","2025-03-01T00:00:00Z","Sales","Sales Specialist","Austin","US","ed83eb08-7cce-99f3-f4ee-302aee96a84a","vale.takahashi@example.com"
"2026-05-01","0537c32a-9d2a-d475-8b58-7e1b3f48b4e8","Indigo Yilmaz","indigo.yilmaz@example.com","indigo.yilmaz@example.com","Member","True","2023-09-28T00:00:00Z","Marketing","Marketing Specialist","Austin","US","90f63fda-a191-c217-7214-3aaf159a4db8","vale.vasquez@example.com"
"2026-05-01","51dea8ab-92e4-fef9-2560-6c85b1bcf4af","Parker Okonkwo","parker.okonkwo@example.com","parker.okonkwo@example.com","Member","True","2022-04-29T00:00:00Z","Finance","Finance Specialist","Sydney","AU","9f71f7e6-35b7-6972-bbf6-a078cbe48834","wren.petrov@example.com"
"2026-05-01","45593dd0-d424-decd-810f-23a25dae5982","Kai Rasmussen","kai.rasmussen@example.com","kai.rasmussen@example.com","Member","True","2023-12-07T00:00:00Z","Operations","Operations Specialist","Toronto","CA","f412cb99-db0b-e7c3-7ffb-dcaffa90f123","blair.rasmussen@example.com"
"2026-05-01","2baf76a4-f9eb-826a-5405-2ea94280456d","Indigo Fontaine","indigo.fontaine@example.com","indigo.fontaine@example.com","Member","True","2021-12-23T00:00:00Z","Legal","Legal Specialist","Toronto","CA","54417c87-f819-5aca-b463-7c013fc02def","jordan.kowalski@example.com"
"2026-05-01","157d1ac4-c93c-0227-6372-c9d48c676f59","Avery Kowalski","avery.kowalski@example.com","avery.kowalski@example.com","Member","True","2024-02-20T00:00:00Z","Engineering","Engineering Specialist","Dublin","IE","8e8e478f-c884-7d82-2153-ca75421c1b52","sage.quintero@example.com"
"2026-05-01","7b8a4b6a-7ae1-dc5f-69eb-334cb811d389","Reese Whitfield","reese.whitfield@example.com","reese.whitfield@example.com","Member","True","2025-01-18T00:00:00Z","Sales","Sales Specialist","Sydney","AU","9afd91cf-ec1b-9a3b-1291-bb2b975453c6","sage.moreau@example.com"
"2026-05-01","e11e67d1-593c-da1c-11ec-de213f02a479","Logan Okonkwo","logan.okonkwo2@example.com","logan.okonkwo2@example.com","Member","True","2023-08-03T00:00:00Z","Marketing","Marketing Specialist","Toronto","CA","90f63fda-a191-c217-7214-3aaf159a4db8","vale.vasquez@example.com"
"2026-05-01","77994a6a-7d3e-7a1b-94e5-60f53f385803","Indigo Ibarra","indigo.ibarra@example.com","indigo.ibarra@example.com","Member","True","2022-07-28T00:00:00Z","Finance","Finance Specialist","Sydney","AU","d17983e9-a667-9543-2987-0897ad2dab90","yael.nakamura@example.com"
"2026-05-01","7dcb845d-120c-b60d-6c5a-f9f7652bb787","Indigo Takahashi","indigo.takahashi2@example.com","indigo.takahashi2@example.com","Member","True","2022-03-25T00:00:00Z","Operations","Operations Specialist","Seattle","US","fe2779d4-0c57-fc16-069b-0340152f0b57","quinn.kowalski2@example.com"
"2026-05-01","2c46a23d-e98b-06e2-a9a1-4ce8c1ac65e5","Xan Haddad","xan.haddad@example.com","xan.haddad@example.com","Member","True","2025-03-26T00:00:00Z","Legal","Legal Specialist","Seattle","US","eb98825d-a20b-e701-efbc-1d56c88f4770","noor.vasquez@example.com"
"2026-05-01","3a0d656f-68ec-138f-80d1-358505804aba","Kai Yilmaz","kai.yilmaz@example.com","kai.yilmaz@example.com","Member","True","2023-06-26T00:00:00Z","Engineering","Engineering Specialist","Dublin","IE","8e8e478f-c884-7d82-2153-ca75421c1b52","sage.quintero@example.com"
"2026-05-01","ca0c062f-100d-b836-c5d1-08b13b764fd8","Avery Lindqvist","avery.lindqvist@example.com","avery.lindqvist@example.com","Member","True","2022-09-16T00:00:00Z","Sales","Sales Specialist","Sydney","AU","9afd91cf-ec1b-9a3b-1291-bb2b975453c6","sage.moreau@example.com"
"2026-05-01","d786ce5a-c66c-41e3-62ab-a6e02a48fc69","Oakley Abara","oakley.abara@example.com","oakley.abara@example.com","Member","True","2023-08-27T00:00:00Z","Marketing","Marketing Specialist","Seattle","US","9bc6831f-a8f2-ab13-73f4-8f2087c44f60","vale.kowalski@example.com"
"2026-05-01","ae4dd732-83c9-8e49-3171-25335ecec861","Umi Petrov","umi.petrov2@example.com","umi.petrov2@example.com","Member","True","2024-10-11T00:00:00Z","Finance","Finance Specialist","Austin","US","d17983e9-a667-9543-2987-0897ad2dab90","yael.nakamura@example.com"
"2026-05-01","1a56f52d-282b-f386-7ae6-7f52de64f082","Tatum Delacroix","tatum.delacroix@example.com","tatum.delacroix@example.com","Member","True","2025-07-14T00:00:00Z","Operations","Operations Specialist","Toronto","CA","f412cb99-db0b-e7c3-7ffb-dcaffa90f123","blair.rasmussen@example.com"
"2026-05-01","f00f547c-7385-5c81-7f9b-e923e4e4ad3c","Drew Quintero","drew.quintero@example.com","drew.quintero@example.com","Member","True","2023-09-07T00:00:00Z","Legal","Legal Specialist","Seattle","US","6eeb9fdf-ba96-d64c-2ec8-f7c9ec3a3d85","oakley.fontaine@example.com"
"2026-05-01","4b1356fd-d3f1-fa54-dd45-e0a92675cbd8","Yael Yilmaz","yael.yilmaz@example.com","yael.yilmaz@example.com","Member","True","2024-01-21T00:00:00Z","Engineering","Engineering Specialist","Austin","US","6348e0fb-da40-6590-8ee7-5f6000634176","noor.gallagher@example.com"
"2026-05-01","df742aa6-5cfc-fa6d-b7b3-024e536dec26","Casey Lindqvist","casey.lindqvist@example.com","casey.lindqvist@example.com","Member","True","2025-09-16T00:00:00Z","Sales","Sales Specialist","Seattle","US","490d2e0b-ac7e-8677-e89b-fb4babcf5c16","quinn.eriksen@example.com"
"2026-05-01","397e861f-3fbb-6ffd-19d4-571a9dccfad3","Sage Vasquez","sage.vasquez2@example.com","sage.vasquez2@example.com","Member","True","2024-03-13T00:00:00Z","Marketing","Marketing Specialist","Dublin","IE","2857d35c-f9d2-fce5-4bb9-70953e3c9810","marlowe.gallagher@example.com"
"2026-05-01","29435a66-9143-b856-89a5-972067e49720","Vale Eriksen","vale.eriksen@example.com","vale.eriksen@example.com","Member","True","2025-03-16T00:00:00Z","Finance","Finance Specialist","Dublin","IE","8695fc51-7f57-73c9-c005-5ed5d4b09587","noor.zawadzki@example.com"
"2026-05-01","e2e0fd5e-e75c-86b0-7219-440c76694ac5","Harper Yilmaz","harper.yilmaz@example.com","harper.yilmaz@example.com","Member","True","2023-11-13T00:00:00Z","Operations","Operations Specialist","Seattle","US","f412cb99-db0b-e7c3-7ffb-dcaffa90f123","blair.rasmussen@example.com"
"2026-05-01","74e644e9-363d-b9b3-35da-27a610913768","Avery Silva","avery.silva@example.com","avery.silva@example.com","Member","True","2024-03-09T00:00:00Z","Legal","Legal Specialist","Seattle","US","54417c87-f819-5aca-b463-7c013fc02def","jordan.kowalski@example.com"
"2026-05-01","7045cfe1-8b60-feaa-99d1-dc5645fad319","Drew Petrov","drew.petrov@example.com","drew.petrov@example.com","Member","True","2024-11-11T00:00:00Z","Engineering","Engineering Specialist","Toronto","CA","6348e0fb-da40-6590-8ee7-5f6000634176","noor.gallagher@example.com"
"2026-05-01","9851f734-9ef1-e5fb-32e2-4ce28799471a","Gray Abara","gray.abara@example.com","gray.abara@example.com","Member","True","2022-03-04T00:00:00Z","Sales","Sales Specialist","Dublin","IE","490d2e0b-ac7e-8677-e89b-fb4babcf5c16","quinn.eriksen@example.com"
"2026-05-01","087bad96-3914-b5ed-41cc-6de10f8cb364","Reese Gallagher (partner1.example.com)","reese.gallagher_partner1.example.com#EXT#@example.onmicrosoft.com","reese.gallagher@partner1.example.com","Guest","True","2026-04-07T19:54:22Z","","","","","",""
"2026-05-01","67a9f990-a05b-e84e-3c17-8d9ed64f6b65","Jordan Lindqvist (partner3.example.com)","jordan.lindqvist_partner3.example.com#EXT#@example.onmicrosoft.com","jordan.lindqvist@partner3.example.com","Guest","True","2026-01-11T10:33:18Z","","","","","",""
"2026-05-01","a7904480-073a-9e17-7a77-8a169ba405ad","Gray Silva (partner4.example.com)","gray.silva_partner4.example.com#EXT#@example.onmicrosoft.com","gray.silva@partner4.example.com","Guest","True","2026-03-21T15:45:34Z","","","","","",""
"2026-05-01","c7b3bf13-7660-794d-c863-e6350633715f","Avery Abara (partner6.example.com)","avery.abara_partner6.example.com#EXT#@example.onmicrosoft.com","avery.abara@partner6.example.com","Guest","True","2026-02-17T17:14:01Z","","","","","",""
"2026-05-01","a02b96fa-eed6-ce68-6f07-ae284a76274e","Parker Takahashi (partner7.example.com)","parker.takahashi_partner7.example.com#EXT#@example.onmicrosoft.com","parker.takahashi@partner7.example.com","Guest","True","2026-02-17T13:08:46Z","","","","","",""
"2026-05-01","a35d431e-0643-0355-f718-ee18c51c9bbf","Casey Okonkwo (partner8.example.com)","casey.okonkwo_partner8.example.com#EXT#@example.onmicrosoft.com","casey.okonkwo@partner8.example.com","Guest","True","2026-02-26T18:52:10Z","","","","","",""
"2026-05-01","0ab03139-29b2-4be1-c6ce-c440bc7fba48","Indigo Rasmussen (partner10.example.com)","indigo.rasmussen_partner10.example.com#EXT#@example.onmicrosoft.com","indigo.rasmussen@partner10.example.com","Guest","True","2026-02-09T16:05:39Z","","","","","",""
"2026-05-01","86a4ade9-23ca-78f8-f180-48fb9401e02f","Drew Lindqvist (partner2.example.com)","drew.lindqvist_partner2.example.com#EXT#@example.onmicrosoft.com","drew.lindqvist@partner2.example.com","Guest","True","2026-04-06T13:38:58Z","","","","","",""
"2026-05-01","7fd125a7-29ec-51b4-e4f6-84a2facf791e","Harper Rasmussen (partner3.example.com)","harper.rasmussen_partner3.example.com#EXT#@example.onmicrosoft.com","harper.rasmussen@partner3.example.com","Guest","False","2026-01-19T14:30:04Z","","","","","",""
"2026-05-01","b7f3c38a-68a2-7f10-bbf9-0f9f42a07f26","Avery Haddad (partner5.example.com)","avery.haddad_partner5.example.com#EXT#@example.onmicrosoft.com","avery.haddad@partner5.example.com","Guest","True","2026-02-20T14:24:25Z","","","","","",""
"2026-05-01","7660dd0f-bbd8-cf76-8d5f-685ef3c160f3","Wren Fontaine (partner6.example.com)","wren.fontaine_partner6.example.com#EXT#@example.onmicrosoft.com","wren.fontaine@partner6.example.com","Guest","True","2026-03-12T11:01:05Z","","","","","",""
"2026-05-01","dafb4783-e9f9-cbba-00a2-5a8236e4ccd1","Harper Gallagher (partner7.example.com)","harper.gallagher_partner7.example.com#EXT#@example.onmicrosoft.com","harper.gallagher@partner7.example.com","Guest","True","2026-02-25T17:33:41Z","","","","","",""
"2026-05-01","573523d0-ac85-4e28-1a38-2ed3b2667fa4","Parker Nakamura (partner8.example.com)","parker.nakamura_partner8.example.com#EXT#@example.onmicrosoft.com","parker.nakamura@partner8.example.com","Guest","True","2026-04-08T13:43:53Z","","","","","",""
"2026-05-01","39a36998-9e60-6007-f628-c684737bf531","Logan Vasquez (partner9.example.com)","logan.vasquez_partner9.example.com#EXT#@example.onmicrosoft.com","logan.vasquez@partner9.example.com","Guest","True","2026-03-12T17:03:40Z","","","","","",""
"2026-05-01","02812435-de63-505c-e3ec-438515b99a26","Umi Ibarra (partner10.example.com)","umi.ibarra_partner10.example.com#EXT#@example.onmicrosoft.com","umi.ibarra@partner10.example.com","Guest","True","2026-01-21T15:16:10Z","","","","","",""
"2026-05-01","461ad64d-5976-8d07-ef2b-7a855e934a69","Logan Xiong (partner11.example.com)","logan.xiong_partner11.example.com#EXT#@example.onmicrosoft.com","logan.xiong@partner11.example.com","Guest","True","2026-04-05T10:01:01Z","","","","","",""
"2026-05-01","5c23838b-802a-b9de-9b16-0741096d923b","Drew Eriksen (partner12.example.com)","drew.eriksen_partner12.example.com#EXT#@example.onmicrosoft.com","drew.eriksen@partner12.example.com","Guest","True","2026-02-02T12:08:17Z","","","","","",""
"2026-05-01","16b624eb-2eba-0873-cfea-d6e431c4aa9b","Casey Kowalski (partner1.example.com)","casey.kowalski_partner1.example.com#EXT#@example.onmicrosoft.com","casey.kowalski@partner1.example.com","Guest","True","2026-03-27T18:10:21Z","","","","","",""
"2026-05-01","b1ab51d4-c027-b901-9f06-37a016f8727c","Yael Fontaine (partner3.example.com)","yael.fontaine_partner3.example.com#EXT#@example.onmicrosoft.com","yael.fontaine@partner3.example.com","Guest","True","2026-04-05T18:33:22Z","","","","","",""
"2026-05-01","40a0f0ef-ed1f-f096-6d02-25ae7ee57d59","Yael Bergstrom (partner4.example.com)","yael.bergstrom_partner4.example.com#EXT#@example.onmicrosoft.com","yael.bergstrom@partner4.example.com","Guest","True","2026-04-04T13:59:44Z","","","","","",""
"2026-05-01","94daa1a3-aa11-1570-0237-d061788018a0","Finley Haddad (partner5.example.com)","finley.haddad_partner5.example.com#EXT#@example.onmicrosoft.com","finley.haddad@partner5.example.com","Guest","True","2026-02-17T08:52:35Z","","","","","",""
"2026-05-01","e5072603-ccba-90ae-017b-4cbb5b5c57b4","Blair Kowalski (partner6.example.com)","blair.kowalski_partner6.example.com#EXT#@example.onmicrosoft.com","blair.kowalski@partner6.example.com","Guest","True","2026-01-31T11:21:58Z","","","","","",""
"2026-05-01","72c24b7a-616e-9ed1-0d84-6930486a21d0","Reese Ibarra (partner7.example.com)","reese.ibarra_partner7.example.com#EXT#@example.onmicrosoft.com","reese.ibarra@partner7.example.com","Guest","True","2026-01-14T19:17:52Z","","","","","",""
"2026-05-01","2eef2af4-2aac-b53d-d074-a100e1235ad1","Yael Silva (partner9.example.com)","yael.silva_partner9.example.com#EXT#@example.onmicrosoft.com","yael.silva@partner9.example.com","Guest","True","2026-03-07T12:16:18Z","","","","","",""
"2026-05-01","4e84cc4d-d6d1-248d-50ab-8724b6a35057","Blair Jovanovic (partner10.example.com)","blair.jovanovic_partner10.example.com#EXT#@example.onmicrosoft.com","blair.jovanovic@partner10.example.com","Guest","True","2026-01-15T14:36:07Z","","","","","",""
"2026-05-01","12869724-5830-e031-dc71-3182a3ca73bc","Blair Eriksen (partner11.example.com)","blair.eriksen_partner11.example.com#EXT#@example.onmicrosoft.com","blair.eriksen@partner11.example.com","Guest","True","2026-01-24T10:38:16Z","","","","","",""
"2026-05-01","c5c53719-e6ff-ad4a-dd82-05b6b3105f9f","Drew Fontaine (partner1.example.com)","drew.fontaine_partner1.example.com#EXT#@example.onmicrosoft.com","drew.fontaine@partner1.example.com","Guest","True","2026-04-15T16:45:13Z","","","","","",""
"2026-05-01","b1d60cd2-c41e-a635-33a5-b905217ec138","Sage Nakamura (partner5.example.com)","sage.nakamura_partner5.example.com#EXT#@example.onmicrosoft.com","sage.nakamura@partner5.example.com","Guest","True","2026-03-11T18:44:33Z","","","","","",""
"2026-05-01","f0ce2995-b75c-3458-aae5-9fdcf46dd40d","Reese Moreau (partner6.example.com)","reese.moreau_partner6.example.com#EXT#@example.onmicrosoft.com","reese.moreau@partner6.example.com","Guest","True","2026-01-09T18:03:25Z","","","","","",""
"2026-05-01","fd7aa7f1-51e6-4de0-21c6-46ecbf93f045","Jordan Abara (partner9.example.com)","jordan.abara_partner9.example.com#EXT#@example.onmicrosoft.com","jordan.abara@partner9.example.com","Guest","True","2026-01-28T07:56:30Z","","","","","",""
"2026-05-01","ea81087d-4636-4ac3-53aa-880663dfadf8","Yael Fontaine (partner10.example.com)","yael.fontaine_partner10.example.com#EXT#@example.onmicrosoft.com","yael.fontaine@partner10.example.com","Guest","True","2026-03-18T11:52:43Z","","","","","",""
"2026-05-01","f76b380c-3af5-8586-d3d7-cb368f002974","Kai Bergstrom (partner11.example.com)","kai.bergstrom_partner11.example.com#EXT#@example.onmicrosoft.com","kai.bergstrom@partner11.example.com","Guest","True","2026-04-01T15:50:35Z","","","","","",""
"2026-05-01","db5625e8-f6c3-fff4-398a-df5cb54e80dd","Umi Xiong (partner12.example.com)","umi.xiong_partner12.example.com#EXT#@example.onmicrosoft.com","umi.xiong@partner12.example.com","Guest","True","2026-01-29T09:55:08Z","","","","","",""
"2026-05-01","2e37ffce-ce9f-c07b-5161-2ff713d54290","Logan Nakamura (partner1.example.com)","logan.nakamura_partner1.example.com#EXT#@example.onmicrosoft.com","logan.nakamura@partner1.example.com","Guest","True","2026-02-21T18:50:11Z","","","","","",""
"2026-05-01","9145356f-c0fc-c57a-28f4-c70beb10e1f5","Kai Ibarra (partner2.example.com)","kai.ibarra_partner2.example.com#EXT#@example.onmicrosoft.com","kai.ibarra@partner2.example.com","Guest","True","2026-01-19T13:07:53Z","","","","","",""
"2026-05-01","5f6e7e00-1588-dc5b-5e45-7bbf646e7d4e","Reese Quintero (partner3.example.com)","reese.quintero_partner3.example.com#EXT#@example.onmicrosoft.com","reese.quintero@partner3.example.com","Guest","True","2026-03-11T15:44:49Z","","","","","",""
"2026-05-01","06bf4364-168b-79d7-006b-15e31f8a9f0c","Zephyr Bergstrom (partner12.example.com)","zephyr.bergstrom_partner12.example.com#EXT#@example.onmicrosoft.com","zephyr.bergstrom@partner12.example.com","Guest","True","2026-04-30T09:12:52Z","","","","","",""
"2026-06-01","d01fa0f0-8491-6aec-ff4e-305b600a5d77","Harper Jovanovic","harper.jovanovic@example.com","harper.jovanovic@example.com","Member","True","2025-07-06T00:00:00Z","Operations","Chief Executive","Austin","US",,
"2026-06-01","01e26f3d-33e5-1b75-67e6-dc93d37f23ec","Quinn Kowalski","quinn.kowalski@example.com","quinn.kowalski@example.com","Member","True","2022-03-24T00:00:00Z","Engineering","Director, Engineering","Toronto","CA","d01fa0f0-8491-6aec-ff4e-305b600a5d77","harper.jovanovic@example.com"
"2026-06-01","7a5172e6-1e09-fb9d-0174-040e1f69f280","Blair Zawadzki","blair.zawadzki@example.com","blair.zawadzki@example.com","Member","True","2024-11-24T00:00:00Z","Sales","Director, Sales","Toronto","CA","d01fa0f0-8491-6aec-ff4e-305b600a5d77","harper.jovanovic@example.com"
"2026-06-01","1902d00f-9d72-e088-e671-a3c33c8c48ca","Tatum Chaudhry","tatum.chaudhry@example.com","tatum.chaudhry@example.com","Member","True","2024-04-29T00:00:00Z","Marketing","Director, Marketing","Toronto","CA","d01fa0f0-8491-6aec-ff4e-305b600a5d77","harper.jovanovic@example.com"
"2026-06-01","f31a7995-cde1-6973-8ca2-2fb689567c15","Sage Delacroix","sage.delacroix@example.com","sage.delacroix@example.com","Member","True","2024-11-04T00:00:00Z","Finance","Director, Finance","Dublin","IE","d01fa0f0-8491-6aec-ff4e-305b600a5d77","harper.jovanovic@example.com"
"2026-06-01","8f14bc96-41d1-93d1-2028-62542524c795","Zephyr Bergstrom","zephyr.bergstrom@example.com","zephyr.bergstrom@example.com","Member","True","2025-10-16T00:00:00Z","Operations","Director, Operations","Toronto","CA","d01fa0f0-8491-6aec-ff4e-305b600a5d77","harper.jovanovic@example.com"
"2026-06-01","44541f2a-ed42-e639-0f32-5ae6608c30d8","Oakley Moreau","oakley.moreau@example.com","oakley.moreau@example.com","Member","True","2022-09-02T00:00:00Z","Legal","Director, Legal","Austin","US","d01fa0f0-8491-6aec-ff4e-305b600a5d77","harper.jovanovic@example.com"
"2026-06-01","6348e0fb-da40-6590-8ee7-5f6000634176","Noor Gallagher","noor.gallagher@example.com","noor.gallagher@example.com","Member","True","2023-06-20T00:00:00Z","Engineering","Engineering Manager","Toronto","CA","01e26f3d-33e5-1b75-67e6-dc93d37f23ec","quinn.kowalski@example.com"
"2026-06-01","ed83eb08-7cce-99f3-f4ee-302aee96a84a","Vale Takahashi","vale.takahashi@example.com","vale.takahashi@example.com","Member","True","2023-11-29T00:00:00Z","Sales","Sales Manager","Toronto","CA","7a5172e6-1e09-fb9d-0174-040e1f69f280","blair.zawadzki@example.com"
"2026-06-01","2857d35c-f9d2-fce5-4bb9-70953e3c9810","Marlowe Gallagher","marlowe.gallagher@example.com","marlowe.gallagher@example.com","Member","True","2024-03-03T00:00:00Z","Marketing","Marketing Manager","Seattle","US","1902d00f-9d72-e088-e671-a3c33c8c48ca","tatum.chaudhry@example.com"
"2026-06-01","9f71f7e6-35b7-6972-bbf6-a078cbe48834","Wren Petrov","wren.petrov@example.com","wren.petrov@example.com","Member","True","2023-10-13T00:00:00Z","Finance","Finance Manager","Seattle","US","f31a7995-cde1-6973-8ca2-2fb689567c15","sage.delacroix@example.com"
"2026-06-01","3a4ef796-9a7e-b1eb-fe97-ee7b5a408165","Avery Xiong","avery.xiong@example.com","avery.xiong@example.com","Member","True","2024-02-14T00:00:00Z","Operations","Operations Manager","Sydney","AU","8f14bc96-41d1-93d1-2028-62542524c795","zephyr.bergstrom@example.com"
"2026-06-01","54417c87-f819-5aca-b463-7c013fc02def","Jordan Kowalski","jordan.kowalski@example.com","jordan.kowalski@example.com","Member","True","2025-04-20T00:00:00Z","Legal","Legal Manager","Dublin","IE","44541f2a-ed42-e639-0f32-5ae6608c30d8","oakley.moreau@example.com"
"2026-06-01","236bc049-2408-8b1d-6323-d2dbe97d4d19","Parker Chaudhry","parker.chaudhry@example.com","parker.chaudhry@example.com","Member","True","2023-05-26T00:00:00Z","Engineering","Engineering Manager","Seattle","US","01e26f3d-33e5-1b75-67e6-dc93d37f23ec","quinn.kowalski@example.com"
"2026-06-01","9afd91cf-ec1b-9a3b-1291-bb2b975453c6","Sage Moreau","sage.moreau@example.com","sage.moreau@example.com","Member","True","2021-12-17T00:00:00Z","Sales","Sales Manager","Austin","US","7a5172e6-1e09-fb9d-0174-040e1f69f280","blair.zawadzki@example.com"
"2026-06-01","90f63fda-a191-c217-7214-3aaf159a4db8","Vale Vasquez","vale.vasquez@example.com","vale.vasquez@example.com","Member","True","2025-11-21T00:00:00Z","Marketing","Marketing Manager","Austin","US","1902d00f-9d72-e088-e671-a3c33c8c48ca","tatum.chaudhry@example.com"
"2026-06-01","d17983e9-a667-9543-2987-0897ad2dab90","Yael Nakamura","yael.nakamura@example.com","yael.nakamura@example.com","Member","True","2023-05-04T00:00:00Z","Finance","Finance Manager","Sydney","AU","f31a7995-cde1-6973-8ca2-2fb689567c15","sage.delacroix@example.com"
"2026-06-01","fe2779d4-0c57-fc16-069b-0340152f0b57","Quinn Kowalski","quinn.kowalski2@example.com","quinn.kowalski2@example.com","Member","True","2021-12-13T00:00:00Z","Operations","Operations Manager","Austin","US","8f14bc96-41d1-93d1-2028-62542524c795","zephyr.bergstrom@example.com"
"2026-06-01","eb98825d-a20b-e701-efbc-1d56c88f4770","Noor Vasquez","noor.vasquez@example.com","noor.vasquez@example.com","Member","True","2025-11-25T00:00:00Z","Legal","Legal Manager","Toronto","CA","44541f2a-ed42-e639-0f32-5ae6608c30d8","oakley.moreau@example.com"
"2026-06-01","8e8e478f-c884-7d82-2153-ca75421c1b52","Sage Quintero","sage.quintero@example.com","sage.quintero@example.com","Member","True","2025-04-14T00:00:00Z","Engineering","Engineering Manager","Toronto","CA","01e26f3d-33e5-1b75-67e6-dc93d37f23ec","quinn.kowalski@example.com"
"2026-06-01","490d2e0b-ac7e-8677-e89b-fb4babcf5c16","Quinn Eriksen","quinn.eriksen@example.com","quinn.eriksen@example.com","Member","True","2025-08-22T00:00:00Z","Sales","Sales Manager","Dublin","IE","7a5172e6-1e09-fb9d-0174-040e1f69f280","blair.zawadzki@example.com"
"2026-06-01","9bc6831f-a8f2-ab13-73f4-8f2087c44f60","Vale Kowalski","vale.kowalski@example.com","vale.kowalski@example.com","Member","True","2024-06-06T00:00:00Z","Marketing","Marketing Manager","Austin","US","1902d00f-9d72-e088-e671-a3c33c8c48ca","tatum.chaudhry@example.com"
"2026-06-01","8695fc51-7f57-73c9-c005-5ed5d4b09587","Noor Zawadzki","noor.zawadzki@example.com","noor.zawadzki@example.com","Member","True","2023-05-22T00:00:00Z","Finance","Finance Manager","Seattle","US","f31a7995-cde1-6973-8ca2-2fb689567c15","sage.delacroix@example.com"
"2026-06-01","f412cb99-db0b-e7c3-7ffb-dcaffa90f123","Blair Rasmussen","blair.rasmussen@example.com","blair.rasmussen@example.com","Member","True","2023-10-01T00:00:00Z","Operations","Operations Manager","Toronto","CA","8f14bc96-41d1-93d1-2028-62542524c795","zephyr.bergstrom@example.com"
"2026-06-01","6eeb9fdf-ba96-d64c-2ec8-f7c9ec3a3d85","Oakley Fontaine","oakley.fontaine@example.com","oakley.fontaine@example.com","Member","True","2025-10-03T00:00:00Z","Legal","Legal Manager","Sydney","AU","44541f2a-ed42-e639-0f32-5ae6608c30d8","oakley.moreau@example.com"
"2026-06-01","c4f3e1bb-ae28-43da-bf72-98292ce4f6f9","Wren Gallagher","wren.gallagher@example.com","wren.gallagher@example.com","Member","True","2022-02-14T00:00:00Z","Sales","Sales Specialist","Austin","US","9afd91cf-ec1b-9a3b-1291-bb2b975453c6","sage.moreau@example.com"
"2026-06-01","b7b9ed8f-1203-c0c2-526b-394dc4c7b7fd","Sage Silva","sage.silva@example.com","sage.silva@example.com","Member","True","2025-09-08T00:00:00Z","Marketing","Marketing Specialist","Toronto","CA","2857d35c-f9d2-fce5-4bb9-70953e3c9810","marlowe.gallagher@example.com"
"2026-06-01","bb1608e0-ce2f-089c-4344-a546432aedce","Emery Silva","emery.silva@example.com","emery.silva@example.com","Member","True","2022-12-13T00:00:00Z","Finance","Finance Specialist","Toronto","CA","d17983e9-a667-9543-2987-0897ad2dab90","yael.nakamura@example.com"
"2026-06-01","54f119eb-4b39-6464-2df8-4db85e757087","Kai Silva","kai.silva@example.com","kai.silva@example.com","Member","True","2025-03-03T00:00:00Z","Operations","Operations Specialist","Seattle","US","fe2779d4-0c57-fc16-069b-0340152f0b57","quinn.kowalski2@example.com"
"2026-06-01","0e7cba76-f2c5-990a-dae8-d56f662ffbc6","Gray Haddad","gray.haddad@example.com","gray.haddad@example.com","Member","True","2025-11-30T00:00:00Z","Legal","Legal Specialist","Sydney","AU","54417c87-f819-5aca-b463-7c013fc02def","jordan.kowalski@example.com"
"2026-06-01","4ada376a-ecf6-cde8-b965-f829b48b9f31","Indigo Xiong","indigo.xiong@example.com","indigo.xiong@example.com","Member","True","2021-12-31T00:00:00Z","Engineering","Engineering Specialist","Seattle","US","6348e0fb-da40-6590-8ee7-5f6000634176","noor.gallagher@example.com"
"2026-06-01","448aca40-dd22-2e52-7aaa-70137ca4ca3e","Wren Zawadzki","wren.zawadzki@example.com","wren.zawadzki@example.com","Member","True","2025-11-02T00:00:00Z","Sales","Sales Specialist","Toronto","CA","9afd91cf-ec1b-9a3b-1291-bb2b975453c6","sage.moreau@example.com"
"2026-06-01","74df3d0a-acf0-dabb-8fca-2934333ba39f","Blair Nakamura","blair.nakamura@example.com","blair.nakamura@example.com","Member","True","2024-04-14T00:00:00Z","Marketing","Marketing Specialist","Dublin","IE","9bc6831f-a8f2-ab13-73f4-8f2087c44f60","vale.kowalski@example.com"
"2026-06-01","0f52b99a-e4f5-0fad-c160-516acbb63c03","Xan Whitfield","xan.whitfield@example.com","xan.whitfield@example.com","Member","True","2022-01-27T00:00:00Z","Finance","Finance Specialist","Seattle","US","d17983e9-a667-9543-2987-0897ad2dab90","yael.nakamura@example.com"
"2026-06-01","af9e7722-3b81-41e0-002b-914a0afe3d50","Emery Jovanovic","emery.jovanovic@example.com","emery.jovanovic@example.com","Member","True","2024-05-07T00:00:00Z","Operations","Operations Specialist","Dublin","IE","fe2779d4-0c57-fc16-069b-0340152f0b57","quinn.kowalski2@example.com"
"2026-06-01","2e19abff-be79-7c68-ffa0-b49841b1f723","Oakley Xiong","oakley.xiong@example.com","oakley.xiong@example.com","Member","True","2025-04-21T00:00:00Z","Legal","Legal Specialist","Sydney","AU","54417c87-f819-5aca-b463-7c013fc02def","jordan.kowalski@example.com"
"2026-06-01","950e6b04-07cf-cc60-78eb-181a96487776","Gray Haddad","gray.haddad2@example.com","gray.haddad2@example.com","Member","True","2025-11-02T00:00:00Z","Engineering","Engineering Specialist","Seattle","US","6348e0fb-da40-6590-8ee7-5f6000634176","noor.gallagher@example.com"
"2026-06-01","604163d3-f977-5808-071a-354742c40793","Xan Quintero","xan.quintero@example.com","xan.quintero@example.com","Member","True","2022-07-08T00:00:00Z","Sales","Sales Specialist","Toronto","CA","9afd91cf-ec1b-9a3b-1291-bb2b975453c6","sage.moreau@example.com"
"2026-06-01","13049b5d-9987-f801-3a80-c5ab6ccbe7a0","Casey Ibarra","casey.ibarra@example.com","casey.ibarra@example.com","Member","True","2021-12-04T00:00:00Z","Marketing","Marketing Specialist","Sydney","AU","90f63fda-a191-c217-7214-3aaf159a4db8","vale.vasquez@example.com"
"2026-06-01","5dc507fe-d1b5-d1d8-40e3-d9d910c46537","Blair Eriksen","blair.eriksen@example.com","blair.eriksen@example.com","Member","True","2025-08-10T00:00:00Z","Finance","Finance Specialist","Austin","US","9f71f7e6-35b7-6972-bbf6-a078cbe48834","wren.petrov@example.com"
"2026-06-01","861e0ff7-8a55-76da-dd67-69ee65897355","Harper Quintero","harper.quintero@example.com","harper.quintero@example.com","Member","True","2024-11-11T00:00:00Z","Operations","Operations Specialist","Dublin","IE","3a4ef796-9a7e-b1eb-fe97-ee7b5a408165","avery.xiong@example.com"
"2026-06-01","56b830c1-eba7-a79a-66af-41fbd440deee","Reese Ueda","reese.ueda@example.com","reese.ueda@example.com","Member","True","2023-12-23T00:00:00Z","Legal","Legal Specialist","Dublin","IE","54417c87-f819-5aca-b463-7c013fc02def","jordan.kowalski@example.com"
"2026-06-01","d9f361f7-ea7a-8774-510f-60b8d0241bc6","Vale Bergstrom","vale.bergstrom@example.com","vale.bergstrom@example.com","Member","True","2023-11-20T00:00:00Z","Engineering","Engineering Specialist","Toronto","CA","6348e0fb-da40-6590-8ee7-5f6000634176","noor.gallagher@example.com"
"2026-06-01","2d1032ef-6d25-251a-aa84-6c979e32be60","Vale Ueda","vale.ueda@example.com","vale.ueda@example.com","Member","True","2022-11-29T00:00:00Z","Sales","Sales Specialist","Dublin","IE","490d2e0b-ac7e-8677-e89b-fb4babcf5c16","quinn.eriksen@example.com"
"2026-06-01","57561377-894e-b02b-2418-97215f9d3cc4","Sage Haddad","sage.haddad@example.com","sage.haddad@example.com","Member","True","2025-10-05T00:00:00Z","Marketing","Marketing Specialist","Austin","US","90f63fda-a191-c217-7214-3aaf159a4db8","vale.vasquez@example.com"
"2026-06-01","ccdd4ed0-c9a3-9e19-65bb-8a78eb23f3dc","Wren Petrov","wren.petrov2@example.com","wren.petrov2@example.com","Member","True","2024-11-03T00:00:00Z","Finance","Finance Specialist","Toronto","CA","d17983e9-a667-9543-2987-0897ad2dab90","yael.nakamura@example.com"
"2026-06-01","92006a42-4aed-0138-f6f9-0f762bcfeb28","Emery Xiong","emery.xiong@example.com","emery.xiong@example.com","Member","True","2022-02-18T00:00:00Z","Operations","Operations Specialist","Sydney","AU","f412cb99-db0b-e7c3-7ffb-dcaffa90f123","blair.rasmussen@example.com"
"2026-06-01","694a8c6f-1e8e-3b36-aa5f-e897e616ca66","Noor Bergstrom","noor.bergstrom@example.com","noor.bergstrom@example.com","Member","True","2024-03-14T00:00:00Z","Legal","Legal Specialist","Dublin","IE","eb98825d-a20b-e701-efbc-1d56c88f4770","noor.vasquez@example.com"
"2026-06-01","6ba81891-13ab-1b4d-37cb-a65205592db5","Harper Ueda","harper.ueda@example.com","harper.ueda@example.com","Member","True","2022-11-26T00:00:00Z","Engineering","Engineering Specialist","Dublin","IE","6348e0fb-da40-6590-8ee7-5f6000634176","noor.gallagher@example.com"
"2026-06-01","9657fc14-7711-148f-0585-d9eaa95bf456","Umi Xiong","umi.xiong@example.com","umi.xiong@example.com","Member","True","2022-12-28T00:00:00Z","Sales","Sales Specialist","Dublin","IE","490d2e0b-ac7e-8677-e89b-fb4babcf5c16","quinn.eriksen@example.com"
"2026-06-01","de031ad0-95b9-8d92-e914-46b747114494","Logan Okonkwo","logan.okonkwo@example.com","logan.okonkwo@example.com","Member","True","2023-09-08T00:00:00Z","Marketing","Marketing Specialist","Sydney","AU","9bc6831f-a8f2-ab13-73f4-8f2087c44f60","vale.kowalski@example.com"
"2026-06-01","b2163983-bbf1-a9a8-64d6-d041d988fdfa","Tatum Gallagher","tatum.gallagher@example.com","tatum.gallagher@example.com","Member","True","2025-03-16T00:00:00Z","Finance","Finance Specialist","Dublin","IE","8695fc51-7f57-73c9-c005-5ed5d4b09587","noor.zawadzki@example.com"
"2026-06-01","f02b02e4-223f-98a3-1760-95d28489f797","Finley Delacroix","finley.delacroix@example.com","finley.delacroix@example.com","Member","True","2022-01-21T00:00:00Z","Operations","Operations Specialist","Austin","US","fe2779d4-0c57-fc16-069b-0340152f0b57","quinn.kowalski2@example.com"
"2026-06-01","1228e9ec-0543-bede-1349-9a4934de4f80","Tatum Rasmussen","tatum.rasmussen@example.com","tatum.rasmussen@example.com","Member","True","2025-06-10T00:00:00Z","Legal","Legal Specialist","Dublin","IE","54417c87-f819-5aca-b463-7c013fc02def","jordan.kowalski@example.com"
"2026-06-01","04921018-fd41-50bd-9166-f6a78adf8ffb","Logan Whitfield","logan.whitfield@example.com","logan.whitfield@example.com","Member","True","2022-12-29T00:00:00Z","Engineering","Engineering Specialist","Sydney","AU","8e8e478f-c884-7d82-2153-ca75421c1b52","sage.quintero@example.com"
"2026-06-01","cd84e443-4bc5-a69e-3976-89dede1ee5db","Avery Delacroix","avery.delacroix@example.com","avery.delacroix@example.com","Member","True","2025-08-04T00:00:00Z","Sales","Sales Specialist","Seattle","US","9afd91cf-ec1b-9a3b-1291-bb2b975453c6","sage.moreau@example.com"
"2026-06-01","ad2d8e48-f353-55be-4e54-a7f578388b33","Blair Gallagher","blair.gallagher@example.com","blair.gallagher@example.com","Member","True","2023-10-26T00:00:00Z","Marketing","Marketing Specialist","Sydney","AU","9bc6831f-a8f2-ab13-73f4-8f2087c44f60","vale.kowalski@example.com"
"2026-06-01","1a16165f-17dc-6bc8-fab3-a4b54867f2b5","Marlowe Bergstrom","marlowe.bergstrom@example.com","marlowe.bergstrom@example.com","Member","True","2022-06-23T00:00:00Z","Finance","Finance Specialist","Austin","US","8695fc51-7f57-73c9-c005-5ed5d4b09587","noor.zawadzki@example.com"
"2026-06-01","e557498c-94cf-a666-93b1-5092e4d9e631","Noor Ueda","noor.ueda@example.com","noor.ueda@example.com","Member","True","2024-01-12T00:00:00Z","Operations","Operations Specialist","Seattle","US","f412cb99-db0b-e7c3-7ffb-dcaffa90f123","blair.rasmussen@example.com"
"2026-06-01","9a5a522a-f1af-11ac-46d5-7bb44a6d6916","Logan Ueda","logan.ueda@example.com","logan.ueda@example.com","Member","True","2021-12-22T00:00:00Z","Legal","Legal Specialist","Seattle","US","6eeb9fdf-ba96-d64c-2ec8-f7c9ec3a3d85","oakley.fontaine@example.com"
"2026-06-01","48d822b1-1163-6ed0-80c0-3ea5063da739","Noor Chaudhry","noor.chaudhry@example.com","noor.chaudhry@example.com","Member","True","2022-12-31T00:00:00Z","Engineering","Engineering Specialist","Austin","US","6348e0fb-da40-6590-8ee7-5f6000634176","noor.gallagher@example.com"
"2026-06-01","be5f55e8-9c35-7747-70d0-7245c7888a08","Quinn Silva","quinn.silva@example.com","quinn.silva@example.com","Member","True","2023-01-28T00:00:00Z","Sales","Sales Specialist","Seattle","US","9afd91cf-ec1b-9a3b-1291-bb2b975453c6","sage.moreau@example.com"
"2026-06-01","85903d20-d697-0dad-c52f-2701fb6d605c","Tatum Yilmaz","tatum.yilmaz@example.com","tatum.yilmaz@example.com","Member","True","2025-02-19T00:00:00Z","Marketing","Marketing Specialist","Toronto","CA","2857d35c-f9d2-fce5-4bb9-70953e3c9810","marlowe.gallagher@example.com"
"2026-06-01","b0fe58ca-f84e-7ede-b39e-bfdc8698bdaa","Gray Zawadzki","gray.zawadzki@example.com","gray.zawadzki@example.com","Member","True","2023-03-10T00:00:00Z","Finance","Finance Specialist","Sydney","AU","d17983e9-a667-9543-2987-0897ad2dab90","yael.nakamura@example.com"
"2026-06-01","41b23aef-70a8-5a4a-282e-4560fe6fd3c8","Noor Petrov","noor.petrov@example.com","noor.petrov@example.com","Member","True","2024-10-27T00:00:00Z","Operations","Operations Specialist","Toronto","CA","f412cb99-db0b-e7c3-7ffb-dcaffa90f123","blair.rasmussen@example.com"
"2026-06-01","27592ff8-4a70-637a-afb5-97e9f3b3d78f","Yael Vasquez","yael.vasquez@example.com","yael.vasquez@example.com","Member","True","2023-05-02T00:00:00Z","Legal","Legal Specialist","Austin","US","eb98825d-a20b-e701-efbc-1d56c88f4770","noor.vasquez@example.com"
"2026-06-01","845683ad-5e59-16de-c4f5-6be4a28767c0","Finley Nakamura","finley.nakamura@example.com","finley.nakamura@example.com","Member","True","2022-04-01T00:00:00Z","Engineering","Engineering Specialist","Austin","US","8e8e478f-c884-7d82-2153-ca75421c1b52","sage.quintero@example.com"
"2026-06-01","72aae6f6-5b96-4b6c-9844-2182d858f174","Yael Quintero","yael.quintero@example.com","yael.quintero@example.com","Member","True","2022-05-22T00:00:00Z","Sales","Sales Specialist","Dublin","IE","9afd91cf-ec1b-9a3b-1291-bb2b975453c6","sage.moreau@example.com"
"2026-06-01","ba9f636c-b34a-6c47-4b17-ae1beca9e8c7","Emery Quintero","emery.quintero@example.com","emery.quintero@example.com","Member","True","2024-02-28T00:00:00Z","Marketing","Marketing Specialist","Toronto","CA","2857d35c-f9d2-fce5-4bb9-70953e3c9810","marlowe.gallagher@example.com"
"2026-06-01","807e92f1-e9d3-4a0c-96f3-e70bbdbef292","Tatum Ibarra","tatum.ibarra@example.com","tatum.ibarra@example.com","Member","True","2024-04-03T00:00:00Z","Finance","Finance Specialist","Sydney","AU","9f71f7e6-35b7-6972-bbf6-a078cbe48834","wren.petrov@example.com"
"2026-06-01","80ff0014-0596-2f95-7029-9af5e6cf1fd9","Oakley Vasquez","oakley.vasquez@example.com","oakley.vasquez@example.com","Member","True","2024-05-06T00:00:00Z","Operations","Operations Specialist","Dublin","IE","fe2779d4-0c57-fc16-069b-0340152f0b57","quinn.kowalski2@example.com"
"2026-06-01","58d6fca6-a230-2d5e-b656-80e9bb0ae9f1","Yael Eriksen","yael.eriksen@example.com","yael.eriksen@example.com","Member","True","2024-07-31T00:00:00Z","Legal","Legal Specialist","Austin","US","6eeb9fdf-ba96-d64c-2ec8-f7c9ec3a3d85","oakley.fontaine@example.com"
"2026-06-01","6cd9dc53-f258-ed24-9f18-ac2808c63c17","Casey Yilmaz","casey.yilmaz@example.com","casey.yilmaz@example.com","Member","True","2024-10-21T00:00:00Z","Engineering","Engineering Specialist","Sydney","AU","8e8e478f-c884-7d82-2153-ca75421c1b52","sage.quintero@example.com"
"2026-06-01","1a7867a7-b1a9-dc39-e62e-46e735190dc9","Quinn Zawadzki","quinn.zawadzki@example.com","quinn.zawadzki@example.com","Member","True","2024-05-20T00:00:00Z","Sales","Sales Specialist","Toronto","CA","ed83eb08-7cce-99f3-f4ee-302aee96a84a","vale.takahashi@example.com"
"2026-06-01","9d8e707d-57a9-f5e1-ced1-c7ecaef626eb","Yael Ueda","yael.ueda@example.com","yael.ueda@example.com","Member","True","2025-04-14T00:00:00Z","Marketing","Marketing Specialist","Austin","US","2857d35c-f9d2-fce5-4bb9-70953e3c9810","marlowe.gallagher@example.com"
"2026-06-01","700748b8-c5d2-eff3-b872-f4c0a5117636","Emery Nakamura","emery.nakamura@example.com","emery.nakamura@example.com","Member","True","2024-11-28T00:00:00Z","Finance","Finance Specialist","Seattle","US","9f71f7e6-35b7-6972-bbf6-a078cbe48834","wren.petrov@example.com"
"2026-06-01","140e43cf-5967-3e39-f221-6564a7598534","Avery Chaudhry","avery.chaudhry@example.com","avery.chaudhry@example.com","Member","True","2025-06-24T00:00:00Z","Operations","Operations Specialist","Seattle","US","f412cb99-db0b-e7c3-7ffb-dcaffa90f123","blair.rasmussen@example.com"
"2026-06-01","5b3cf264-06dd-9c46-80ef-12894e70d775","Xan Takahashi","xan.takahashi@example.com","xan.takahashi@example.com","Member","True","2022-10-11T00:00:00Z","Legal","Legal Specialist","Sydney","AU","6eeb9fdf-ba96-d64c-2ec8-f7c9ec3a3d85","oakley.fontaine@example.com"
"2026-06-01","97fcb48c-8f0d-4c18-8c41-cdbb108deddd","Logan Ibarra","logan.ibarra@example.com","logan.ibarra@example.com","Member","True","2025-02-22T00:00:00Z","Engineering","Engineering Specialist","Toronto","CA","8e8e478f-c884-7d82-2153-ca75421c1b52","sage.quintero@example.com"
"2026-06-01","02be9c12-dc0f-3716-8210-fa75145157af","Zephyr Gallagher","zephyr.gallagher@example.com","zephyr.gallagher@example.com","Member","True","2025-07-02T00:00:00Z","Sales","Sales Specialist","Dublin","IE","9afd91cf-ec1b-9a3b-1291-bb2b975453c6","sage.moreau@example.com"
"2026-06-01","3e10faed-5722-c078-82fa-6d87bda867ef","Noor Rasmussen","noor.rasmussen@example.com","noor.rasmussen@example.com","Member","True","2025-08-23T00:00:00Z","Marketing","Marketing Specialist","Sydney","AU","9bc6831f-a8f2-ab13-73f4-8f2087c44f60","vale.kowalski@example.com"
"2026-06-01","7bc9e179-5747-bfa6-353e-e66165e87217","Kai Xiong","kai.xiong@example.com","kai.xiong@example.com","Member","True","2023-09-30T00:00:00Z","Finance","Finance Specialist","Sydney","AU","d17983e9-a667-9543-2987-0897ad2dab90","yael.nakamura@example.com"
"2026-06-01","87b45563-72a2-6bb8-e968-b9fc1d1cd40c","Quinn Silva","quinn.silva2@example.com","quinn.silva2@example.com","Member","True","2022-01-28T00:00:00Z","Operations","Operations Specialist","Sydney","AU","fe2779d4-0c57-fc16-069b-0340152f0b57","quinn.kowalski2@example.com"
"2026-06-01","438bb9b0-0c13-d422-364f-627618d0cd24","Gray Takahashi","gray.takahashi@example.com","gray.takahashi@example.com","Member","True","2025-05-21T00:00:00Z","Legal","Legal Specialist","Austin","US","eb98825d-a20b-e701-efbc-1d56c88f4770","noor.vasquez@example.com"
"2026-06-01","cdd53b9f-ea85-4844-1466-e6f8871607a9","Zephyr Quintero","zephyr.quintero@example.com","zephyr.quintero@example.com","Member","True","2022-01-29T00:00:00Z","Engineering","Engineering Specialist","Sydney","AU","6348e0fb-da40-6590-8ee7-5f6000634176","noor.gallagher@example.com"
"2026-06-01","9a35e34f-4205-4de4-4faf-deeeba222a75","Vale Lindqvist","vale.lindqvist@example.com","vale.lindqvist@example.com","Member","True","2024-09-07T00:00:00Z","Sales","Sales Specialist","Seattle","US","9afd91cf-ec1b-9a3b-1291-bb2b975453c6","sage.moreau@example.com"
"2026-06-01","cfc0d9c8-6a68-02ee-c823-5abccd4385bb","Vale Ueda","vale.ueda2@example.com","vale.ueda2@example.com","Member","True","2024-06-26T00:00:00Z","Marketing","Marketing Specialist","Seattle","US","9bc6831f-a8f2-ab13-73f4-8f2087c44f60","vale.kowalski@example.com"
"2026-06-01","64f8f606-f787-653d-eb91-c50cb24bcd75","Drew Gallagher","drew.gallagher@example.com","drew.gallagher@example.com","Member","True","2022-04-10T00:00:00Z","Finance","Finance Specialist","Seattle","US","d17983e9-a667-9543-2987-0897ad2dab90","yael.nakamura@example.com"
"2026-06-01","2c85e154-2254-7721-9d6f-70a9f57c22d1","Drew Haddad","drew.haddad@example.com","drew.haddad@example.com","Member","True","2021-12-01T00:00:00Z","Operations","Operations Specialist","Dublin","IE","f412cb99-db0b-e7c3-7ffb-dcaffa90f123","blair.rasmussen@example.com"
"2026-06-01","3616892c-4e5d-820a-750f-989f092ded24","Blair Whitfield","blair.whitfield@example.com","blair.whitfield@example.com","Member","True","2024-05-11T00:00:00Z","Legal","Legal Specialist","Austin","US","54417c87-f819-5aca-b463-7c013fc02def","jordan.kowalski@example.com"
"2026-06-01","7cc7c6d6-1c21-3516-28fb-94c61ec06dca","Parker Takahashi","parker.takahashi@example.com","parker.takahashi@example.com","Member","True","2022-06-10T00:00:00Z","Engineering","Engineering Specialist","Seattle","US","236bc049-2408-8b1d-6323-d2dbe97d4d19","parker.chaudhry@example.com"
"2026-06-01","8e019f18-d0d6-c79f-8ffe-60144ce29b66","Jordan Ueda","jordan.ueda@example.com","jordan.ueda@example.com","Member","True","2025-04-10T00:00:00Z","Sales","Sales Specialist","Austin","US","ed83eb08-7cce-99f3-f4ee-302aee96a84a","vale.takahashi@example.com"
"2026-06-01","7959d438-d27a-4981-c022-5923fd094c36","Marlowe Ueda","marlowe.ueda@example.com","marlowe.ueda@example.com","Member","True","2024-04-04T00:00:00Z","Marketing","Marketing Specialist","Seattle","US","9bc6831f-a8f2-ab13-73f4-8f2087c44f60","vale.kowalski@example.com"
"2026-06-01","2aa64e7d-809b-3b7a-2407-0830398dce43","Wren Fontaine","wren.fontaine@example.com","wren.fontaine@example.com","Member","True","2023-09-17T00:00:00Z","Finance","Finance Specialist","Sydney","AU","d17983e9-a667-9543-2987-0897ad2dab90","yael.nakamura@example.com"
"2026-06-01","6c07554f-3da4-4216-9664-a089f4c3c3e9","Marlowe Chaudhry","marlowe.chaudhry@example.com","marlowe.chaudhry@example.com","Member","True","2023-05-23T00:00:00Z","Operations","Operations Specialist","Seattle","US","3a4ef796-9a7e-b1eb-fe97-ee7b5a408165","avery.xiong@example.com"
"2026-06-01","b8244557-2919-70e9-3b09-f13d24a20127","Quinn Fontaine","quinn.fontaine@example.com","quinn.fontaine@example.com","Member","True","2022-12-29T00:00:00Z","Legal","Legal Specialist","Sydney","AU","6eeb9fdf-ba96-d64c-2ec8-f7c9ec3a3d85","oakley.fontaine@example.com"
"2026-06-01","c0a53769-7f66-753c-c9e4-1415a91aac0a","Xan Kowalski","xan.kowalski@example.com","xan.kowalski@example.com","Member","True","2023-06-19T00:00:00Z","Engineering","Engineering Specialist","Seattle","US","6348e0fb-da40-6590-8ee7-5f6000634176","noor.gallagher@example.com"
"2026-06-01","8c07a653-6272-5264-c29c-a2f4aa80901f","Drew Okonkwo","drew.okonkwo@example.com","drew.okonkwo@example.com","Member","True","2024-07-14T00:00:00Z","Sales","Sales Specialist","Dublin","IE","9afd91cf-ec1b-9a3b-1291-bb2b975453c6","sage.moreau@example.com"
"2026-06-01","56a673ed-dbf4-0a94-f5f6-f7f7e7090ac3","Zephyr Gallagher","zephyr.gallagher2@example.com","zephyr.gallagher2@example.com","Member","True","2022-10-22T00:00:00Z","Marketing","Marketing Specialist","Austin","US","9bc6831f-a8f2-ab13-73f4-8f2087c44f60","vale.kowalski@example.com"
"2026-06-01","2db3ea1a-2042-296b-8a8c-69ccfcb88ee0","Kai Eriksen","kai.eriksen@example.com","kai.eriksen@example.com","Member","True","2025-06-29T00:00:00Z","Finance","Finance Specialist","Dublin","IE","8695fc51-7f57-73c9-c005-5ed5d4b09587","noor.zawadzki@example.com"
"2026-06-01","cb5c59ce-aba5-a00d-75cc-f087154e7f03","Wren Jovanovic","wren.jovanovic@example.com","wren.jovanovic@example.com","Member","True","2023-04-21T00:00:00Z","Operations","Operations Specialist","Austin","US","fe2779d4-0c57-fc16-069b-0340152f0b57","quinn.kowalski2@example.com"
"2026-06-01","68806b6f-2a8c-2ffa-7b29-c37d80b635c0","Tatum Ueda","tatum.ueda@example.com","tatum.ueda@example.com","Member","True","2024-09-23T00:00:00Z","Legal","Legal Specialist","Dublin","IE","54417c87-f819-5aca-b463-7c013fc02def","jordan.kowalski@example.com"
"2026-06-01","bdb3cb12-e19c-aeb6-388b-1f879ec32762","Finley Moreau","finley.moreau@example.com","finley.moreau@example.com","Member","True","2023-09-21T00:00:00Z","Engineering","Engineering Specialist","Seattle","US","236bc049-2408-8b1d-6323-d2dbe97d4d19","parker.chaudhry@example.com"
"2026-06-01","4c24deb0-7209-5e07-19be-75d9f07cc1a4","Emery Whitfield","emery.whitfield@example.com","emery.whitfield@example.com","Member","True","2025-01-20T00:00:00Z","Sales","Sales Specialist","Toronto","CA","ed83eb08-7cce-99f3-f4ee-302aee96a84a","vale.takahashi@example.com"
"2026-06-01","f0f64c73-3b0a-bcdf-8fd2-e799a80de634","Wren Rasmussen","wren.rasmussen@example.com","wren.rasmussen@example.com","Member","True","2023-03-29T00:00:00Z","Marketing","Marketing Specialist","Seattle","US","90f63fda-a191-c217-7214-3aaf159a4db8","vale.vasquez@example.com"
"2026-06-01","7a9458da-4615-2197-0282-aa1628930763","Finley Haddad","finley.haddad@example.com","finley.haddad@example.com","Member","True","2022-01-11T00:00:00Z","Finance","Finance Specialist","Sydney","AU","9f71f7e6-35b7-6972-bbf6-a078cbe48834","wren.petrov@example.com"
"2026-06-01","46cf4b92-dcd6-e231-958d-fd510ea0d01b","Jordan Whitfield","jordan.whitfield@example.com","jordan.whitfield@example.com","Member","True","2022-06-04T00:00:00Z","Operations","Operations Specialist","Austin","US","f412cb99-db0b-e7c3-7ffb-dcaffa90f123","blair.rasmussen@example.com"
"2026-06-01","0cbabea4-d027-1470-0683-4c7225e6988e","Wren Whitfield","wren.whitfield@example.com","wren.whitfield@example.com","Member","True","2022-11-11T00:00:00Z","Legal","Legal Specialist","Seattle","US","eb98825d-a20b-e701-efbc-1d56c88f4770","noor.vasquez@example.com"
"2026-06-01","748bb415-5985-8708-c2eb-ab6c597d28d3","Vale Lindqvist","vale.lindqvist2@example.com","vale.lindqvist2@example.com","Member","True","2022-11-17T00:00:00Z","Engineering","Engineering Specialist","Sydney","AU","8e8e478f-c884-7d82-2153-ca75421c1b52","sage.quintero@example.com"
"2026-06-01","12db1c6c-8b41-272b-0842-926ad8a2aef0","Sage Yilmaz","sage.yilmaz@example.com","sage.yilmaz@example.com","Member","True","2022-10-04T00:00:00Z","Sales","Sales Specialist","Austin","US","9afd91cf-ec1b-9a3b-1291-bb2b975453c6","sage.moreau@example.com"
"2026-06-01","1b51e8c8-e0d7-a718-bec4-fcc62e9dccf8","Indigo Jovanovic","indigo.jovanovic@example.com","indigo.jovanovic@example.com","Member","True","2022-12-26T00:00:00Z","Marketing","Marketing Specialist","Dublin","IE","9bc6831f-a8f2-ab13-73f4-8f2087c44f60","vale.kowalski@example.com"
"2026-06-01","807fe02d-4158-b793-ce37-a04c3b503d83","Zephyr Rasmussen","zephyr.rasmussen@example.com","zephyr.rasmussen@example.com","Member","True","2025-04-05T00:00:00Z","Finance","Finance Specialist","Toronto","CA","8695fc51-7f57-73c9-c005-5ed5d4b09587","noor.zawadzki@example.com"
"2026-06-01","43698472-cc46-3b3b-d5b6-17b9118da0e8","Parker Kowalski","parker.kowalski@example.com","parker.kowalski@example.com","Member","True","2023-06-03T00:00:00Z","Operations","Operations Specialist","Toronto","CA","f412cb99-db0b-e7c3-7ffb-dcaffa90f123","blair.rasmussen@example.com"
"2026-06-01","86d8614c-b023-de8a-5f49-2d183dd287a9","Gray Moreau","gray.moreau@example.com","gray.moreau@example.com","Member","True","2024-02-19T00:00:00Z","Legal","Legal Specialist","Dublin","IE","54417c87-f819-5aca-b463-7c013fc02def","jordan.kowalski@example.com"
"2026-06-01","18e25806-e720-ad3a-af55-19f9fea51411","Xan Delacroix","xan.delacroix@example.com","xan.delacroix@example.com","Member","True","2024-02-20T00:00:00Z","Engineering","Engineering Specialist","Sydney","AU","6348e0fb-da40-6590-8ee7-5f6000634176","noor.gallagher@example.com"
"2026-06-01","8bdb5c42-ff89-3e7c-06f6-702d97368ef4","Jordan Quintero","jordan.quintero@example.com","jordan.quintero@example.com","Member","True","2025-03-27T00:00:00Z","Sales","Sales Specialist","Seattle","US","9afd91cf-ec1b-9a3b-1291-bb2b975453c6","sage.moreau@example.com"
"2026-06-01","0a2edc75-3330-971a-be75-fe951ca449a9","Marlowe Kowalski","marlowe.kowalski@example.com","marlowe.kowalski@example.com","Member","True","2021-12-02T00:00:00Z","Marketing","Marketing Specialist","Toronto","CA","9bc6831f-a8f2-ab13-73f4-8f2087c44f60","vale.kowalski@example.com"
"2026-06-01","b9a7fc6a-ebe4-c762-171f-92ea7be22065","Sage Vasquez","sage.vasquez@example.com","sage.vasquez@example.com","Member","True","2024-06-11T00:00:00Z","Finance","Finance Specialist","Toronto","CA","d17983e9-a667-9543-2987-0897ad2dab90","yael.nakamura@example.com"
"2026-06-01","907fe4e5-dbf8-f211-ece4-77283145d179","Drew Chaudhry","drew.chaudhry@example.com","drew.chaudhry@example.com","Member","True","2022-12-02T00:00:00Z","Operations","Operations Specialist","Seattle","US","3a4ef796-9a7e-b1eb-fe97-ee7b5a408165","avery.xiong@example.com"
"2026-06-01","9f8052d0-13e3-3919-83e4-7babfb383b86","Gray Ueda","gray.ueda@example.com","gray.ueda@example.com","Member","True","2024-02-12T00:00:00Z","Legal","Legal Specialist","Toronto","CA","eb98825d-a20b-e701-efbc-1d56c88f4770","noor.vasquez@example.com"
"2026-06-01","32db6fda-69a8-36b9-11a7-2fb9ab168593","Marlowe Quintero","marlowe.quintero@example.com","marlowe.quintero@example.com","Member","True","2024-09-06T00:00:00Z","Engineering","Engineering Specialist","Sydney","AU","8e8e478f-c884-7d82-2153-ca75421c1b52","sage.quintero@example.com"
"2026-06-01","076fd8c2-cb69-f82c-0a4b-fc1fb41c6a60","Parker Bergstrom","parker.bergstrom@example.com","parker.bergstrom@example.com","Member","True","2024-12-04T00:00:00Z","Sales","Sales Specialist","Austin","US","ed83eb08-7cce-99f3-f4ee-302aee96a84a","vale.takahashi@example.com"
"2026-06-01","db28e259-c2b5-e500-b3a8-219b69db4602","Zephyr Lindqvist","zephyr.lindqvist@example.com","zephyr.lindqvist@example.com","Member","True","2025-02-19T00:00:00Z","Marketing","Marketing Specialist","Seattle","US","9bc6831f-a8f2-ab13-73f4-8f2087c44f60","vale.kowalski@example.com"
"2026-06-01","c52bc03c-10aa-8e04-ac25-1b16ea338bdf","Marlowe Bergstrom","marlowe.bergstrom2@example.com","marlowe.bergstrom2@example.com","Member","True","2025-10-18T00:00:00Z","Finance","Finance Specialist","Austin","US","9f71f7e6-35b7-6972-bbf6-a078cbe48834","wren.petrov@example.com"
"2026-06-01","624547ca-6029-d9b5-d668-60a384193d99","Wren Bergstrom","wren.bergstrom@example.com","wren.bergstrom@example.com","Member","True","2025-11-23T00:00:00Z","Operations","Operations Specialist","Sydney","AU","f412cb99-db0b-e7c3-7ffb-dcaffa90f123","blair.rasmussen@example.com"
"2026-06-01","8d3972bd-0b8c-36b1-5066-526c812212f5","Harper Whitfield","harper.whitfield@example.com","harper.whitfield@example.com","Member","True","2024-02-03T00:00:00Z","Legal","Legal Specialist","Dublin","IE","54417c87-f819-5aca-b463-7c013fc02def","jordan.kowalski@example.com"
"2026-06-01","43b72b5a-78c4-d191-f5f1-284d62ace958","Indigo Gallagher","indigo.gallagher@example.com","indigo.gallagher@example.com","Member","True","2023-12-16T00:00:00Z","Engineering","Engineering Specialist","Seattle","US","8e8e478f-c884-7d82-2153-ca75421c1b52","sage.quintero@example.com"
"2026-06-01","6f897faf-f416-6222-0648-1fedc6e64b92","Yael Kowalski","yael.kowalski@example.com","yael.kowalski@example.com","Member","True","2025-07-26T00:00:00Z","Sales","Sales Specialist","Sydney","AU","ed83eb08-7cce-99f3-f4ee-302aee96a84a","vale.takahashi@example.com"
"2026-06-01","5e40e07a-043d-d409-39b9-e6c2f27e9ada","Jordan Kowalski","jordan.kowalski2@example.com","jordan.kowalski2@example.com","Member","True","2024-11-17T00:00:00Z","Marketing","Marketing Specialist","Sydney","AU","2857d35c-f9d2-fce5-4bb9-70953e3c9810","marlowe.gallagher@example.com"
"2026-06-01","adca2e55-3bd2-7c87-6156-9e19eec2a3ce","Blair Ueda","blair.ueda@example.com","blair.ueda@example.com","Member","True","2022-11-10T00:00:00Z","Finance","Finance Specialist","Dublin","IE","d17983e9-a667-9543-2987-0897ad2dab90","yael.nakamura@example.com"
"2026-06-01","4c294dea-5c61-47fa-4b70-f072c7f8be4b","Oakley Bergstrom","oakley.bergstrom@example.com","oakley.bergstrom@example.com","Member","True","2024-12-04T00:00:00Z","Operations","Operations Specialist","Toronto","CA","3a4ef796-9a7e-b1eb-fe97-ee7b5a408165","avery.xiong@example.com"
"2026-06-01","e2738d7c-cd1b-30d3-dacc-9c77151ce508","Vale Yilmaz","vale.yilmaz@example.com","vale.yilmaz@example.com","Member","True","2022-02-26T00:00:00Z","Legal","Legal Specialist","Sydney","AU","54417c87-f819-5aca-b463-7c013fc02def","jordan.kowalski@example.com"
"2026-06-01","f0304040-2c66-f551-0457-b8ab9e2f945d","Tatum Jovanovic","tatum.jovanovic@example.com","tatum.jovanovic@example.com","Member","True","2022-06-13T00:00:00Z","Engineering","Engineering Specialist","Sydney","AU","8e8e478f-c884-7d82-2153-ca75421c1b52","sage.quintero@example.com"
"2026-06-01","7f6dca88-78d4-ab5c-13b5-46984615c23c","Xan Nakamura","xan.nakamura@example.com","xan.nakamura@example.com","Member","True","2022-08-07T00:00:00Z","Sales","Sales Specialist","Sydney","AU","490d2e0b-ac7e-8677-e89b-fb4babcf5c16","quinn.eriksen@example.com"
"2026-06-01","822cde7b-f014-e6d9-8788-2ebe4cb8ed75","Quinn Quintero","quinn.quintero@example.com","quinn.quintero@example.com","Member","True","2022-01-02T00:00:00Z","Marketing","Marketing Specialist","Dublin","IE","9bc6831f-a8f2-ab13-73f4-8f2087c44f60","vale.kowalski@example.com"
"2026-06-01","4ee2a6d0-1f11-8865-6c58-0057ca4217aa","Drew Takahashi","drew.takahashi@example.com","drew.takahashi@example.com","Member","True","2024-04-19T00:00:00Z","Finance","Finance Specialist","Dublin","IE","d17983e9-a667-9543-2987-0897ad2dab90","yael.nakamura@example.com"
"2026-06-01","8a24759f-8887-8d4c-284c-69ab658f1ed5","Indigo Takahashi","indigo.takahashi@example.com","indigo.takahashi@example.com","Member","True","2022-03-17T00:00:00Z","Operations","Operations Specialist","Sydney","AU","3a4ef796-9a7e-b1eb-fe97-ee7b5a408165","avery.xiong@example.com"
"2026-06-01","2e7a508a-d787-09f3-a043-d7e846384d5b","Indigo Lindqvist","indigo.lindqvist@example.com","indigo.lindqvist@example.com","Member","True","2022-05-20T00:00:00Z","Legal","Legal Specialist","Sydney","AU","eb98825d-a20b-e701-efbc-1d56c88f4770","noor.vasquez@example.com"
"2026-06-01","1f60d7d3-55ee-3bf1-2442-aec17875594f","Logan Kowalski","logan.kowalski@example.com","logan.kowalski@example.com","Member","True","2024-10-29T00:00:00Z","Engineering","Engineering Specialist","Dublin","IE","6348e0fb-da40-6590-8ee7-5f6000634176","noor.gallagher@example.com"
"2026-06-01","e5ed4294-8175-2d65-41c2-53a415e821b3","Harper Okonkwo","harper.okonkwo@example.com","harper.okonkwo@example.com","Member","True","2024-04-25T00:00:00Z","Sales","Sales Specialist","Sydney","AU","ed83eb08-7cce-99f3-f4ee-302aee96a84a","vale.takahashi@example.com"
"2026-06-01","5ee4b8e5-1694-d06f-dffe-5f8c5317f390","Drew Lindqvist","drew.lindqvist@example.com","drew.lindqvist@example.com","Member","True","2025-10-07T00:00:00Z","Marketing","Marketing Specialist","Austin","US","90f63fda-a191-c217-7214-3aaf159a4db8","vale.vasquez@example.com"
"2026-06-01","61f9c4ef-09ee-8fab-54a5-5ea1b4d1cadc","Logan Quintero","logan.quintero@example.com","logan.quintero@example.com","Member","True","2023-10-05T00:00:00Z","Finance","Finance Specialist","Dublin","IE","d17983e9-a667-9543-2987-0897ad2dab90","yael.nakamura@example.com"
"2026-06-01","424d9411-c762-fe50-f591-c975afd24221","Yael Takahashi","yael.takahashi@example.com","yael.takahashi@example.com","Member","True","2022-09-06T00:00:00Z","Operations","Operations Specialist","Sydney","AU","fe2779d4-0c57-fc16-069b-0340152f0b57","quinn.kowalski2@example.com"
"2026-06-01","397cdf6b-be9f-82d7-4d17-315b294b5c5a","Logan Ibarra","logan.ibarra2@example.com","logan.ibarra2@example.com","Member","True","2023-12-12T00:00:00Z","Legal","Legal Specialist","Sydney","AU","eb98825d-a20b-e701-efbc-1d56c88f4770","noor.vasquez@example.com"
"2026-06-01","c39aacb9-e8dc-e1f1-8ea8-1ddc1ec5f331","Finley Abara","finley.abara@example.com","finley.abara@example.com","Member","True","2022-08-02T00:00:00Z","Engineering","Engineering Specialist","Toronto","CA","6348e0fb-da40-6590-8ee7-5f6000634176","noor.gallagher@example.com"
"2026-06-01","deb1cdef-6e5f-634c-76e7-ab078349d1be","Blair Rasmussen","blair.rasmussen2@example.com","blair.rasmussen2@example.com","Member","True","2025-06-25T00:00:00Z","Sales","Sales Specialist","Seattle","US","9afd91cf-ec1b-9a3b-1291-bb2b975453c6","sage.moreau@example.com"
"2026-06-01","a5f4f5cd-55f9-633c-572a-4162145a37eb","Tatum Zawadzki","tatum.zawadzki@example.com","tatum.zawadzki@example.com","Member","True","2023-04-12T00:00:00Z","Marketing","Marketing Specialist","Seattle","US","2857d35c-f9d2-fce5-4bb9-70953e3c9810","marlowe.gallagher@example.com"
"2026-06-01","a66b8d9c-15fc-d558-f435-ec60b7ebd7f9","Noor Abara","noor.abara@example.com","noor.abara@example.com","Member","True","2023-02-06T00:00:00Z","Finance","Finance Specialist","Dublin","IE","d17983e9-a667-9543-2987-0897ad2dab90","yael.nakamura@example.com"
"2026-06-01","4c0be831-48a5-28f3-12e6-c28854ee1a3f","Tatum Lindqvist","tatum.lindqvist@example.com","tatum.lindqvist@example.com","Member","True","2022-08-06T00:00:00Z","Operations","Operations Specialist","Dublin","IE","fe2779d4-0c57-fc16-069b-0340152f0b57","quinn.kowalski2@example.com"
"2026-06-01","226f67fd-e13e-28ab-833d-11efd85a3cb4","Quinn Kowalski","quinn.kowalski3@example.com","quinn.kowalski3@example.com","Member","True","2022-01-30T00:00:00Z","Legal","Legal Specialist","Toronto","CA","eb98825d-a20b-e701-efbc-1d56c88f4770","noor.vasquez@example.com"
"2026-06-01","0dc23022-6372-c80b-d197-6e8c63000cca","Reese Quintero","reese.quintero@example.com","reese.quintero@example.com","Member","True","2023-04-30T00:00:00Z","Engineering","Engineering Specialist","Sydney","AU","8e8e478f-c884-7d82-2153-ca75421c1b52","sage.quintero@example.com"
"2026-06-01","d5a4ca9d-d2d4-fab0-b166-bd6c4cf4c0cc","Blair Gallagher","blair.gallagher2@example.com","blair.gallagher2@example.com","Member","True","2022-12-24T00:00:00Z","Sales","Sales Specialist","Seattle","US","490d2e0b-ac7e-8677-e89b-fb4babcf5c16","quinn.eriksen@example.com"
"2026-06-01","ec57e2d6-85ce-d78c-4e72-3b98103c1658","Blair Okonkwo","blair.okonkwo@example.com","blair.okonkwo@example.com","Member","True","2024-08-13T00:00:00Z","Marketing","Marketing Specialist","Seattle","US","90f63fda-a191-c217-7214-3aaf159a4db8","vale.vasquez@example.com"
"2026-06-01","6a1611b3-02da-6e3f-3f3f-25163834edba","Quinn Yilmaz","quinn.yilmaz@example.com","quinn.yilmaz@example.com","Member","True","2025-06-10T00:00:00Z","Finance","Finance Specialist","Austin","US","d17983e9-a667-9543-2987-0897ad2dab90","yael.nakamura@example.com"
"2026-06-01","3facd946-242a-105b-dd67-41b7291126c5","Sage Rasmussen","sage.rasmussen@example.com","sage.rasmussen@example.com","Member","True","2025-03-11T00:00:00Z","Operations","Operations Specialist","Austin","US","3a4ef796-9a7e-b1eb-fe97-ee7b5a408165","avery.xiong@example.com"
"2026-06-01","0e971d46-244c-dc60-4f5b-e6d2e6e958da","Harper Rasmussen","harper.rasmussen@example.com","harper.rasmussen@example.com","Member","True","2022-04-15T00:00:00Z","Legal","Legal Specialist","Dublin","IE","eb98825d-a20b-e701-efbc-1d56c88f4770","noor.vasquez@example.com"
"2026-06-01","d8912ea7-6efd-27ed-0d27-ee84a73b0828","Kai Takahashi","kai.takahashi@example.com","kai.takahashi@example.com","Member","True","2022-05-30T00:00:00Z","Engineering","Engineering Specialist","Sydney","AU","236bc049-2408-8b1d-6323-d2dbe97d4d19","parker.chaudhry@example.com"
"2026-06-01","81c17fc4-6f81-3fd0-b84c-60f4ad5b2417","Oakley Jovanovic","oakley.jovanovic@example.com","oakley.jovanovic@example.com","Member","True","2023-05-28T00:00:00Z","Sales","Sales Specialist","Sydney","AU","9afd91cf-ec1b-9a3b-1291-bb2b975453c6","sage.moreau@example.com"
"2026-06-01","27cf3937-616d-ab2b-e030-98c7e539f127","Harper Vasquez","harper.vasquez@example.com","harper.vasquez@example.com","Member","True","2024-02-27T00:00:00Z","Marketing","Marketing Specialist","Dublin","IE","2857d35c-f9d2-fce5-4bb9-70953e3c9810","marlowe.gallagher@example.com"
"2026-06-01","c06eae9e-f9c7-4bd7-16f0-9c828c13ce8a","Casey Whitfield","casey.whitfield@example.com","casey.whitfield@example.com","Member","True","2024-10-21T00:00:00Z","Finance","Finance Specialist","Toronto","CA","9f71f7e6-35b7-6972-bbf6-a078cbe48834","wren.petrov@example.com"
"2026-06-01","885e2443-99b4-730f-69fc-aa7d68824089","Blair Jovanovic","blair.jovanovic@example.com","blair.jovanovic@example.com","Member","True","2024-10-31T00:00:00Z","Operations","Operations Specialist","Austin","US","3a4ef796-9a7e-b1eb-fe97-ee7b5a408165","avery.xiong@example.com"
"2026-06-01","ef95e08a-1594-d13a-6b66-77d3fa374b7a","Reese Vasquez","reese.vasquez@example.com","reese.vasquez@example.com","Member","True","2023-10-02T00:00:00Z","Legal","Legal Specialist","Sydney","AU","6eeb9fdf-ba96-d64c-2ec8-f7c9ec3a3d85","oakley.fontaine@example.com"
"2026-06-01","19e163e9-1e46-0a1a-d345-c0a13aa09463","Parker Zawadzki","parker.zawadzki@example.com","parker.zawadzki@example.com","Member","True","2022-05-08T00:00:00Z","Engineering","Engineering Specialist","Seattle","US","236bc049-2408-8b1d-6323-d2dbe97d4d19","parker.chaudhry@example.com"
"2026-06-01","02083e5e-d685-3082-36c5-39e302318a27","Marlowe Gallagher","marlowe.gallagher2@example.com","marlowe.gallagher2@example.com","Member","True","2023-01-31T00:00:00Z","Sales","Sales Specialist","Sydney","AU","9afd91cf-ec1b-9a3b-1291-bb2b975453c6","sage.moreau@example.com"
"2026-06-01","26fd30fb-d5a6-5a99-a3e7-ebe1f26dcfab","Oakley Kowalski","oakley.kowalski@example.com","oakley.kowalski@example.com","Member","True","2022-06-03T00:00:00Z","Marketing","Marketing Specialist","Dublin","IE","2857d35c-f9d2-fce5-4bb9-70953e3c9810","marlowe.gallagher@example.com"
"2026-06-01","0dd3e99b-dc0b-089e-166d-6413c57ea32e","Noor Haddad","noor.haddad@example.com","noor.haddad@example.com","Member","True","2024-10-16T00:00:00Z","Finance","Finance Specialist","Toronto","CA","d17983e9-a667-9543-2987-0897ad2dab90","yael.nakamura@example.com"
"2026-06-01","4f8d283d-58da-95f1-62de-cc20e739d912","Noor Silva","noor.silva@example.com","noor.silva@example.com","Member","True","2024-06-19T00:00:00Z","Operations","Operations Specialist","Toronto","CA","f412cb99-db0b-e7c3-7ffb-dcaffa90f123","blair.rasmussen@example.com"
"2026-06-01","35449036-d783-731b-c9a0-697881e43173","Oakley Vasquez","oakley.vasquez2@example.com","oakley.vasquez2@example.com","Member","True","2023-06-03T00:00:00Z","Legal","Legal Specialist","Austin","US","6eeb9fdf-ba96-d64c-2ec8-f7c9ec3a3d85","oakley.fontaine@example.com"
"2026-06-01","37a609eb-44a1-8b2c-a591-d251c79378ad","Reese Chaudhry","reese.chaudhry@example.com","reese.chaudhry@example.com","Member","True","2024-11-11T00:00:00Z","Engineering","Engineering Specialist","Dublin","IE","6348e0fb-da40-6590-8ee7-5f6000634176","noor.gallagher@example.com"
"2026-06-01","c1cb7d3c-5374-029e-0766-b6d7bc68dd2d","Casey Takahashi","casey.takahashi@example.com","casey.takahashi@example.com","Member","True","2024-07-23T00:00:00Z","Sales","Sales Specialist","Toronto","CA","9afd91cf-ec1b-9a3b-1291-bb2b975453c6","sage.moreau@example.com"
"2026-06-01","38ce90ab-18ce-eeb0-6b84-8f03b830756d","Umi Petrov","umi.petrov@example.com","umi.petrov@example.com","Member","True","2023-07-28T00:00:00Z","Marketing","Marketing Specialist","Sydney","AU","90f63fda-a191-c217-7214-3aaf159a4db8","vale.vasquez@example.com"
"2026-06-01","3f8329a6-fada-5f95-b54b-c2d7c38c56ac","Drew Jovanovic","drew.jovanovic@example.com","drew.jovanovic@example.com","Member","True","2023-08-06T00:00:00Z","Finance","Finance Specialist","Seattle","US","d17983e9-a667-9543-2987-0897ad2dab90","yael.nakamura@example.com"
"2026-06-01","8396b0a3-b2d7-8c1e-f26f-ef054a479882","Drew Jovanovic","drew.jovanovic2@example.com","drew.jovanovic2@example.com","Member","True","2025-05-16T00:00:00Z","Operations","Operations Specialist","Toronto","CA","3a4ef796-9a7e-b1eb-fe97-ee7b5a408165","avery.xiong@example.com"
"2026-06-01","20385182-b7c1-2c40-d9c9-beaaf265a9f6","Finley Zawadzki","finley.zawadzki@example.com","finley.zawadzki@example.com","Member","True","2024-08-09T00:00:00Z","Legal","Legal Specialist","Austin","US","54417c87-f819-5aca-b463-7c013fc02def","jordan.kowalski@example.com"
"2026-06-01","466c09db-bd5b-7c8d-f4d4-9f20351ed951","Harper Bergstrom","harper.bergstrom@example.com","harper.bergstrom@example.com","Member","True","2023-08-27T00:00:00Z","Engineering","Engineering Specialist","Toronto","CA","6348e0fb-da40-6590-8ee7-5f6000634176","noor.gallagher@example.com"
"2026-06-01","29b2f272-45b1-e412-9da2-f00c2736f879","Parker Fontaine","parker.fontaine@example.com","parker.fontaine@example.com","Member","True","2025-03-01T00:00:00Z","Sales","Sales Specialist","Austin","US","ed83eb08-7cce-99f3-f4ee-302aee96a84a","vale.takahashi@example.com"
"2026-06-01","0537c32a-9d2a-d475-8b58-7e1b3f48b4e8","Indigo Yilmaz","indigo.yilmaz@example.com","indigo.yilmaz@example.com","Member","True","2023-09-28T00:00:00Z","Marketing","Marketing Specialist","Austin","US","90f63fda-a191-c217-7214-3aaf159a4db8","vale.vasquez@example.com"
"2026-06-01","51dea8ab-92e4-fef9-2560-6c85b1bcf4af","Parker Okonkwo","parker.okonkwo@example.com","parker.okonkwo@example.com","Member","True","2022-04-29T00:00:00Z","Finance","Finance Specialist","Sydney","AU","9f71f7e6-35b7-6972-bbf6-a078cbe48834","wren.petrov@example.com"
"2026-06-01","45593dd0-d424-decd-810f-23a25dae5982","Kai Rasmussen","kai.rasmussen@example.com","kai.rasmussen@example.com","Member","True","2023-12-07T00:00:00Z","Operations","Operations Specialist","Toronto","CA","f412cb99-db0b-e7c3-7ffb-dcaffa90f123","blair.rasmussen@example.com"
"2026-06-01","2baf76a4-f9eb-826a-5405-2ea94280456d","Indigo Fontaine","indigo.fontaine@example.com","indigo.fontaine@example.com","Member","True","2021-12-23T00:00:00Z","Legal","Legal Specialist","Toronto","CA","54417c87-f819-5aca-b463-7c013fc02def","jordan.kowalski@example.com"
"2026-06-01","157d1ac4-c93c-0227-6372-c9d48c676f59","Avery Kowalski","avery.kowalski@example.com","avery.kowalski@example.com","Member","True","2024-02-20T00:00:00Z","Engineering","Engineering Specialist","Dublin","IE","8e8e478f-c884-7d82-2153-ca75421c1b52","sage.quintero@example.com"
"2026-06-01","7b8a4b6a-7ae1-dc5f-69eb-334cb811d389","Reese Whitfield","reese.whitfield@example.com","reese.whitfield@example.com","Member","True","2025-01-18T00:00:00Z","Sales","Sales Specialist","Sydney","AU","9afd91cf-ec1b-9a3b-1291-bb2b975453c6","sage.moreau@example.com"
"2026-06-01","e11e67d1-593c-da1c-11ec-de213f02a479","Logan Okonkwo","logan.okonkwo2@example.com","logan.okonkwo2@example.com","Member","True","2023-08-03T00:00:00Z","Marketing","Marketing Specialist","Toronto","CA","90f63fda-a191-c217-7214-3aaf159a4db8","vale.vasquez@example.com"
"2026-06-01","77994a6a-7d3e-7a1b-94e5-60f53f385803","Indigo Ibarra","indigo.ibarra@example.com","indigo.ibarra@example.com","Member","True","2022-07-28T00:00:00Z","Finance","Finance Specialist","Sydney","AU","d17983e9-a667-9543-2987-0897ad2dab90","yael.nakamura@example.com"
"2026-06-01","7dcb845d-120c-b60d-6c5a-f9f7652bb787","Indigo Takahashi","indigo.takahashi2@example.com","indigo.takahashi2@example.com","Member","True","2022-03-25T00:00:00Z","Operations","Operations Specialist","Seattle","US","fe2779d4-0c57-fc16-069b-0340152f0b57","quinn.kowalski2@example.com"
"2026-06-01","2c46a23d-e98b-06e2-a9a1-4ce8c1ac65e5","Xan Haddad","xan.haddad@example.com","xan.haddad@example.com","Member","True","2025-03-26T00:00:00Z","Legal","Legal Specialist","Seattle","US","eb98825d-a20b-e701-efbc-1d56c88f4770","noor.vasquez@example.com"
"2026-06-01","3a0d656f-68ec-138f-80d1-358505804aba","Kai Yilmaz","kai.yilmaz@example.com","kai.yilmaz@example.com","Member","True","2023-06-26T00:00:00Z","Engineering","Engineering Specialist","Dublin","IE","8e8e478f-c884-7d82-2153-ca75421c1b52","sage.quintero@example.com"
"2026-06-01","ca0c062f-100d-b836-c5d1-08b13b764fd8","Avery Lindqvist","avery.lindqvist@example.com","avery.lindqvist@example.com","Member","True","2022-09-16T00:00:00Z","Sales","Sales Specialist","Sydney","AU","9afd91cf-ec1b-9a3b-1291-bb2b975453c6","sage.moreau@example.com"
"2026-06-01","d786ce5a-c66c-41e3-62ab-a6e02a48fc69","Oakley Abara","oakley.abara@example.com","oakley.abara@example.com","Member","True","2023-08-27T00:00:00Z","Marketing","Marketing Specialist","Seattle","US","9bc6831f-a8f2-ab13-73f4-8f2087c44f60","vale.kowalski@example.com"
"2026-06-01","ae4dd732-83c9-8e49-3171-25335ecec861","Umi Petrov","umi.petrov2@example.com","umi.petrov2@example.com","Member","True","2024-10-11T00:00:00Z","Finance","Finance Specialist","Austin","US","d17983e9-a667-9543-2987-0897ad2dab90","yael.nakamura@example.com"
"2026-06-01","1a56f52d-282b-f386-7ae6-7f52de64f082","Tatum Delacroix","tatum.delacroix@example.com","tatum.delacroix@example.com","Member","True","2025-07-14T00:00:00Z","Operations","Operations Specialist","Toronto","CA","f412cb99-db0b-e7c3-7ffb-dcaffa90f123","blair.rasmussen@example.com"
"2026-06-01","f00f547c-7385-5c81-7f9b-e923e4e4ad3c","Drew Quintero","drew.quintero@example.com","drew.quintero@example.com","Member","True","2023-09-07T00:00:00Z","Legal","Legal Specialist","Seattle","US","6eeb9fdf-ba96-d64c-2ec8-f7c9ec3a3d85","oakley.fontaine@example.com"
"2026-06-01","4b1356fd-d3f1-fa54-dd45-e0a92675cbd8","Yael Yilmaz","yael.yilmaz@example.com","yael.yilmaz@example.com","Member","True","2024-01-21T00:00:00Z","Engineering","Engineering Specialist","Austin","US","6348e0fb-da40-6590-8ee7-5f6000634176","noor.gallagher@example.com"
"2026-06-01","df742aa6-5cfc-fa6d-b7b3-024e536dec26","Casey Lindqvist","casey.lindqvist@example.com","casey.lindqvist@example.com","Member","True","2025-09-16T00:00:00Z","Sales","Sales Specialist","Seattle","US","490d2e0b-ac7e-8677-e89b-fb4babcf5c16","quinn.eriksen@example.com"
"2026-06-01","397e861f-3fbb-6ffd-19d4-571a9dccfad3","Sage Vasquez","sage.vasquez2@example.com","sage.vasquez2@example.com","Member","True","2024-03-13T00:00:00Z","Marketing","Marketing Specialist","Dublin","IE","2857d35c-f9d2-fce5-4bb9-70953e3c9810","marlowe.gallagher@example.com"
"2026-06-01","29435a66-9143-b856-89a5-972067e49720","Vale Eriksen","vale.eriksen@example.com","vale.eriksen@example.com","Member","True","2025-03-16T00:00:00Z","Finance","Finance Specialist","Dublin","IE","8695fc51-7f57-73c9-c005-5ed5d4b09587","noor.zawadzki@example.com"
"2026-06-01","e2e0fd5e-e75c-86b0-7219-440c76694ac5","Harper Yilmaz","harper.yilmaz@example.com","harper.yilmaz@example.com","Member","True","2023-11-13T00:00:00Z","Operations","Operations Specialist","Seattle","US","f412cb99-db0b-e7c3-7ffb-dcaffa90f123","blair.rasmussen@example.com"
"2026-06-01","74e644e9-363d-b9b3-35da-27a610913768","Avery Silva","avery.silva@example.com","avery.silva@example.com","Member","True","2024-03-09T00:00:00Z","Legal","Legal Specialist","Seattle","US","54417c87-f819-5aca-b463-7c013fc02def","jordan.kowalski@example.com"
"2026-06-01","7045cfe1-8b60-feaa-99d1-dc5645fad319","Drew Petrov","drew.petrov@example.com","drew.petrov@example.com","Member","True","2024-11-11T00:00:00Z","Engineering","Engineering Specialist","Toronto","CA","6348e0fb-da40-6590-8ee7-5f6000634176","noor.gallagher@example.com"
"2026-06-01","9851f734-9ef1-e5fb-32e2-4ce28799471a","Gray Abara","gray.abara@example.com","gray.abara@example.com","Member","True","2022-03-04T00:00:00Z","Sales","Sales Specialist","Dublin","IE","490d2e0b-ac7e-8677-e89b-fb4babcf5c16","quinn.eriksen@example.com"
"2026-06-01","087bad96-3914-b5ed-41cc-6de10f8cb364","Reese Gallagher (partner1.example.com)","reese.gallagher_partner1.example.com#EXT#@example.onmicrosoft.com","reese.gallagher@partner1.example.com","Guest","True","2026-04-07T19:54:22Z","","","","","",""
"2026-06-01","67a9f990-a05b-e84e-3c17-8d9ed64f6b65","Jordan Lindqvist (partner3.example.com)","jordan.lindqvist_partner3.example.com#EXT#@example.onmicrosoft.com","jordan.lindqvist@partner3.example.com","Guest","True","2026-01-11T10:33:18Z","","","","","",""
"2026-06-01","a7904480-073a-9e17-7a77-8a169ba405ad","Gray Silva (partner4.example.com)","gray.silva_partner4.example.com#EXT#@example.onmicrosoft.com","gray.silva@partner4.example.com","Guest","True","2026-03-21T15:45:34Z","","","","","",""
"2026-06-01","da365d3e-4915-f7f8-4f8f-1c047864d6b4","Reese Haddad (partner5.example.com)","reese.haddad_partner5.example.com#EXT#@example.onmicrosoft.com","reese.haddad@partner5.example.com","Guest","True","2026-05-19T12:26:37Z","","","","","",""
"2026-06-01","c7b3bf13-7660-794d-c863-e6350633715f","Avery Abara (partner6.example.com)","avery.abara_partner6.example.com#EXT#@example.onmicrosoft.com","avery.abara@partner6.example.com","Guest","True","2026-02-17T17:14:01Z","","","","","",""
"2026-06-01","a02b96fa-eed6-ce68-6f07-ae284a76274e","Parker Takahashi (partner7.example.com)","parker.takahashi_partner7.example.com#EXT#@example.onmicrosoft.com","parker.takahashi@partner7.example.com","Guest","True","2026-02-17T13:08:46Z","","","","","",""
"2026-06-01","a35d431e-0643-0355-f718-ee18c51c9bbf","Casey Okonkwo (partner8.example.com)","casey.okonkwo_partner8.example.com#EXT#@example.onmicrosoft.com","casey.okonkwo@partner8.example.com","Guest","True","2026-02-26T18:52:10Z","","","","","",""
"2026-06-01","0ab03139-29b2-4be1-c6ce-c440bc7fba48","Indigo Rasmussen (partner10.example.com)","indigo.rasmussen_partner10.example.com#EXT#@example.onmicrosoft.com","indigo.rasmussen@partner10.example.com","Guest","True","2026-02-09T16:05:39Z","","","","","",""
"2026-06-01","4b9a563d-652c-abff-7498-174e3c71cada","Noor Yilmaz (partner12.example.com)","noor.yilmaz_partner12.example.com#EXT#@example.onmicrosoft.com","noor.yilmaz@partner12.example.com","Guest","True","2026-05-04T09:11:10Z","","","","","",""
"2026-06-01","86a4ade9-23ca-78f8-f180-48fb9401e02f","Drew Lindqvist (partner2.example.com)","drew.lindqvist_partner2.example.com#EXT#@example.onmicrosoft.com","drew.lindqvist@partner2.example.com","Guest","True","2026-04-06T13:38:58Z","","","","","",""
"2026-06-01","7fd125a7-29ec-51b4-e4f6-84a2facf791e","Harper Rasmussen (partner3.example.com)","harper.rasmussen_partner3.example.com#EXT#@example.onmicrosoft.com","harper.rasmussen@partner3.example.com","Guest","False","2026-01-19T14:30:04Z","","","","","",""
"2026-06-01","b7f3c38a-68a2-7f10-bbf9-0f9f42a07f26","Avery Haddad (partner5.example.com)","avery.haddad_partner5.example.com#EXT#@example.onmicrosoft.com","avery.haddad@partner5.example.com","Guest","False","2026-02-20T14:24:25Z","","","","","",""
"2026-06-01","7660dd0f-bbd8-cf76-8d5f-685ef3c160f3","Wren Fontaine (partner6.example.com)","wren.fontaine_partner6.example.com#EXT#@example.onmicrosoft.com","wren.fontaine@partner6.example.com","Guest","True","2026-03-12T11:01:05Z","","","","","",""
"2026-06-01","dafb4783-e9f9-cbba-00a2-5a8236e4ccd1","Harper Gallagher (partner7.example.com)","harper.gallagher_partner7.example.com#EXT#@example.onmicrosoft.com","harper.gallagher@partner7.example.com","Guest","True","2026-02-25T17:33:41Z","","","","","",""
"2026-06-01","573523d0-ac85-4e28-1a38-2ed3b2667fa4","Parker Nakamura (partner8.example.com)","parker.nakamura_partner8.example.com#EXT#@example.onmicrosoft.com","parker.nakamura@partner8.example.com","Guest","True","2026-04-08T13:43:53Z","","","","","",""
"2026-06-01","39a36998-9e60-6007-f628-c684737bf531","Logan Vasquez (partner9.example.com)","logan.vasquez_partner9.example.com#EXT#@example.onmicrosoft.com","logan.vasquez@partner9.example.com","Guest","True","2026-03-12T17:03:40Z","","","","","",""
"2026-06-01","02812435-de63-505c-e3ec-438515b99a26","Umi Ibarra (partner10.example.com)","umi.ibarra_partner10.example.com#EXT#@example.onmicrosoft.com","umi.ibarra@partner10.example.com","Guest","True","2026-01-21T15:16:10Z","","","","","",""
"2026-06-01","461ad64d-5976-8d07-ef2b-7a855e934a69","Logan Xiong (partner11.example.com)","logan.xiong_partner11.example.com#EXT#@example.onmicrosoft.com","logan.xiong@partner11.example.com","Guest","True","2026-04-05T10:01:01Z","","","","","",""
"2026-06-01","5c23838b-802a-b9de-9b16-0741096d923b","Drew Eriksen (partner12.example.com)","drew.eriksen_partner12.example.com#EXT#@example.onmicrosoft.com","drew.eriksen@partner12.example.com","Guest","True","2026-02-02T12:08:17Z","","","","","",""
"2026-06-01","16b624eb-2eba-0873-cfea-d6e431c4aa9b","Casey Kowalski (partner1.example.com)","casey.kowalski_partner1.example.com#EXT#@example.onmicrosoft.com","casey.kowalski@partner1.example.com","Guest","True","2026-03-27T18:10:21Z","","","","","",""
"2026-06-01","f2d3f7b4-77d6-305a-0c3e-5b28a2e1e793","Noor Jovanovic (partner2.example.com)","noor.jovanovic_partner2.example.com#EXT#@example.onmicrosoft.com","noor.jovanovic@partner2.example.com","Guest","True","2026-05-01T12:22:53Z","","","","","",""
"2026-06-01","b1ab51d4-c027-b901-9f06-37a016f8727c","Yael Fontaine (partner3.example.com)","yael.fontaine_partner3.example.com#EXT#@example.onmicrosoft.com","yael.fontaine@partner3.example.com","Guest","True","2026-04-05T18:33:22Z","","","","","",""
"2026-06-01","40a0f0ef-ed1f-f096-6d02-25ae7ee57d59","Yael Bergstrom (partner4.example.com)","yael.bergstrom_partner4.example.com#EXT#@example.onmicrosoft.com","yael.bergstrom@partner4.example.com","Guest","True","2026-04-04T13:59:44Z","","","","","",""
"2026-06-01","94daa1a3-aa11-1570-0237-d061788018a0","Finley Haddad (partner5.example.com)","finley.haddad_partner5.example.com#EXT#@example.onmicrosoft.com","finley.haddad@partner5.example.com","Guest","True","2026-02-17T08:52:35Z","","","","","",""
"2026-06-01","e5072603-ccba-90ae-017b-4cbb5b5c57b4","Blair Kowalski (partner6.example.com)","blair.kowalski_partner6.example.com#EXT#@example.onmicrosoft.com","blair.kowalski@partner6.example.com","Guest","True","2026-01-31T11:21:58Z","","","","","",""
"2026-06-01","72c24b7a-616e-9ed1-0d84-6930486a21d0","Reese Ibarra (partner7.example.com)","reese.ibarra_partner7.example.com#EXT#@example.onmicrosoft.com","reese.ibarra@partner7.example.com","Guest","True","2026-01-14T19:17:52Z","","","","","",""
"2026-06-01","2eef2af4-2aac-b53d-d074-a100e1235ad1","Yael Silva (partner9.example.com)","yael.silva_partner9.example.com#EXT#@example.onmicrosoft.com","yael.silva@partner9.example.com","Guest","True","2026-03-07T12:16:18Z","","","","","",""
"2026-06-01","4e84cc4d-d6d1-248d-50ab-8724b6a35057","Blair Jovanovic (partner10.example.com)","blair.jovanovic_partner10.example.com#EXT#@example.onmicrosoft.com","blair.jovanovic@partner10.example.com","Guest","True","2026-01-15T14:36:07Z","","","","","",""
"2026-06-01","12869724-5830-e031-dc71-3182a3ca73bc","Blair Eriksen (partner11.example.com)","blair.eriksen_partner11.example.com#EXT#@example.onmicrosoft.com","blair.eriksen@partner11.example.com","Guest","True","2026-01-24T10:38:16Z","","","","","",""
"2026-06-01","c5c53719-e6ff-ad4a-dd82-05b6b3105f9f","Drew Fontaine (partner1.example.com)","drew.fontaine_partner1.example.com#EXT#@example.onmicrosoft.com","drew.fontaine@partner1.example.com","Guest","True","2026-04-15T16:45:13Z","","","","","",""
"2026-06-01","658d8760-7df8-76f1-8d12-320ab4abbfb0","Yael Haddad (partner4.example.com)","yael.haddad_partner4.example.com#EXT#@example.onmicrosoft.com","yael.haddad@partner4.example.com","Guest","True","2026-05-08T09:26:08Z","","","","","",""
"2026-06-01","b1d60cd2-c41e-a635-33a5-b905217ec138","Sage Nakamura (partner5.example.com)","sage.nakamura_partner5.example.com#EXT#@example.onmicrosoft.com","sage.nakamura@partner5.example.com","Guest","True","2026-03-11T18:44:33Z","","","","","",""
"2026-06-01","f0ce2995-b75c-3458-aae5-9fdcf46dd40d","Reese Moreau (partner6.example.com)","reese.moreau_partner6.example.com#EXT#@example.onmicrosoft.com","reese.moreau@partner6.example.com","Guest","True","2026-01-09T18:03:25Z","","","","","",""
"2026-06-01","4210d1df-444c-0352-0449-308d469e449d","Sage Xiong (partner8.example.com)","sage.xiong_partner8.example.com#EXT#@example.onmicrosoft.com","sage.xiong@partner8.example.com","Guest","True","2026-05-05T13:07:17Z","","","","","",""
"2026-06-01","fd7aa7f1-51e6-4de0-21c6-46ecbf93f045","Jordan Abara (partner9.example.com)","jordan.abara_partner9.example.com#EXT#@example.onmicrosoft.com","jordan.abara@partner9.example.com","Guest","True","2026-01-28T07:56:30Z","","","","","",""
"2026-06-01","ea81087d-4636-4ac3-53aa-880663dfadf8","Yael Fontaine (partner10.example.com)","yael.fontaine_partner10.example.com#EXT#@example.onmicrosoft.com","yael.fontaine@partner10.example.com","Guest","True","2026-03-18T11:52:43Z","","","","","",""
"2026-06-01","f76b380c-3af5-8586-d3d7-cb368f002974","Kai Bergstrom (partner11.example.com)","kai.bergstrom_partner11.example.com#EXT#@example.onmicrosoft.com","kai.bergstrom@partner11.example.com","Guest","True","2026-04-01T15:50:35Z","","","","","",""
"2026-06-01","db5625e8-f6c3-fff4-398a-df5cb54e80dd","Umi Xiong (partner12.example.com)","umi.xiong_partner12.example.com#EXT#@example.onmicrosoft.com","umi.xiong@partner12.example.com","Guest","True","2026-01-29T09:55:08Z","","","","","",""
"2026-06-01","2e37ffce-ce9f-c07b-5161-2ff713d54290","Logan Nakamura (partner1.example.com)","logan.nakamura_partner1.example.com#EXT#@example.onmicrosoft.com","logan.nakamura@partner1.example.com","Guest","True","2026-02-21T18:50:11Z","","","","","",""
"2026-06-01","9145356f-c0fc-c57a-28f4-c70beb10e1f5","Kai Ibarra (partner2.example.com)","kai.ibarra_partner2.example.com#EXT#@example.onmicrosoft.com","kai.ibarra@partner2.example.com","Guest","True","2026-01-19T13:07:53Z","","","","","",""
"2026-06-01","5f6e7e00-1588-dc5b-5e45-7bbf646e7d4e","Reese Quintero (partner3.example.com)","reese.quintero_partner3.example.com#EXT#@example.onmicrosoft.com","reese.quintero@partner3.example.com","Guest","True","2026-03-11T15:44:49Z","","","","","",""
"2026-06-01","865863f7-f3d7-cc9b-6679-0308e76f598e","Finley Chaudhry (partner10.example.com)","finley.chaudhry_partner10.example.com#EXT#@example.onmicrosoft.com","finley.chaudhry@partner10.example.com","Guest","True","2026-05-12T18:58:21Z","","","","","",""
"2026-06-01","06bf4364-168b-79d7-006b-15e31f8a9f0c","Zephyr Bergstrom (partner12.example.com)","zephyr.bergstrom_partner12.example.com#EXT#@example.onmicrosoft.com","zephyr.bergstrom@partner12.example.com","Guest","True","2026-04-30T09:12:52Z","","","","","",""
"2026-07-01","d01fa0f0-8491-6aec-ff4e-305b600a5d77","Harper Jovanovic","harper.jovanovic@example.com","harper.jovanovic@example.com","Member","True","2025-07-06T00:00:00Z","Operations","Chief Executive","Austin","US",,
"2026-07-01","01e26f3d-33e5-1b75-67e6-dc93d37f23ec","Quinn Kowalski","quinn.kowalski@example.com","quinn.kowalski@example.com","Member","True","2022-03-24T00:00:00Z","Engineering","Director, Engineering","Toronto","CA","d01fa0f0-8491-6aec-ff4e-305b600a5d77","harper.jovanovic@example.com"
"2026-07-01","7a5172e6-1e09-fb9d-0174-040e1f69f280","Blair Zawadzki","blair.zawadzki@example.com","blair.zawadzki@example.com","Member","True","2024-11-24T00:00:00Z","Sales","Director, Sales","Toronto","CA","d01fa0f0-8491-6aec-ff4e-305b600a5d77","harper.jovanovic@example.com"
"2026-07-01","1902d00f-9d72-e088-e671-a3c33c8c48ca","Tatum Chaudhry","tatum.chaudhry@example.com","tatum.chaudhry@example.com","Member","True","2024-04-29T00:00:00Z","Marketing","Director, Marketing","Toronto","CA","d01fa0f0-8491-6aec-ff4e-305b600a5d77","harper.jovanovic@example.com"
"2026-07-01","f31a7995-cde1-6973-8ca2-2fb689567c15","Sage Delacroix","sage.delacroix@example.com","sage.delacroix@example.com","Member","True","2024-11-04T00:00:00Z","Finance","Director, Finance","Dublin","IE","d01fa0f0-8491-6aec-ff4e-305b600a5d77","harper.jovanovic@example.com"
"2026-07-01","8f14bc96-41d1-93d1-2028-62542524c795","Zephyr Bergstrom","zephyr.bergstrom@example.com","zephyr.bergstrom@example.com","Member","True","2025-10-16T00:00:00Z","Operations","Director, Operations","Toronto","CA","d01fa0f0-8491-6aec-ff4e-305b600a5d77","harper.jovanovic@example.com"
"2026-07-01","44541f2a-ed42-e639-0f32-5ae6608c30d8","Oakley Moreau","oakley.moreau@example.com","oakley.moreau@example.com","Member","True","2022-09-02T00:00:00Z","Legal","Director, Legal","Austin","US","d01fa0f0-8491-6aec-ff4e-305b600a5d77","harper.jovanovic@example.com"
"2026-07-01","6348e0fb-da40-6590-8ee7-5f6000634176","Noor Gallagher","noor.gallagher@example.com","noor.gallagher@example.com","Member","True","2023-06-20T00:00:00Z","Engineering","Engineering Manager","Toronto","CA","01e26f3d-33e5-1b75-67e6-dc93d37f23ec","quinn.kowalski@example.com"
"2026-07-01","ed83eb08-7cce-99f3-f4ee-302aee96a84a","Vale Takahashi","vale.takahashi@example.com","vale.takahashi@example.com","Member","True","2023-11-29T00:00:00Z","Sales","Sales Manager","Toronto","CA","7a5172e6-1e09-fb9d-0174-040e1f69f280","blair.zawadzki@example.com"
"2026-07-01","2857d35c-f9d2-fce5-4bb9-70953e3c9810","Marlowe Gallagher","marlowe.gallagher@example.com","marlowe.gallagher@example.com","Member","True","2024-03-03T00:00:00Z","Marketing","Marketing Manager","Seattle","US","1902d00f-9d72-e088-e671-a3c33c8c48ca","tatum.chaudhry@example.com"
"2026-07-01","9f71f7e6-35b7-6972-bbf6-a078cbe48834","Wren Petrov","wren.petrov@example.com","wren.petrov@example.com","Member","True","2023-10-13T00:00:00Z","Finance","Finance Manager","Seattle","US","f31a7995-cde1-6973-8ca2-2fb689567c15","sage.delacroix@example.com"
"2026-07-01","3a4ef796-9a7e-b1eb-fe97-ee7b5a408165","Avery Xiong","avery.xiong@example.com","avery.xiong@example.com","Member","True","2024-02-14T00:00:00Z","Operations","Operations Manager","Sydney","AU","8f14bc96-41d1-93d1-2028-62542524c795","zephyr.bergstrom@example.com"
"2026-07-01","54417c87-f819-5aca-b463-7c013fc02def","Jordan Kowalski","jordan.kowalski@example.com","jordan.kowalski@example.com","Member","True","2025-04-20T00:00:00Z","Legal","Legal Manager","Dublin","IE","44541f2a-ed42-e639-0f32-5ae6608c30d8","oakley.moreau@example.com"
"2026-07-01","236bc049-2408-8b1d-6323-d2dbe97d4d19","Parker Chaudhry","parker.chaudhry@example.com","parker.chaudhry@example.com","Member","True","2023-05-26T00:00:00Z","Engineering","Engineering Manager","Seattle","US","01e26f3d-33e5-1b75-67e6-dc93d37f23ec","quinn.kowalski@example.com"
"2026-07-01","9afd91cf-ec1b-9a3b-1291-bb2b975453c6","Sage Moreau","sage.moreau@example.com","sage.moreau@example.com","Member","True","2021-12-17T00:00:00Z","Sales","Sales Manager","Austin","US","7a5172e6-1e09-fb9d-0174-040e1f69f280","blair.zawadzki@example.com"
"2026-07-01","90f63fda-a191-c217-7214-3aaf159a4db8","Vale Vasquez","vale.vasquez@example.com","vale.vasquez@example.com","Member","True","2025-11-21T00:00:00Z","Marketing","Marketing Manager","Austin","US","1902d00f-9d72-e088-e671-a3c33c8c48ca","tatum.chaudhry@example.com"
"2026-07-01","d17983e9-a667-9543-2987-0897ad2dab90","Yael Nakamura","yael.nakamura@example.com","yael.nakamura@example.com","Member","True","2023-05-04T00:00:00Z","Finance","Finance Manager","Sydney","AU","f31a7995-cde1-6973-8ca2-2fb689567c15","sage.delacroix@example.com"
"2026-07-01","fe2779d4-0c57-fc16-069b-0340152f0b57","Quinn Kowalski","quinn.kowalski2@example.com","quinn.kowalski2@example.com","Member","True","2021-12-13T00:00:00Z","Operations","Operations Manager","Austin","US","8f14bc96-41d1-93d1-2028-62542524c795","zephyr.bergstrom@example.com"
"2026-07-01","eb98825d-a20b-e701-efbc-1d56c88f4770","Noor Vasquez","noor.vasquez@example.com","noor.vasquez@example.com","Member","True","2025-11-25T00:00:00Z","Legal","Legal Manager","Toronto","CA","44541f2a-ed42-e639-0f32-5ae6608c30d8","oakley.moreau@example.com"
"2026-07-01","8e8e478f-c884-7d82-2153-ca75421c1b52","Sage Quintero","sage.quintero@example.com","sage.quintero@example.com","Member","True","2025-04-14T00:00:00Z","Engineering","Engineering Manager","Toronto","CA","01e26f3d-33e5-1b75-67e6-dc93d37f23ec","quinn.kowalski@example.com"
"2026-07-01","490d2e0b-ac7e-8677-e89b-fb4babcf5c16","Quinn Eriksen","quinn.eriksen@example.com","quinn.eriksen@example.com","Member","True","2025-08-22T00:00:00Z","Sales","Sales Manager","Dublin","IE","7a5172e6-1e09-fb9d-0174-040e1f69f280","blair.zawadzki@example.com"
"2026-07-01","9bc6831f-a8f2-ab13-73f4-8f2087c44f60","Vale Kowalski","vale.kowalski@example.com","vale.kowalski@example.com","Member","True","2024-06-06T00:00:00Z","Marketing","Marketing Manager","Austin","US","1902d00f-9d72-e088-e671-a3c33c8c48ca","tatum.chaudhry@example.com"
"2026-07-01","8695fc51-7f57-73c9-c005-5ed5d4b09587","Noor Zawadzki","noor.zawadzki@example.com","noor.zawadzki@example.com","Member","True","2023-05-22T00:00:00Z","Finance","Finance Manager","Seattle","US","f31a7995-cde1-6973-8ca2-2fb689567c15","sage.delacroix@example.com"
"2026-07-01","f412cb99-db0b-e7c3-7ffb-dcaffa90f123","Blair Rasmussen","blair.rasmussen@example.com","blair.rasmussen@example.com","Member","True","2023-10-01T00:00:00Z","Operations","Operations Manager","Toronto","CA","8f14bc96-41d1-93d1-2028-62542524c795","zephyr.bergstrom@example.com"
"2026-07-01","6eeb9fdf-ba96-d64c-2ec8-f7c9ec3a3d85","Oakley Fontaine","oakley.fontaine@example.com","oakley.fontaine@example.com","Member","True","2025-10-03T00:00:00Z","Legal","Legal Manager","Sydney","AU","44541f2a-ed42-e639-0f32-5ae6608c30d8","oakley.moreau@example.com"
"2026-07-01","c4f3e1bb-ae28-43da-bf72-98292ce4f6f9","Wren Gallagher","wren.gallagher@example.com","wren.gallagher@example.com","Member","True","2022-02-14T00:00:00Z","Sales","Sales Specialist","Austin","US","9afd91cf-ec1b-9a3b-1291-bb2b975453c6","sage.moreau@example.com"
"2026-07-01","b7b9ed8f-1203-c0c2-526b-394dc4c7b7fd","Sage Silva","sage.silva@example.com","sage.silva@example.com","Member","True","2025-09-08T00:00:00Z","Marketing","Marketing Specialist","Toronto","CA","2857d35c-f9d2-fce5-4bb9-70953e3c9810","marlowe.gallagher@example.com"
"2026-07-01","bb1608e0-ce2f-089c-4344-a546432aedce","Emery Silva","emery.silva@example.com","emery.silva@example.com","Member","True","2022-12-13T00:00:00Z","Finance","Finance Specialist","Toronto","CA","d17983e9-a667-9543-2987-0897ad2dab90","yael.nakamura@example.com"
"2026-07-01","54f119eb-4b39-6464-2df8-4db85e757087","Kai Silva","kai.silva@example.com","kai.silva@example.com","Member","True","2025-03-03T00:00:00Z","Operations","Operations Specialist","Seattle","US","fe2779d4-0c57-fc16-069b-0340152f0b57","quinn.kowalski2@example.com"
"2026-07-01","0e7cba76-f2c5-990a-dae8-d56f662ffbc6","Gray Haddad","gray.haddad@example.com","gray.haddad@example.com","Member","True","2025-11-30T00:00:00Z","Legal","Legal Specialist","Sydney","AU","54417c87-f819-5aca-b463-7c013fc02def","jordan.kowalski@example.com"
"2026-07-01","4ada376a-ecf6-cde8-b965-f829b48b9f31","Indigo Xiong","indigo.xiong@example.com","indigo.xiong@example.com","Member","True","2021-12-31T00:00:00Z","Engineering","Engineering Specialist","Seattle","US","6348e0fb-da40-6590-8ee7-5f6000634176","noor.gallagher@example.com"
"2026-07-01","448aca40-dd22-2e52-7aaa-70137ca4ca3e","Wren Zawadzki","wren.zawadzki@example.com","wren.zawadzki@example.com","Member","True","2025-11-02T00:00:00Z","Sales","Sales Specialist","Toronto","CA","9afd91cf-ec1b-9a3b-1291-bb2b975453c6","sage.moreau@example.com"
"2026-07-01","74df3d0a-acf0-dabb-8fca-2934333ba39f","Blair Nakamura","blair.nakamura@example.com","blair.nakamura@example.com","Member","True","2024-04-14T00:00:00Z","Marketing","Marketing Specialist","Dublin","IE","9bc6831f-a8f2-ab13-73f4-8f2087c44f60","vale.kowalski@example.com"
"2026-07-01","0f52b99a-e4f5-0fad-c160-516acbb63c03","Xan Whitfield","xan.whitfield@example.com","xan.whitfield@example.com","Member","True","2022-01-27T00:00:00Z","Finance","Finance Specialist","Seattle","US","d17983e9-a667-9543-2987-0897ad2dab90","yael.nakamura@example.com"
"2026-07-01","af9e7722-3b81-41e0-002b-914a0afe3d50","Emery Jovanovic","emery.jovanovic@example.com","emery.jovanovic@example.com","Member","True","2024-05-07T00:00:00Z","Operations","Operations Specialist","Dublin","IE","fe2779d4-0c57-fc16-069b-0340152f0b57","quinn.kowalski2@example.com"
"2026-07-01","2e19abff-be79-7c68-ffa0-b49841b1f723","Oakley Xiong","oakley.xiong@example.com","oakley.xiong@example.com","Member","True","2025-04-21T00:00:00Z","Legal","Legal Specialist","Sydney","AU","54417c87-f819-5aca-b463-7c013fc02def","jordan.kowalski@example.com"
"2026-07-01","950e6b04-07cf-cc60-78eb-181a96487776","Gray Haddad","gray.haddad2@example.com","gray.haddad2@example.com","Member","True","2025-11-02T00:00:00Z","Engineering","Engineering Specialist","Seattle","US","6348e0fb-da40-6590-8ee7-5f6000634176","noor.gallagher@example.com"
"2026-07-01","604163d3-f977-5808-071a-354742c40793","Xan Quintero","xan.quintero@example.com","xan.quintero@example.com","Member","True","2022-07-08T00:00:00Z","Sales","Sales Specialist","Toronto","CA","9afd91cf-ec1b-9a3b-1291-bb2b975453c6","sage.moreau@example.com"
"2026-07-01","13049b5d-9987-f801-3a80-c5ab6ccbe7a0","Casey Ibarra","casey.ibarra@example.com","casey.ibarra@example.com","Member","True","2021-12-04T00:00:00Z","Marketing","Marketing Specialist","Sydney","AU","90f63fda-a191-c217-7214-3aaf159a4db8","vale.vasquez@example.com"
"2026-07-01","5dc507fe-d1b5-d1d8-40e3-d9d910c46537","Blair Eriksen","blair.eriksen@example.com","blair.eriksen@example.com","Member","True","2025-08-10T00:00:00Z","Finance","Finance Specialist","Austin","US","9f71f7e6-35b7-6972-bbf6-a078cbe48834","wren.petrov@example.com"
"2026-07-01","861e0ff7-8a55-76da-dd67-69ee65897355","Harper Quintero","harper.quintero@example.com","harper.quintero@example.com","Member","True","2024-11-11T00:00:00Z","Operations","Operations Specialist","Dublin","IE","3a4ef796-9a7e-b1eb-fe97-ee7b5a408165","avery.xiong@example.com"
"2026-07-01","56b830c1-eba7-a79a-66af-41fbd440deee","Reese Ueda","reese.ueda@example.com","reese.ueda@example.com","Member","True","2023-12-23T00:00:00Z","Legal","Legal Specialist","Dublin","IE","54417c87-f819-5aca-b463-7c013fc02def","jordan.kowalski@example.com"
"2026-07-01","d9f361f7-ea7a-8774-510f-60b8d0241bc6","Vale Bergstrom","vale.bergstrom@example.com","vale.bergstrom@example.com","Member","True","2023-11-20T00:00:00Z","Engineering","Engineering Specialist","Toronto","CA","6348e0fb-da40-6590-8ee7-5f6000634176","noor.gallagher@example.com"
"2026-07-01","2d1032ef-6d25-251a-aa84-6c979e32be60","Vale Ueda","vale.ueda@example.com","vale.ueda@example.com","Member","True","2022-11-29T00:00:00Z","Sales","Sales Specialist","Dublin","IE","490d2e0b-ac7e-8677-e89b-fb4babcf5c16","quinn.eriksen@example.com"
"2026-07-01","57561377-894e-b02b-2418-97215f9d3cc4","Sage Haddad","sage.haddad@example.com","sage.haddad@example.com","Member","True","2025-10-05T00:00:00Z","Marketing","Marketing Specialist","Austin","US","90f63fda-a191-c217-7214-3aaf159a4db8","vale.vasquez@example.com"
"2026-07-01","ccdd4ed0-c9a3-9e19-65bb-8a78eb23f3dc","Wren Petrov","wren.petrov2@example.com","wren.petrov2@example.com","Member","True","2024-11-03T00:00:00Z","Finance","Finance Specialist","Toronto","CA","d17983e9-a667-9543-2987-0897ad2dab90","yael.nakamura@example.com"
"2026-07-01","92006a42-4aed-0138-f6f9-0f762bcfeb28","Emery Xiong","emery.xiong@example.com","emery.xiong@example.com","Member","True","2022-02-18T00:00:00Z","Operations","Operations Specialist","Sydney","AU","f412cb99-db0b-e7c3-7ffb-dcaffa90f123","blair.rasmussen@example.com"
"2026-07-01","694a8c6f-1e8e-3b36-aa5f-e897e616ca66","Noor Bergstrom","noor.bergstrom@example.com","noor.bergstrom@example.com","Member","True","2024-03-14T00:00:00Z","Legal","Legal Specialist","Dublin","IE","eb98825d-a20b-e701-efbc-1d56c88f4770","noor.vasquez@example.com"
"2026-07-01","6ba81891-13ab-1b4d-37cb-a65205592db5","Harper Ueda","harper.ueda@example.com","harper.ueda@example.com","Member","True","2022-11-26T00:00:00Z","Engineering","Engineering Specialist","Dublin","IE","6348e0fb-da40-6590-8ee7-5f6000634176","noor.gallagher@example.com"
"2026-07-01","9657fc14-7711-148f-0585-d9eaa95bf456","Umi Xiong","umi.xiong@example.com","umi.xiong@example.com","Member","True","2022-12-28T00:00:00Z","Sales","Sales Specialist","Dublin","IE","490d2e0b-ac7e-8677-e89b-fb4babcf5c16","quinn.eriksen@example.com"
"2026-07-01","de031ad0-95b9-8d92-e914-46b747114494","Logan Okonkwo","logan.okonkwo@example.com","logan.okonkwo@example.com","Member","True","2023-09-08T00:00:00Z","Marketing","Marketing Specialist","Sydney","AU","9bc6831f-a8f2-ab13-73f4-8f2087c44f60","vale.kowalski@example.com"
"2026-07-01","b2163983-bbf1-a9a8-64d6-d041d988fdfa","Tatum Gallagher","tatum.gallagher@example.com","tatum.gallagher@example.com","Member","True","2025-03-16T00:00:00Z","Finance","Finance Specialist","Dublin","IE","8695fc51-7f57-73c9-c005-5ed5d4b09587","noor.zawadzki@example.com"
"2026-07-01","f02b02e4-223f-98a3-1760-95d28489f797","Finley Delacroix","finley.delacroix@example.com","finley.delacroix@example.com","Member","True","2022-01-21T00:00:00Z","Operations","Operations Specialist","Austin","US","fe2779d4-0c57-fc16-069b-0340152f0b57","quinn.kowalski2@example.com"
"2026-07-01","1228e9ec-0543-bede-1349-9a4934de4f80","Tatum Rasmussen","tatum.rasmussen@example.com","tatum.rasmussen@example.com","Member","True","2025-06-10T00:00:00Z","Legal","Legal Specialist","Dublin","IE","54417c87-f819-5aca-b463-7c013fc02def","jordan.kowalski@example.com"
"2026-07-01","04921018-fd41-50bd-9166-f6a78adf8ffb","Logan Whitfield","logan.whitfield@example.com","logan.whitfield@example.com","Member","True","2022-12-29T00:00:00Z","Engineering","Engineering Specialist","Sydney","AU","8e8e478f-c884-7d82-2153-ca75421c1b52","sage.quintero@example.com"
"2026-07-01","cd84e443-4bc5-a69e-3976-89dede1ee5db","Avery Delacroix","avery.delacroix@example.com","avery.delacroix@example.com","Member","True","2025-08-04T00:00:00Z","Sales","Sales Specialist","Seattle","US","9afd91cf-ec1b-9a3b-1291-bb2b975453c6","sage.moreau@example.com"
"2026-07-01","ad2d8e48-f353-55be-4e54-a7f578388b33","Blair Gallagher","blair.gallagher@example.com","blair.gallagher@example.com","Member","True","2023-10-26T00:00:00Z","Marketing","Marketing Specialist","Sydney","AU","9bc6831f-a8f2-ab13-73f4-8f2087c44f60","vale.kowalski@example.com"
"2026-07-01","1a16165f-17dc-6bc8-fab3-a4b54867f2b5","Marlowe Bergstrom","marlowe.bergstrom@example.com","marlowe.bergstrom@example.com","Member","True","2022-06-23T00:00:00Z","Finance","Finance Specialist","Austin","US","8695fc51-7f57-73c9-c005-5ed5d4b09587","noor.zawadzki@example.com"
"2026-07-01","e557498c-94cf-a666-93b1-5092e4d9e631","Noor Ueda","noor.ueda@example.com","noor.ueda@example.com","Member","True","2024-01-12T00:00:00Z","Operations","Operations Specialist","Seattle","US","f412cb99-db0b-e7c3-7ffb-dcaffa90f123","blair.rasmussen@example.com"
"2026-07-01","9a5a522a-f1af-11ac-46d5-7bb44a6d6916","Logan Ueda","logan.ueda@example.com","logan.ueda@example.com","Member","True","2021-12-22T00:00:00Z","Legal","Legal Specialist","Seattle","US","6eeb9fdf-ba96-d64c-2ec8-f7c9ec3a3d85","oakley.fontaine@example.com"
"2026-07-01","48d822b1-1163-6ed0-80c0-3ea5063da739","Noor Chaudhry","noor.chaudhry@example.com","noor.chaudhry@example.com","Member","True","2022-12-31T00:00:00Z","Engineering","Engineering Specialist","Austin","US","6348e0fb-da40-6590-8ee7-5f6000634176","noor.gallagher@example.com"
"2026-07-01","be5f55e8-9c35-7747-70d0-7245c7888a08","Quinn Silva","quinn.silva@example.com","quinn.silva@example.com","Member","True","2023-01-28T00:00:00Z","Sales","Sales Specialist","Seattle","US","9afd91cf-ec1b-9a3b-1291-bb2b975453c6","sage.moreau@example.com"
"2026-07-01","85903d20-d697-0dad-c52f-2701fb6d605c","Tatum Yilmaz","tatum.yilmaz@example.com","tatum.yilmaz@example.com","Member","True","2025-02-19T00:00:00Z","Marketing","Marketing Specialist","Toronto","CA","2857d35c-f9d2-fce5-4bb9-70953e3c9810","marlowe.gallagher@example.com"
"2026-07-01","b0fe58ca-f84e-7ede-b39e-bfdc8698bdaa","Gray Zawadzki","gray.zawadzki@example.com","gray.zawadzki@example.com","Member","True","2023-03-10T00:00:00Z","Finance","Finance Specialist","Sydney","AU","d17983e9-a667-9543-2987-0897ad2dab90","yael.nakamura@example.com"
"2026-07-01","41b23aef-70a8-5a4a-282e-4560fe6fd3c8","Noor Petrov","noor.petrov@example.com","noor.petrov@example.com","Member","True","2024-10-27T00:00:00Z","Operations","Operations Specialist","Toronto","CA","f412cb99-db0b-e7c3-7ffb-dcaffa90f123","blair.rasmussen@example.com"
"2026-07-01","27592ff8-4a70-637a-afb5-97e9f3b3d78f","Yael Vasquez","yael.vasquez@example.com","yael.vasquez@example.com","Member","True","2023-05-02T00:00:00Z","Legal","Legal Specialist","Austin","US","eb98825d-a20b-e701-efbc-1d56c88f4770","noor.vasquez@example.com"
"2026-07-01","845683ad-5e59-16de-c4f5-6be4a28767c0","Finley Nakamura","finley.nakamura@example.com","finley.nakamura@example.com","Member","True","2022-04-01T00:00:00Z","Engineering","Engineering Specialist","Austin","US","8e8e478f-c884-7d82-2153-ca75421c1b52","sage.quintero@example.com"
"2026-07-01","72aae6f6-5b96-4b6c-9844-2182d858f174","Yael Quintero","yael.quintero@example.com","yael.quintero@example.com","Member","True","2022-05-22T00:00:00Z","Sales","Sales Specialist","Dublin","IE","9afd91cf-ec1b-9a3b-1291-bb2b975453c6","sage.moreau@example.com"
"2026-07-01","ba9f636c-b34a-6c47-4b17-ae1beca9e8c7","Emery Quintero","emery.quintero@example.com","emery.quintero@example.com","Member","True","2024-02-28T00:00:00Z","Marketing","Marketing Specialist","Toronto","CA","2857d35c-f9d2-fce5-4bb9-70953e3c9810","marlowe.gallagher@example.com"
"2026-07-01","807e92f1-e9d3-4a0c-96f3-e70bbdbef292","Tatum Ibarra","tatum.ibarra@example.com","tatum.ibarra@example.com","Member","True","2024-04-03T00:00:00Z","Finance","Finance Specialist","Sydney","AU","9f71f7e6-35b7-6972-bbf6-a078cbe48834","wren.petrov@example.com"
"2026-07-01","80ff0014-0596-2f95-7029-9af5e6cf1fd9","Oakley Vasquez","oakley.vasquez@example.com","oakley.vasquez@example.com","Member","True","2024-05-06T00:00:00Z","Operations","Operations Specialist","Dublin","IE","fe2779d4-0c57-fc16-069b-0340152f0b57","quinn.kowalski2@example.com"
"2026-07-01","58d6fca6-a230-2d5e-b656-80e9bb0ae9f1","Yael Eriksen","yael.eriksen@example.com","yael.eriksen@example.com","Member","True","2024-07-31T00:00:00Z","Legal","Legal Specialist","Austin","US","6eeb9fdf-ba96-d64c-2ec8-f7c9ec3a3d85","oakley.fontaine@example.com"
"2026-07-01","6cd9dc53-f258-ed24-9f18-ac2808c63c17","Casey Yilmaz","casey.yilmaz@example.com","casey.yilmaz@example.com","Member","True","2024-10-21T00:00:00Z","Engineering","Engineering Specialist","Sydney","AU","8e8e478f-c884-7d82-2153-ca75421c1b52","sage.quintero@example.com"
"2026-07-01","1a7867a7-b1a9-dc39-e62e-46e735190dc9","Quinn Zawadzki","quinn.zawadzki@example.com","quinn.zawadzki@example.com","Member","True","2024-05-20T00:00:00Z","Sales","Sales Specialist","Toronto","CA","ed83eb08-7cce-99f3-f4ee-302aee96a84a","vale.takahashi@example.com"
"2026-07-01","9d8e707d-57a9-f5e1-ced1-c7ecaef626eb","Yael Ueda","yael.ueda@example.com","yael.ueda@example.com","Member","True","2025-04-14T00:00:00Z","Marketing","Marketing Specialist","Austin","US","2857d35c-f9d2-fce5-4bb9-70953e3c9810","marlowe.gallagher@example.com"
"2026-07-01","700748b8-c5d2-eff3-b872-f4c0a5117636","Emery Nakamura","emery.nakamura@example.com","emery.nakamura@example.com","Member","True","2024-11-28T00:00:00Z","Finance","Finance Specialist","Seattle","US","9f71f7e6-35b7-6972-bbf6-a078cbe48834","wren.petrov@example.com"
"2026-07-01","140e43cf-5967-3e39-f221-6564a7598534","Avery Chaudhry","avery.chaudhry@example.com","avery.chaudhry@example.com","Member","True","2025-06-24T00:00:00Z","Operations","Operations Specialist","Seattle","US","f412cb99-db0b-e7c3-7ffb-dcaffa90f123","blair.rasmussen@example.com"
"2026-07-01","5b3cf264-06dd-9c46-80ef-12894e70d775","Xan Takahashi","xan.takahashi@example.com","xan.takahashi@example.com","Member","True","2022-10-11T00:00:00Z","Legal","Legal Specialist","Sydney","AU","6eeb9fdf-ba96-d64c-2ec8-f7c9ec3a3d85","oakley.fontaine@example.com"
"2026-07-01","97fcb48c-8f0d-4c18-8c41-cdbb108deddd","Logan Ibarra","logan.ibarra@example.com","logan.ibarra@example.com","Member","True","2025-02-22T00:00:00Z","Engineering","Engineering Specialist","Toronto","CA","8e8e478f-c884-7d82-2153-ca75421c1b52","sage.quintero@example.com"
"2026-07-01","02be9c12-dc0f-3716-8210-fa75145157af","Zephyr Gallagher","zephyr.gallagher@example.com","zephyr.gallagher@example.com","Member","True","2025-07-02T00:00:00Z","Sales","Sales Specialist","Dublin","IE","9afd91cf-ec1b-9a3b-1291-bb2b975453c6","sage.moreau@example.com"
"2026-07-01","3e10faed-5722-c078-82fa-6d87bda867ef","Noor Rasmussen","noor.rasmussen@example.com","noor.rasmussen@example.com","Member","True","2025-08-23T00:00:00Z","Marketing","Marketing Specialist","Sydney","AU","9bc6831f-a8f2-ab13-73f4-8f2087c44f60","vale.kowalski@example.com"
"2026-07-01","7bc9e179-5747-bfa6-353e-e66165e87217","Kai Xiong","kai.xiong@example.com","kai.xiong@example.com","Member","True","2023-09-30T00:00:00Z","Finance","Finance Specialist","Sydney","AU","d17983e9-a667-9543-2987-0897ad2dab90","yael.nakamura@example.com"
"2026-07-01","87b45563-72a2-6bb8-e968-b9fc1d1cd40c","Quinn Silva","quinn.silva2@example.com","quinn.silva2@example.com","Member","True","2022-01-28T00:00:00Z","Operations","Operations Specialist","Sydney","AU","fe2779d4-0c57-fc16-069b-0340152f0b57","quinn.kowalski2@example.com"
"2026-07-01","438bb9b0-0c13-d422-364f-627618d0cd24","Gray Takahashi","gray.takahashi@example.com","gray.takahashi@example.com","Member","True","2025-05-21T00:00:00Z","Legal","Legal Specialist","Austin","US","eb98825d-a20b-e701-efbc-1d56c88f4770","noor.vasquez@example.com"
"2026-07-01","cdd53b9f-ea85-4844-1466-e6f8871607a9","Zephyr Quintero","zephyr.quintero@example.com","zephyr.quintero@example.com","Member","True","2022-01-29T00:00:00Z","Engineering","Engineering Specialist","Sydney","AU","6348e0fb-da40-6590-8ee7-5f6000634176","noor.gallagher@example.com"
"2026-07-01","9a35e34f-4205-4de4-4faf-deeeba222a75","Vale Lindqvist","vale.lindqvist@example.com","vale.lindqvist@example.com","Member","True","2024-09-07T00:00:00Z","Sales","Sales Specialist","Seattle","US","9afd91cf-ec1b-9a3b-1291-bb2b975453c6","sage.moreau@example.com"
"2026-07-01","cfc0d9c8-6a68-02ee-c823-5abccd4385bb","Vale Ueda","vale.ueda2@example.com","vale.ueda2@example.com","Member","True","2024-06-26T00:00:00Z","Marketing","Marketing Specialist","Seattle","US","9bc6831f-a8f2-ab13-73f4-8f2087c44f60","vale.kowalski@example.com"
"2026-07-01","64f8f606-f787-653d-eb91-c50cb24bcd75","Drew Gallagher","drew.gallagher@example.com","drew.gallagher@example.com","Member","True","2022-04-10T00:00:00Z","Finance","Finance Specialist","Seattle","US","d17983e9-a667-9543-2987-0897ad2dab90","yael.nakamura@example.com"
"2026-07-01","2c85e154-2254-7721-9d6f-70a9f57c22d1","Drew Haddad","drew.haddad@example.com","drew.haddad@example.com","Member","True","2021-12-01T00:00:00Z","Operations","Operations Specialist","Dublin","IE","f412cb99-db0b-e7c3-7ffb-dcaffa90f123","blair.rasmussen@example.com"
"2026-07-01","3616892c-4e5d-820a-750f-989f092ded24","Blair Whitfield","blair.whitfield@example.com","blair.whitfield@example.com","Member","True","2024-05-11T00:00:00Z","Legal","Legal Specialist","Austin","US","54417c87-f819-5aca-b463-7c013fc02def","jordan.kowalski@example.com"
"2026-07-01","7cc7c6d6-1c21-3516-28fb-94c61ec06dca","Parker Takahashi","parker.takahashi@example.com","parker.takahashi@example.com","Member","True","2022-06-10T00:00:00Z","Engineering","Engineering Specialist","Seattle","US","236bc049-2408-8b1d-6323-d2dbe97d4d19","parker.chaudhry@example.com"
"2026-07-01","8e019f18-d0d6-c79f-8ffe-60144ce29b66","Jordan Ueda","jordan.ueda@example.com","jordan.ueda@example.com","Member","True","2025-04-10T00:00:00Z","Sales","Sales Specialist","Austin","US","ed83eb08-7cce-99f3-f4ee-302aee96a84a","vale.takahashi@example.com"
"2026-07-01","7959d438-d27a-4981-c022-5923fd094c36","Marlowe Ueda","marlowe.ueda@example.com","marlowe.ueda@example.com","Member","True","2024-04-04T00:00:00Z","Marketing","Marketing Specialist","Seattle","US","9bc6831f-a8f2-ab13-73f4-8f2087c44f60","vale.kowalski@example.com"
"2026-07-01","2aa64e7d-809b-3b7a-2407-0830398dce43","Wren Fontaine","wren.fontaine@example.com","wren.fontaine@example.com","Member","True","2023-09-17T00:00:00Z","Finance","Finance Specialist","Sydney","AU","d17983e9-a667-9543-2987-0897ad2dab90","yael.nakamura@example.com"
"2026-07-01","6c07554f-3da4-4216-9664-a089f4c3c3e9","Marlowe Chaudhry","marlowe.chaudhry@example.com","marlowe.chaudhry@example.com","Member","True","2023-05-23T00:00:00Z","Operations","Operations Specialist","Seattle","US","3a4ef796-9a7e-b1eb-fe97-ee7b5a408165","avery.xiong@example.com"
"2026-07-01","b8244557-2919-70e9-3b09-f13d24a20127","Quinn Fontaine","quinn.fontaine@example.com","quinn.fontaine@example.com","Member","True","2022-12-29T00:00:00Z","Legal","Legal Specialist","Sydney","AU","6eeb9fdf-ba96-d64c-2ec8-f7c9ec3a3d85","oakley.fontaine@example.com"
"2026-07-01","c0a53769-7f66-753c-c9e4-1415a91aac0a","Xan Kowalski","xan.kowalski@example.com","xan.kowalski@example.com","Member","True","2023-06-19T00:00:00Z","Engineering","Engineering Specialist","Seattle","US","6348e0fb-da40-6590-8ee7-5f6000634176","noor.gallagher@example.com"
"2026-07-01","8c07a653-6272-5264-c29c-a2f4aa80901f","Drew Okonkwo","drew.okonkwo@example.com","drew.okonkwo@example.com","Member","True","2024-07-14T00:00:00Z","Sales","Sales Specialist","Dublin","IE","9afd91cf-ec1b-9a3b-1291-bb2b975453c6","sage.moreau@example.com"
"2026-07-01","56a673ed-dbf4-0a94-f5f6-f7f7e7090ac3","Zephyr Gallagher","zephyr.gallagher2@example.com","zephyr.gallagher2@example.com","Member","True","2022-10-22T00:00:00Z","Marketing","Marketing Specialist","Austin","US","9bc6831f-a8f2-ab13-73f4-8f2087c44f60","vale.kowalski@example.com"
"2026-07-01","2db3ea1a-2042-296b-8a8c-69ccfcb88ee0","Kai Eriksen","kai.eriksen@example.com","kai.eriksen@example.com","Member","True","2025-06-29T00:00:00Z","Finance","Finance Specialist","Dublin","IE","8695fc51-7f57-73c9-c005-5ed5d4b09587","noor.zawadzki@example.com"
"2026-07-01","cb5c59ce-aba5-a00d-75cc-f087154e7f03","Wren Jovanovic","wren.jovanovic@example.com","wren.jovanovic@example.com","Member","True","2023-04-21T00:00:00Z","Operations","Operations Specialist","Austin","US","fe2779d4-0c57-fc16-069b-0340152f0b57","quinn.kowalski2@example.com"
"2026-07-01","68806b6f-2a8c-2ffa-7b29-c37d80b635c0","Tatum Ueda","tatum.ueda@example.com","tatum.ueda@example.com","Member","True","2024-09-23T00:00:00Z","Legal","Legal Specialist","Dublin","IE","54417c87-f819-5aca-b463-7c013fc02def","jordan.kowalski@example.com"
"2026-07-01","bdb3cb12-e19c-aeb6-388b-1f879ec32762","Finley Moreau","finley.moreau@example.com","finley.moreau@example.com","Member","True","2023-09-21T00:00:00Z","Engineering","Engineering Specialist","Seattle","US","236bc049-2408-8b1d-6323-d2dbe97d4d19","parker.chaudhry@example.com"
"2026-07-01","4c24deb0-7209-5e07-19be-75d9f07cc1a4","Emery Whitfield","emery.whitfield@example.com","emery.whitfield@example.com","Member","True","2025-01-20T00:00:00Z","Sales","Sales Specialist","Toronto","CA","ed83eb08-7cce-99f3-f4ee-302aee96a84a","vale.takahashi@example.com"
"2026-07-01","f0f64c73-3b0a-bcdf-8fd2-e799a80de634","Wren Rasmussen","wren.rasmussen@example.com","wren.rasmussen@example.com","Member","True","2023-03-29T00:00:00Z","Marketing","Marketing Specialist","Seattle","US","90f63fda-a191-c217-7214-3aaf159a4db8","vale.vasquez@example.com"
"2026-07-01","7a9458da-4615-2197-0282-aa1628930763","Finley Haddad","finley.haddad@example.com","finley.haddad@example.com","Member","True","2022-01-11T00:00:00Z","Finance","Finance Specialist","Sydney","AU","9f71f7e6-35b7-6972-bbf6-a078cbe48834","wren.petrov@example.com"
"2026-07-01","46cf4b92-dcd6-e231-958d-fd510ea0d01b","Jordan Whitfield","jordan.whitfield@example.com","jordan.whitfield@example.com","Member","True","2022-06-04T00:00:00Z","Operations","Operations Specialist","Austin","US","f412cb99-db0b-e7c3-7ffb-dcaffa90f123","blair.rasmussen@example.com"
"2026-07-01","0cbabea4-d027-1470-0683-4c7225e6988e","Wren Whitfield","wren.whitfield@example.com","wren.whitfield@example.com","Member","True","2022-11-11T00:00:00Z","Legal","Legal Specialist","Seattle","US","eb98825d-a20b-e701-efbc-1d56c88f4770","noor.vasquez@example.com"
"2026-07-01","748bb415-5985-8708-c2eb-ab6c597d28d3","Vale Lindqvist","vale.lindqvist2@example.com","vale.lindqvist2@example.com","Member","True","2022-11-17T00:00:00Z","Engineering","Engineering Specialist","Sydney","AU","8e8e478f-c884-7d82-2153-ca75421c1b52","sage.quintero@example.com"
"2026-07-01","12db1c6c-8b41-272b-0842-926ad8a2aef0","Sage Yilmaz","sage.yilmaz@example.com","sage.yilmaz@example.com","Member","True","2022-10-04T00:00:00Z","Sales","Sales Specialist","Austin","US","9afd91cf-ec1b-9a3b-1291-bb2b975453c6","sage.moreau@example.com"
"2026-07-01","1b51e8c8-e0d7-a718-bec4-fcc62e9dccf8","Indigo Jovanovic","indigo.jovanovic@example.com","indigo.jovanovic@example.com","Member","True","2022-12-26T00:00:00Z","Marketing","Marketing Specialist","Dublin","IE","9bc6831f-a8f2-ab13-73f4-8f2087c44f60","vale.kowalski@example.com"
"2026-07-01","807fe02d-4158-b793-ce37-a04c3b503d83","Zephyr Rasmussen","zephyr.rasmussen@example.com","zephyr.rasmussen@example.com","Member","True","2025-04-05T00:00:00Z","Finance","Finance Specialist","Toronto","CA","8695fc51-7f57-73c9-c005-5ed5d4b09587","noor.zawadzki@example.com"
"2026-07-01","43698472-cc46-3b3b-d5b6-17b9118da0e8","Parker Kowalski","parker.kowalski@example.com","parker.kowalski@example.com","Member","True","2023-06-03T00:00:00Z","Operations","Operations Specialist","Toronto","CA","f412cb99-db0b-e7c3-7ffb-dcaffa90f123","blair.rasmussen@example.com"
"2026-07-01","86d8614c-b023-de8a-5f49-2d183dd287a9","Gray Moreau","gray.moreau@example.com","gray.moreau@example.com","Member","True","2024-02-19T00:00:00Z","Legal","Legal Specialist","Dublin","IE","54417c87-f819-5aca-b463-7c013fc02def","jordan.kowalski@example.com"
"2026-07-01","18e25806-e720-ad3a-af55-19f9fea51411","Xan Delacroix","xan.delacroix@example.com","xan.delacroix@example.com","Member","True","2024-02-20T00:00:00Z","Engineering","Engineering Specialist","Sydney","AU","6348e0fb-da40-6590-8ee7-5f6000634176","noor.gallagher@example.com"
"2026-07-01","8bdb5c42-ff89-3e7c-06f6-702d97368ef4","Jordan Quintero","jordan.quintero@example.com","jordan.quintero@example.com","Member","True","2025-03-27T00:00:00Z","Sales","Sales Specialist","Seattle","US","9afd91cf-ec1b-9a3b-1291-bb2b975453c6","sage.moreau@example.com"
"2026-07-01","0a2edc75-3330-971a-be75-fe951ca449a9","Marlowe Kowalski","marlowe.kowalski@example.com","marlowe.kowalski@example.com","Member","True","2021-12-02T00:00:00Z","Marketing","Marketing Specialist","Toronto","CA","9bc6831f-a8f2-ab13-73f4-8f2087c44f60","vale.kowalski@example.com"
"2026-07-01","b9a7fc6a-ebe4-c762-171f-92ea7be22065","Sage Vasquez","sage.vasquez@example.com","sage.vasquez@example.com","Member","True","2024-06-11T00:00:00Z","Finance","Finance Specialist","Toronto","CA","d17983e9-a667-9543-2987-0897ad2dab90","yael.nakamura@example.com"
"2026-07-01","907fe4e5-dbf8-f211-ece4-77283145d179","Drew Chaudhry","drew.chaudhry@example.com","drew.chaudhry@example.com","Member","True","2022-12-02T00:00:00Z","Operations","Operations Specialist","Seattle","US","3a4ef796-9a7e-b1eb-fe97-ee7b5a408165","avery.xiong@example.com"
"2026-07-01","9f8052d0-13e3-3919-83e4-7babfb383b86","Gray Ueda","gray.ueda@example.com","gray.ueda@example.com","Member","True","2024-02-12T00:00:00Z","Legal","Legal Specialist","Toronto","CA","eb98825d-a20b-e701-efbc-1d56c88f4770","noor.vasquez@example.com"
"2026-07-01","32db6fda-69a8-36b9-11a7-2fb9ab168593","Marlowe Quintero","marlowe.quintero@example.com","marlowe.quintero@example.com","Member","True","2024-09-06T00:00:00Z","Engineering","Engineering Specialist","Sydney","AU","8e8e478f-c884-7d82-2153-ca75421c1b52","sage.quintero@example.com"
"2026-07-01","076fd8c2-cb69-f82c-0a4b-fc1fb41c6a60","Parker Bergstrom","parker.bergstrom@example.com","parker.bergstrom@example.com","Member","True","2024-12-04T00:00:00Z","Sales","Sales Specialist","Austin","US","ed83eb08-7cce-99f3-f4ee-302aee96a84a","vale.takahashi@example.com"
"2026-07-01","db28e259-c2b5-e500-b3a8-219b69db4602","Zephyr Lindqvist","zephyr.lindqvist@example.com","zephyr.lindqvist@example.com","Member","True","2025-02-19T00:00:00Z","Marketing","Marketing Specialist","Seattle","US","9bc6831f-a8f2-ab13-73f4-8f2087c44f60","vale.kowalski@example.com"
"2026-07-01","c52bc03c-10aa-8e04-ac25-1b16ea338bdf","Marlowe Bergstrom","marlowe.bergstrom2@example.com","marlowe.bergstrom2@example.com","Member","True","2025-10-18T00:00:00Z","Finance","Finance Specialist","Austin","US","9f71f7e6-35b7-6972-bbf6-a078cbe48834","wren.petrov@example.com"
"2026-07-01","624547ca-6029-d9b5-d668-60a384193d99","Wren Bergstrom","wren.bergstrom@example.com","wren.bergstrom@example.com","Member","True","2025-11-23T00:00:00Z","Operations","Operations Specialist","Sydney","AU","f412cb99-db0b-e7c3-7ffb-dcaffa90f123","blair.rasmussen@example.com"
"2026-07-01","8d3972bd-0b8c-36b1-5066-526c812212f5","Harper Whitfield","harper.whitfield@example.com","harper.whitfield@example.com","Member","True","2024-02-03T00:00:00Z","Legal","Legal Specialist","Dublin","IE","54417c87-f819-5aca-b463-7c013fc02def","jordan.kowalski@example.com"
"2026-07-01","43b72b5a-78c4-d191-f5f1-284d62ace958","Indigo Gallagher","indigo.gallagher@example.com","indigo.gallagher@example.com","Member","True","2023-12-16T00:00:00Z","Engineering","Engineering Specialist","Seattle","US","8e8e478f-c884-7d82-2153-ca75421c1b52","sage.quintero@example.com"
"2026-07-01","6f897faf-f416-6222-0648-1fedc6e64b92","Yael Kowalski","yael.kowalski@example.com","yael.kowalski@example.com","Member","True","2025-07-26T00:00:00Z","Sales","Sales Specialist","Sydney","AU","ed83eb08-7cce-99f3-f4ee-302aee96a84a","vale.takahashi@example.com"
"2026-07-01","5e40e07a-043d-d409-39b9-e6c2f27e9ada","Jordan Kowalski","jordan.kowalski2@example.com","jordan.kowalski2@example.com","Member","True","2024-11-17T00:00:00Z","Marketing","Marketing Specialist","Sydney","AU","2857d35c-f9d2-fce5-4bb9-70953e3c9810","marlowe.gallagher@example.com"
"2026-07-01","adca2e55-3bd2-7c87-6156-9e19eec2a3ce","Blair Ueda","blair.ueda@example.com","blair.ueda@example.com","Member","True","2022-11-10T00:00:00Z","Finance","Finance Specialist","Dublin","IE","d17983e9-a667-9543-2987-0897ad2dab90","yael.nakamura@example.com"
"2026-07-01","4c294dea-5c61-47fa-4b70-f072c7f8be4b","Oakley Bergstrom","oakley.bergstrom@example.com","oakley.bergstrom@example.com","Member","True","2024-12-04T00:00:00Z","Operations","Operations Specialist","Toronto","CA","3a4ef796-9a7e-b1eb-fe97-ee7b5a408165","avery.xiong@example.com"
"2026-07-01","e2738d7c-cd1b-30d3-dacc-9c77151ce508","Vale Yilmaz","vale.yilmaz@example.com","vale.yilmaz@example.com","Member","True","2022-02-26T00:00:00Z","Legal","Legal Specialist","Sydney","AU","54417c87-f819-5aca-b463-7c013fc02def","jordan.kowalski@example.com"
"2026-07-01","f0304040-2c66-f551-0457-b8ab9e2f945d","Tatum Jovanovic","tatum.jovanovic@example.com","tatum.jovanovic@example.com","Member","True","2022-06-13T00:00:00Z","Engineering","Engineering Specialist","Sydney","AU","8e8e478f-c884-7d82-2153-ca75421c1b52","sage.quintero@example.com"
"2026-07-01","7f6dca88-78d4-ab5c-13b5-46984615c23c","Xan Nakamura","xan.nakamura@example.com","xan.nakamura@example.com","Member","True","2022-08-07T00:00:00Z","Sales","Sales Specialist","Sydney","AU","490d2e0b-ac7e-8677-e89b-fb4babcf5c16","quinn.eriksen@example.com"
"2026-07-01","822cde7b-f014-e6d9-8788-2ebe4cb8ed75","Quinn Quintero","quinn.quintero@example.com","quinn.quintero@example.com","Member","True","2022-01-02T00:00:00Z","Marketing","Marketing Specialist","Dublin","IE","9bc6831f-a8f2-ab13-73f4-8f2087c44f60","vale.kowalski@example.com"
"2026-07-01","4ee2a6d0-1f11-8865-6c58-0057ca4217aa","Drew Takahashi","drew.takahashi@example.com","drew.takahashi@example.com","Member","True","2024-04-19T00:00:00Z","Finance","Finance Specialist","Dublin","IE","d17983e9-a667-9543-2987-0897ad2dab90","yael.nakamura@example.com"
"2026-07-01","8a24759f-8887-8d4c-284c-69ab658f1ed5","Indigo Takahashi","indigo.takahashi@example.com","indigo.takahashi@example.com","Member","True","2022-03-17T00:00:00Z","Operations","Operations Specialist","Sydney","AU","3a4ef796-9a7e-b1eb-fe97-ee7b5a408165","avery.xiong@example.com"
"2026-07-01","2e7a508a-d787-09f3-a043-d7e846384d5b","Indigo Lindqvist","indigo.lindqvist@example.com","indigo.lindqvist@example.com","Member","True","2022-05-20T00:00:00Z","Legal","Legal Specialist","Sydney","AU","eb98825d-a20b-e701-efbc-1d56c88f4770","noor.vasquez@example.com"
"2026-07-01","1f60d7d3-55ee-3bf1-2442-aec17875594f","Logan Kowalski","logan.kowalski@example.com","logan.kowalski@example.com","Member","True","2024-10-29T00:00:00Z","Engineering","Engineering Specialist","Dublin","IE","6348e0fb-da40-6590-8ee7-5f6000634176","noor.gallagher@example.com"
"2026-07-01","e5ed4294-8175-2d65-41c2-53a415e821b3","Harper Okonkwo","harper.okonkwo@example.com","harper.okonkwo@example.com","Member","True","2024-04-25T00:00:00Z","Sales","Sales Specialist","Sydney","AU","ed83eb08-7cce-99f3-f4ee-302aee96a84a","vale.takahashi@example.com"
"2026-07-01","5ee4b8e5-1694-d06f-dffe-5f8c5317f390","Drew Lindqvist","drew.lindqvist@example.com","drew.lindqvist@example.com","Member","True","2025-10-07T00:00:00Z","Marketing","Marketing Specialist","Austin","US","90f63fda-a191-c217-7214-3aaf159a4db8","vale.vasquez@example.com"
"2026-07-01","61f9c4ef-09ee-8fab-54a5-5ea1b4d1cadc","Logan Quintero","logan.quintero@example.com","logan.quintero@example.com","Member","True","2023-10-05T00:00:00Z","Finance","Finance Specialist","Dublin","IE","d17983e9-a667-9543-2987-0897ad2dab90","yael.nakamura@example.com"
"2026-07-01","424d9411-c762-fe50-f591-c975afd24221","Yael Takahashi","yael.takahashi@example.com","yael.takahashi@example.com","Member","True","2022-09-06T00:00:00Z","Operations","Operations Specialist","Sydney","AU","fe2779d4-0c57-fc16-069b-0340152f0b57","quinn.kowalski2@example.com"
"2026-07-01","397cdf6b-be9f-82d7-4d17-315b294b5c5a","Logan Ibarra","logan.ibarra2@example.com","logan.ibarra2@example.com","Member","True","2023-12-12T00:00:00Z","Legal","Legal Specialist","Sydney","AU","eb98825d-a20b-e701-efbc-1d56c88f4770","noor.vasquez@example.com"
"2026-07-01","c39aacb9-e8dc-e1f1-8ea8-1ddc1ec5f331","Finley Abara","finley.abara@example.com","finley.abara@example.com","Member","True","2022-08-02T00:00:00Z","Engineering","Engineering Specialist","Toronto","CA","6348e0fb-da40-6590-8ee7-5f6000634176","noor.gallagher@example.com"
"2026-07-01","deb1cdef-6e5f-634c-76e7-ab078349d1be","Blair Rasmussen","blair.rasmussen2@example.com","blair.rasmussen2@example.com","Member","True","2025-06-25T00:00:00Z","Sales","Sales Specialist","Seattle","US","9afd91cf-ec1b-9a3b-1291-bb2b975453c6","sage.moreau@example.com"
"2026-07-01","a5f4f5cd-55f9-633c-572a-4162145a37eb","Tatum Zawadzki","tatum.zawadzki@example.com","tatum.zawadzki@example.com","Member","True","2023-04-12T00:00:00Z","Marketing","Marketing Specialist","Seattle","US","2857d35c-f9d2-fce5-4bb9-70953e3c9810","marlowe.gallagher@example.com"
"2026-07-01","a66b8d9c-15fc-d558-f435-ec60b7ebd7f9","Noor Abara","noor.abara@example.com","noor.abara@example.com","Member","True","2023-02-06T00:00:00Z","Finance","Finance Specialist","Dublin","IE","d17983e9-a667-9543-2987-0897ad2dab90","yael.nakamura@example.com"
"2026-07-01","4c0be831-48a5-28f3-12e6-c28854ee1a3f","Tatum Lindqvist","tatum.lindqvist@example.com","tatum.lindqvist@example.com","Member","True","2022-08-06T00:00:00Z","Operations","Operations Specialist","Dublin","IE","fe2779d4-0c57-fc16-069b-0340152f0b57","quinn.kowalski2@example.com"
"2026-07-01","226f67fd-e13e-28ab-833d-11efd85a3cb4","Quinn Kowalski","quinn.kowalski3@example.com","quinn.kowalski3@example.com","Member","True","2022-01-30T00:00:00Z","Legal","Legal Specialist","Toronto","CA","eb98825d-a20b-e701-efbc-1d56c88f4770","noor.vasquez@example.com"
"2026-07-01","0dc23022-6372-c80b-d197-6e8c63000cca","Reese Quintero","reese.quintero@example.com","reese.quintero@example.com","Member","True","2023-04-30T00:00:00Z","Engineering","Engineering Specialist","Sydney","AU","8e8e478f-c884-7d82-2153-ca75421c1b52","sage.quintero@example.com"
"2026-07-01","d5a4ca9d-d2d4-fab0-b166-bd6c4cf4c0cc","Blair Gallagher","blair.gallagher2@example.com","blair.gallagher2@example.com","Member","True","2022-12-24T00:00:00Z","Sales","Sales Specialist","Seattle","US","490d2e0b-ac7e-8677-e89b-fb4babcf5c16","quinn.eriksen@example.com"
"2026-07-01","ec57e2d6-85ce-d78c-4e72-3b98103c1658","Blair Okonkwo","blair.okonkwo@example.com","blair.okonkwo@example.com","Member","True","2024-08-13T00:00:00Z","Marketing","Marketing Specialist","Seattle","US","90f63fda-a191-c217-7214-3aaf159a4db8","vale.vasquez@example.com"
"2026-07-01","6a1611b3-02da-6e3f-3f3f-25163834edba","Quinn Yilmaz","quinn.yilmaz@example.com","quinn.yilmaz@example.com","Member","True","2025-06-10T00:00:00Z","Finance","Finance Specialist","Austin","US","d17983e9-a667-9543-2987-0897ad2dab90","yael.nakamura@example.com"
"2026-07-01","3facd946-242a-105b-dd67-41b7291126c5","Sage Rasmussen","sage.rasmussen@example.com","sage.rasmussen@example.com","Member","True","2025-03-11T00:00:00Z","Operations","Operations Specialist","Austin","US","3a4ef796-9a7e-b1eb-fe97-ee7b5a408165","avery.xiong@example.com"
"2026-07-01","0e971d46-244c-dc60-4f5b-e6d2e6e958da","Harper Rasmussen","harper.rasmussen@example.com","harper.rasmussen@example.com","Member","True","2022-04-15T00:00:00Z","Legal","Legal Specialist","Dublin","IE","eb98825d-a20b-e701-efbc-1d56c88f4770","noor.vasquez@example.com"
"2026-07-01","d8912ea7-6efd-27ed-0d27-ee84a73b0828","Kai Takahashi","kai.takahashi@example.com","kai.takahashi@example.com","Member","True","2022-05-30T00:00:00Z","Engineering","Engineering Specialist","Sydney","AU","236bc049-2408-8b1d-6323-d2dbe97d4d19","parker.chaudhry@example.com"
"2026-07-01","81c17fc4-6f81-3fd0-b84c-60f4ad5b2417","Oakley Jovanovic","oakley.jovanovic@example.com","oakley.jovanovic@example.com","Member","True","2023-05-28T00:00:00Z","Sales","Sales Specialist","Sydney","AU","9afd91cf-ec1b-9a3b-1291-bb2b975453c6","sage.moreau@example.com"
"2026-07-01","27cf3937-616d-ab2b-e030-98c7e539f127","Harper Vasquez","harper.vasquez@example.com","harper.vasquez@example.com","Member","True","2024-02-27T00:00:00Z","Marketing","Marketing Specialist","Dublin","IE","2857d35c-f9d2-fce5-4bb9-70953e3c9810","marlowe.gallagher@example.com"
"2026-07-01","c06eae9e-f9c7-4bd7-16f0-9c828c13ce8a","Casey Whitfield","casey.whitfield@example.com","casey.whitfield@example.com","Member","True","2024-10-21T00:00:00Z","Finance","Finance Specialist","Toronto","CA","9f71f7e6-35b7-6972-bbf6-a078cbe48834","wren.petrov@example.com"
"2026-07-01","885e2443-99b4-730f-69fc-aa7d68824089","Blair Jovanovic","blair.jovanovic@example.com","blair.jovanovic@example.com","Member","True","2024-10-31T00:00:00Z","Operations","Operations Specialist","Austin","US","3a4ef796-9a7e-b1eb-fe97-ee7b5a408165","avery.xiong@example.com"
"2026-07-01","ef95e08a-1594-d13a-6b66-77d3fa374b7a","Reese Vasquez","reese.vasquez@example.com","reese.vasquez@example.com","Member","True","2023-10-02T00:00:00Z","Legal","Legal Specialist","Sydney","AU","6eeb9fdf-ba96-d64c-2ec8-f7c9ec3a3d85","oakley.fontaine@example.com"
"2026-07-01","19e163e9-1e46-0a1a-d345-c0a13aa09463","Parker Zawadzki","parker.zawadzki@example.com","parker.zawadzki@example.com","Member","True","2022-05-08T00:00:00Z","Engineering","Engineering Specialist","Seattle","US","236bc049-2408-8b1d-6323-d2dbe97d4d19","parker.chaudhry@example.com"
"2026-07-01","02083e5e-d685-3082-36c5-39e302318a27","Marlowe Gallagher","marlowe.gallagher2@example.com","marlowe.gallagher2@example.com","Member","True","2023-01-31T00:00:00Z","Sales","Sales Specialist","Sydney","AU","9afd91cf-ec1b-9a3b-1291-bb2b975453c6","sage.moreau@example.com"
"2026-07-01","26fd30fb-d5a6-5a99-a3e7-ebe1f26dcfab","Oakley Kowalski","oakley.kowalski@example.com","oakley.kowalski@example.com","Member","True","2022-06-03T00:00:00Z","Marketing","Marketing Specialist","Dublin","IE","2857d35c-f9d2-fce5-4bb9-70953e3c9810","marlowe.gallagher@example.com"
"2026-07-01","0dd3e99b-dc0b-089e-166d-6413c57ea32e","Noor Haddad","noor.haddad@example.com","noor.haddad@example.com","Member","True","2024-10-16T00:00:00Z","Finance","Finance Specialist","Toronto","CA","d17983e9-a667-9543-2987-0897ad2dab90","yael.nakamura@example.com"
"2026-07-01","4f8d283d-58da-95f1-62de-cc20e739d912","Noor Silva","noor.silva@example.com","noor.silva@example.com","Member","True","2024-06-19T00:00:00Z","Operations","Operations Specialist","Toronto","CA","f412cb99-db0b-e7c3-7ffb-dcaffa90f123","blair.rasmussen@example.com"
"2026-07-01","35449036-d783-731b-c9a0-697881e43173","Oakley Vasquez","oakley.vasquez2@example.com","oakley.vasquez2@example.com","Member","True","2023-06-03T00:00:00Z","Legal","Legal Specialist","Austin","US","6eeb9fdf-ba96-d64c-2ec8-f7c9ec3a3d85","oakley.fontaine@example.com"
"2026-07-01","37a609eb-44a1-8b2c-a591-d251c79378ad","Reese Chaudhry","reese.chaudhry@example.com","reese.chaudhry@example.com","Member","True","2024-11-11T00:00:00Z","Engineering","Engineering Specialist","Dublin","IE","6348e0fb-da40-6590-8ee7-5f6000634176","noor.gallagher@example.com"
"2026-07-01","c1cb7d3c-5374-029e-0766-b6d7bc68dd2d","Casey Takahashi","casey.takahashi@example.com","casey.takahashi@example.com","Member","True","2024-07-23T00:00:00Z","Sales","Sales Specialist","Toronto","CA","9afd91cf-ec1b-9a3b-1291-bb2b975453c6","sage.moreau@example.com"
"2026-07-01","38ce90ab-18ce-eeb0-6b84-8f03b830756d","Umi Petrov","umi.petrov@example.com","umi.petrov@example.com","Member","True","2023-07-28T00:00:00Z","Marketing","Marketing Specialist","Sydney","AU","90f63fda-a191-c217-7214-3aaf159a4db8","vale.vasquez@example.com"
"2026-07-01","3f8329a6-fada-5f95-b54b-c2d7c38c56ac","Drew Jovanovic","drew.jovanovic@example.com","drew.jovanovic@example.com","Member","True","2023-08-06T00:00:00Z","Finance","Finance Specialist","Seattle","US","d17983e9-a667-9543-2987-0897ad2dab90","yael.nakamura@example.com"
"2026-07-01","8396b0a3-b2d7-8c1e-f26f-ef054a479882","Drew Jovanovic","drew.jovanovic2@example.com","drew.jovanovic2@example.com","Member","True","2025-05-16T00:00:00Z","Operations","Operations Specialist","Toronto","CA","3a4ef796-9a7e-b1eb-fe97-ee7b5a408165","avery.xiong@example.com"
"2026-07-01","20385182-b7c1-2c40-d9c9-beaaf265a9f6","Finley Zawadzki","finley.zawadzki@example.com","finley.zawadzki@example.com","Member","True","2024-08-09T00:00:00Z","Legal","Legal Specialist","Austin","US","54417c87-f819-5aca-b463-7c013fc02def","jordan.kowalski@example.com"
"2026-07-01","466c09db-bd5b-7c8d-f4d4-9f20351ed951","Harper Bergstrom","harper.bergstrom@example.com","harper.bergstrom@example.com","Member","True","2023-08-27T00:00:00Z","Engineering","Engineering Specialist","Toronto","CA","6348e0fb-da40-6590-8ee7-5f6000634176","noor.gallagher@example.com"
"2026-07-01","29b2f272-45b1-e412-9da2-f00c2736f879","Parker Fontaine","parker.fontaine@example.com","parker.fontaine@example.com","Member","True","2025-03-01T00:00:00Z","Sales","Sales Specialist","Austin","US","ed83eb08-7cce-99f3-f4ee-302aee96a84a","vale.takahashi@example.com"
"2026-07-01","0537c32a-9d2a-d475-8b58-7e1b3f48b4e8","Indigo Yilmaz","indigo.yilmaz@example.com","indigo.yilmaz@example.com","Member","True","2023-09-28T00:00:00Z","Marketing","Marketing Specialist","Austin","US","90f63fda-a191-c217-7214-3aaf159a4db8","vale.vasquez@example.com"
"2026-07-01","51dea8ab-92e4-fef9-2560-6c85b1bcf4af","Parker Okonkwo","parker.okonkwo@example.com","parker.okonkwo@example.com","Member","True","2022-04-29T00:00:00Z","Finance","Finance Specialist","Sydney","AU","9f71f7e6-35b7-6972-bbf6-a078cbe48834","wren.petrov@example.com"
"2026-07-01","45593dd0-d424-decd-810f-23a25dae5982","Kai Rasmussen","kai.rasmussen@example.com","kai.rasmussen@example.com","Member","True","2023-12-07T00:00:00Z","Operations","Operations Specialist","Toronto","CA","f412cb99-db0b-e7c3-7ffb-dcaffa90f123","blair.rasmussen@example.com"
"2026-07-01","2baf76a4-f9eb-826a-5405-2ea94280456d","Indigo Fontaine","indigo.fontaine@example.com","indigo.fontaine@example.com","Member","True","2021-12-23T00:00:00Z","Legal","Legal Specialist","Toronto","CA","54417c87-f819-5aca-b463-7c013fc02def","jordan.kowalski@example.com"
"2026-07-01","157d1ac4-c93c-0227-6372-c9d48c676f59","Avery Kowalski","avery.kowalski@example.com","avery.kowalski@example.com","Member","True","2024-02-20T00:00:00Z","Engineering","Engineering Specialist","Dublin","IE","8e8e478f-c884-7d82-2153-ca75421c1b52","sage.quintero@example.com"
"2026-07-01","7b8a4b6a-7ae1-dc5f-69eb-334cb811d389","Reese Whitfield","reese.whitfield@example.com","reese.whitfield@example.com","Member","True","2025-01-18T00:00:00Z","Sales","Sales Specialist","Sydney","AU","9afd91cf-ec1b-9a3b-1291-bb2b975453c6","sage.moreau@example.com"
"2026-07-01","e11e67d1-593c-da1c-11ec-de213f02a479","Logan Okonkwo","logan.okonkwo2@example.com","logan.okonkwo2@example.com","Member","True","2023-08-03T00:00:00Z","Marketing","Marketing Specialist","Toronto","CA","90f63fda-a191-c217-7214-3aaf159a4db8","vale.vasquez@example.com"
"2026-07-01","77994a6a-7d3e-7a1b-94e5-60f53f385803","Indigo Ibarra","indigo.ibarra@example.com","indigo.ibarra@example.com","Member","True","2022-07-28T00:00:00Z","Finance","Finance Specialist","Sydney","AU","d17983e9-a667-9543-2987-0897ad2dab90","yael.nakamura@example.com"
"2026-07-01","7dcb845d-120c-b60d-6c5a-f9f7652bb787","Indigo Takahashi","indigo.takahashi2@example.com","indigo.takahashi2@example.com","Member","True","2022-03-25T00:00:00Z","Operations","Operations Specialist","Seattle","US","fe2779d4-0c57-fc16-069b-0340152f0b57","quinn.kowalski2@example.com"
"2026-07-01","2c46a23d-e98b-06e2-a9a1-4ce8c1ac65e5","Xan Haddad","xan.haddad@example.com","xan.haddad@example.com","Member","True","2025-03-26T00:00:00Z","Legal","Legal Specialist","Seattle","US","eb98825d-a20b-e701-efbc-1d56c88f4770","noor.vasquez@example.com"
"2026-07-01","3a0d656f-68ec-138f-80d1-358505804aba","Kai Yilmaz","kai.yilmaz@example.com","kai.yilmaz@example.com","Member","True","2023-06-26T00:00:00Z","Engineering","Engineering Specialist","Dublin","IE","8e8e478f-c884-7d82-2153-ca75421c1b52","sage.quintero@example.com"
"2026-07-01","ca0c062f-100d-b836-c5d1-08b13b764fd8","Avery Lindqvist","avery.lindqvist@example.com","avery.lindqvist@example.com","Member","True","2022-09-16T00:00:00Z","Sales","Sales Specialist","Sydney","AU","9afd91cf-ec1b-9a3b-1291-bb2b975453c6","sage.moreau@example.com"
"2026-07-01","d786ce5a-c66c-41e3-62ab-a6e02a48fc69","Oakley Abara","oakley.abara@example.com","oakley.abara@example.com","Member","True","2023-08-27T00:00:00Z","Marketing","Marketing Specialist","Seattle","US","9bc6831f-a8f2-ab13-73f4-8f2087c44f60","vale.kowalski@example.com"
"2026-07-01","ae4dd732-83c9-8e49-3171-25335ecec861","Umi Petrov","umi.petrov2@example.com","umi.petrov2@example.com","Member","True","2024-10-11T00:00:00Z","Finance","Finance Specialist","Austin","US","d17983e9-a667-9543-2987-0897ad2dab90","yael.nakamura@example.com"
"2026-07-01","1a56f52d-282b-f386-7ae6-7f52de64f082","Tatum Delacroix","tatum.delacroix@example.com","tatum.delacroix@example.com","Member","True","2025-07-14T00:00:00Z","Operations","Operations Specialist","Toronto","CA","f412cb99-db0b-e7c3-7ffb-dcaffa90f123","blair.rasmussen@example.com"
"2026-07-01","f00f547c-7385-5c81-7f9b-e923e4e4ad3c","Drew Quintero","drew.quintero@example.com","drew.quintero@example.com","Member","True","2023-09-07T00:00:00Z","Legal","Legal Specialist","Seattle","US","6eeb9fdf-ba96-d64c-2ec8-f7c9ec3a3d85","oakley.fontaine@example.com"
"2026-07-01","4b1356fd-d3f1-fa54-dd45-e0a92675cbd8","Yael Yilmaz","yael.yilmaz@example.com","yael.yilmaz@example.com","Member","True","2024-01-21T00:00:00Z","Engineering","Engineering Specialist","Austin","US","6348e0fb-da40-6590-8ee7-5f6000634176","noor.gallagher@example.com"
"2026-07-01","df742aa6-5cfc-fa6d-b7b3-024e536dec26","Casey Lindqvist","casey.lindqvist@example.com","casey.lindqvist@example.com","Member","True","2025-09-16T00:00:00Z","Sales","Sales Specialist","Seattle","US","490d2e0b-ac7e-8677-e89b-fb4babcf5c16","quinn.eriksen@example.com"
"2026-07-01","397e861f-3fbb-6ffd-19d4-571a9dccfad3","Sage Vasquez","sage.vasquez2@example.com","sage.vasquez2@example.com","Member","True","2024-03-13T00:00:00Z","Marketing","Marketing Specialist","Dublin","IE","2857d35c-f9d2-fce5-4bb9-70953e3c9810","marlowe.gallagher@example.com"
"2026-07-01","29435a66-9143-b856-89a5-972067e49720","Vale Eriksen","vale.eriksen@example.com","vale.eriksen@example.com","Member","True","2025-03-16T00:00:00Z","Finance","Finance Specialist","Dublin","IE","8695fc51-7f57-73c9-c005-5ed5d4b09587","noor.zawadzki@example.com"
"2026-07-01","e2e0fd5e-e75c-86b0-7219-440c76694ac5","Harper Yilmaz","harper.yilmaz@example.com","harper.yilmaz@example.com","Member","True","2023-11-13T00:00:00Z","Operations","Operations Specialist","Seattle","US","f412cb99-db0b-e7c3-7ffb-dcaffa90f123","blair.rasmussen@example.com"
"2026-07-01","74e644e9-363d-b9b3-35da-27a610913768","Avery Silva","avery.silva@example.com","avery.silva@example.com","Member","True","2024-03-09T00:00:00Z","Legal","Legal Specialist","Seattle","US","54417c87-f819-5aca-b463-7c013fc02def","jordan.kowalski@example.com"
"2026-07-01","7045cfe1-8b60-feaa-99d1-dc5645fad319","Drew Petrov","drew.petrov@example.com","drew.petrov@example.com","Member","True","2024-11-11T00:00:00Z","Engineering","Engineering Specialist","Toronto","CA","6348e0fb-da40-6590-8ee7-5f6000634176","noor.gallagher@example.com"
"2026-07-01","9851f734-9ef1-e5fb-32e2-4ce28799471a","Gray Abara","gray.abara@example.com","gray.abara@example.com","Member","True","2022-03-04T00:00:00Z","Sales","Sales Specialist","Dublin","IE","490d2e0b-ac7e-8677-e89b-fb4babcf5c16","quinn.eriksen@example.com"
"2026-07-01","087bad96-3914-b5ed-41cc-6de10f8cb364","Reese Gallagher (partner1.example.com)","reese.gallagher_partner1.example.com#EXT#@example.onmicrosoft.com","reese.gallagher@partner1.example.com","Guest","True","2026-04-07T19:54:22Z","","","","","",""
"2026-07-01","67a9f990-a05b-e84e-3c17-8d9ed64f6b65","Jordan Lindqvist (partner3.example.com)","jordan.lindqvist_partner3.example.com#EXT#@example.onmicrosoft.com","jordan.lindqvist@partner3.example.com","Guest","True","2026-01-11T10:33:18Z","","","","","",""
"2026-07-01","a7904480-073a-9e17-7a77-8a169ba405ad","Gray Silva (partner4.example.com)","gray.silva_partner4.example.com#EXT#@example.onmicrosoft.com","gray.silva@partner4.example.com","Guest","True","2026-03-21T15:45:34Z","","","","","",""
"2026-07-01","da365d3e-4915-f7f8-4f8f-1c047864d6b4","Reese Haddad (partner5.example.com)","reese.haddad_partner5.example.com#EXT#@example.onmicrosoft.com","reese.haddad@partner5.example.com","Guest","True","2026-05-19T12:26:37Z","","","","","",""
"2026-07-01","c7b3bf13-7660-794d-c863-e6350633715f","Avery Abara (partner6.example.com)","avery.abara_partner6.example.com#EXT#@example.onmicrosoft.com","avery.abara@partner6.example.com","Guest","True","2026-02-17T17:14:01Z","","","","","",""
"2026-07-01","a02b96fa-eed6-ce68-6f07-ae284a76274e","Parker Takahashi (partner7.example.com)","parker.takahashi_partner7.example.com#EXT#@example.onmicrosoft.com","parker.takahashi@partner7.example.com","Guest","True","2026-02-17T13:08:46Z","","","","","",""
"2026-07-01","a35d431e-0643-0355-f718-ee18c51c9bbf","Casey Okonkwo (partner8.example.com)","casey.okonkwo_partner8.example.com#EXT#@example.onmicrosoft.com","casey.okonkwo@partner8.example.com","Guest","True","2026-02-26T18:52:10Z","","","","","",""
"2026-07-01","0ab03139-29b2-4be1-c6ce-c440bc7fba48","Indigo Rasmussen (partner10.example.com)","indigo.rasmussen_partner10.example.com#EXT#@example.onmicrosoft.com","indigo.rasmussen@partner10.example.com","Guest","True","2026-02-09T16:05:39Z","","","","","",""
"2026-07-01","4b9a563d-652c-abff-7498-174e3c71cada","Noor Yilmaz (partner12.example.com)","noor.yilmaz_partner12.example.com#EXT#@example.onmicrosoft.com","noor.yilmaz@partner12.example.com","Guest","True","2026-05-04T09:11:10Z","","","","","",""
"2026-07-01","50f4ba87-b91b-913b-9b0a-6c1dc7f10fcd","Oakley Xiong (partner1.example.com)","oakley.xiong_partner1.example.com#EXT#@example.onmicrosoft.com","oakley.xiong@partner1.example.com","Guest","True","2026-06-27T10:00:48Z","","","","","",""
"2026-07-01","86a4ade9-23ca-78f8-f180-48fb9401e02f","Drew Lindqvist (partner2.example.com)","drew.lindqvist_partner2.example.com#EXT#@example.onmicrosoft.com","drew.lindqvist@partner2.example.com","Guest","False","2026-04-06T13:38:58Z","","","","","",""
"2026-07-01","7fd125a7-29ec-51b4-e4f6-84a2facf791e","Harper Rasmussen (partner3.example.com)","harper.rasmussen_partner3.example.com#EXT#@example.onmicrosoft.com","harper.rasmussen@partner3.example.com","Guest","False","2026-01-19T14:30:04Z","","","","","",""
"2026-07-01","b7f3c38a-68a2-7f10-bbf9-0f9f42a07f26","Avery Haddad (partner5.example.com)","avery.haddad_partner5.example.com#EXT#@example.onmicrosoft.com","avery.haddad@partner5.example.com","Guest","False","2026-02-20T14:24:25Z","","","","","",""
"2026-07-01","7660dd0f-bbd8-cf76-8d5f-685ef3c160f3","Wren Fontaine (partner6.example.com)","wren.fontaine_partner6.example.com#EXT#@example.onmicrosoft.com","wren.fontaine@partner6.example.com","Guest","False","2026-03-12T11:01:05Z","","","","","",""
"2026-07-01","dafb4783-e9f9-cbba-00a2-5a8236e4ccd1","Harper Gallagher (partner7.example.com)","harper.gallagher_partner7.example.com#EXT#@example.onmicrosoft.com","harper.gallagher@partner7.example.com","Guest","True","2026-02-25T17:33:41Z","","","","","",""
"2026-07-01","573523d0-ac85-4e28-1a38-2ed3b2667fa4","Parker Nakamura (partner8.example.com)","parker.nakamura_partner8.example.com#EXT#@example.onmicrosoft.com","parker.nakamura@partner8.example.com","Guest","True","2026-04-08T13:43:53Z","","","","","",""
"2026-07-01","39a36998-9e60-6007-f628-c684737bf531","Logan Vasquez (partner9.example.com)","logan.vasquez_partner9.example.com#EXT#@example.onmicrosoft.com","logan.vasquez@partner9.example.com","Guest","True","2026-03-12T17:03:40Z","","","","","",""
"2026-07-01","02812435-de63-505c-e3ec-438515b99a26","Umi Ibarra (partner10.example.com)","umi.ibarra_partner10.example.com#EXT#@example.onmicrosoft.com","umi.ibarra@partner10.example.com","Guest","True","2026-01-21T15:16:10Z","","","","","",""
"2026-07-01","461ad64d-5976-8d07-ef2b-7a855e934a69","Logan Xiong (partner11.example.com)","logan.xiong_partner11.example.com#EXT#@example.onmicrosoft.com","logan.xiong@partner11.example.com","Guest","True","2026-04-05T10:01:01Z","","","","","",""
"2026-07-01","5c23838b-802a-b9de-9b16-0741096d923b","Drew Eriksen (partner12.example.com)","drew.eriksen_partner12.example.com#EXT#@example.onmicrosoft.com","drew.eriksen@partner12.example.com","Guest","True","2026-02-02T12:08:17Z","","","","","",""
"2026-07-01","16b624eb-2eba-0873-cfea-d6e431c4aa9b","Casey Kowalski (partner1.example.com)","casey.kowalski_partner1.example.com#EXT#@example.onmicrosoft.com","casey.kowalski@partner1.example.com","Guest","True","2026-03-27T18:10:21Z","","","","","",""
"2026-07-01","f2d3f7b4-77d6-305a-0c3e-5b28a2e1e793","Noor Jovanovic (partner2.example.com)","noor.jovanovic_partner2.example.com#EXT#@example.onmicrosoft.com","noor.jovanovic@partner2.example.com","Guest","True","2026-05-01T12:22:53Z","","","","","",""
"2026-07-01","b1ab51d4-c027-b901-9f06-37a016f8727c","Yael Fontaine (partner3.example.com)","yael.fontaine_partner3.example.com#EXT#@example.onmicrosoft.com","yael.fontaine@partner3.example.com","Guest","True","2026-04-05T18:33:22Z","","","","","",""
"2026-07-01","40a0f0ef-ed1f-f096-6d02-25ae7ee57d59","Yael Bergstrom (partner4.example.com)","yael.bergstrom_partner4.example.com#EXT#@example.onmicrosoft.com","yael.bergstrom@partner4.example.com","Guest","True","2026-04-04T13:59:44Z","","","","","",""
"2026-07-01","94daa1a3-aa11-1570-0237-d061788018a0","Finley Haddad (partner5.example.com)","finley.haddad_partner5.example.com#EXT#@example.onmicrosoft.com","finley.haddad@partner5.example.com","Guest","True","2026-02-17T08:52:35Z","","","","","",""
"2026-07-01","e5072603-ccba-90ae-017b-4cbb5b5c57b4","Blair Kowalski (partner6.example.com)","blair.kowalski_partner6.example.com#EXT#@example.onmicrosoft.com","blair.kowalski@partner6.example.com","Guest","True","2026-01-31T11:21:58Z","","","","","",""
"2026-07-01","72c24b7a-616e-9ed1-0d84-6930486a21d0","Reese Ibarra (partner7.example.com)","reese.ibarra_partner7.example.com#EXT#@example.onmicrosoft.com","reese.ibarra@partner7.example.com","Guest","True","2026-01-14T19:17:52Z","","","","","",""
"2026-07-01","0cfd5c91-45a3-76d6-5263-cd8e0deaeabd","Finley Petrov (partner8.example.com)","finley.petrov_partner8.example.com#EXT#@example.onmicrosoft.com","finley.petrov@partner8.example.com","Guest","True","2026-06-01T15:22:52Z","","","","","",""
"2026-07-01","2eef2af4-2aac-b53d-d074-a100e1235ad1","Yael Silva (partner9.example.com)","yael.silva_partner9.example.com#EXT#@example.onmicrosoft.com","yael.silva@partner9.example.com","Guest","True","2026-03-07T12:16:18Z","","","","","",""
"2026-07-01","4e84cc4d-d6d1-248d-50ab-8724b6a35057","Blair Jovanovic (partner10.example.com)","blair.jovanovic_partner10.example.com#EXT#@example.onmicrosoft.com","blair.jovanovic@partner10.example.com","Guest","True","2026-01-15T14:36:07Z","","","","","",""
"2026-07-01","12869724-5830-e031-dc71-3182a3ca73bc","Blair Eriksen (partner11.example.com)","blair.eriksen_partner11.example.com#EXT#@example.onmicrosoft.com","blair.eriksen@partner11.example.com","Guest","True","2026-01-24T10:38:16Z","","","","","",""
"2026-07-01","c5c53719-e6ff-ad4a-dd82-05b6b3105f9f","Drew Fontaine (partner1.example.com)","drew.fontaine_partner1.example.com#EXT#@example.onmicrosoft.com","drew.fontaine@partner1.example.com","Guest","True","2026-04-15T16:45:13Z","","","","","",""
"2026-07-01","658d8760-7df8-76f1-8d12-320ab4abbfb0","Yael Haddad (partner4.example.com)","yael.haddad_partner4.example.com#EXT#@example.onmicrosoft.com","yael.haddad@partner4.example.com","Guest","True","2026-05-08T09:26:08Z","","","","","",""
"2026-07-01","b1d60cd2-c41e-a635-33a5-b905217ec138","Sage Nakamura (partner5.example.com)","sage.nakamura_partner5.example.com#EXT#@example.onmicrosoft.com","sage.nakamura@partner5.example.com","Guest","True","2026-03-11T18:44:33Z","","","","","",""
"2026-07-01","f0ce2995-b75c-3458-aae5-9fdcf46dd40d","Reese Moreau (partner6.example.com)","reese.moreau_partner6.example.com#EXT#@example.onmicrosoft.com","reese.moreau@partner6.example.com","Guest","True","2026-01-09T18:03:25Z","","","","","",""
"2026-07-01","4210d1df-444c-0352-0449-308d469e449d","Sage Xiong (partner8.example.com)","sage.xiong_partner8.example.com#EXT#@example.onmicrosoft.com","sage.xiong@partner8.example.com","Guest","True","2026-05-05T13:07:17Z","","","","","",""
"2026-07-01","fd7aa7f1-51e6-4de0-21c6-46ecbf93f045","Jordan Abara (partner9.example.com)","jordan.abara_partner9.example.com#EXT#@example.onmicrosoft.com","jordan.abara@partner9.example.com","Guest","True","2026-01-28T07:56:30Z","","","","","",""
"2026-07-01","ea81087d-4636-4ac3-53aa-880663dfadf8","Yael Fontaine (partner10.example.com)","yael.fontaine_partner10.example.com#EXT#@example.onmicrosoft.com","yael.fontaine@partner10.example.com","Guest","True","2026-03-18T11:52:43Z","","","","","",""
"2026-07-01","f76b380c-3af5-8586-d3d7-cb368f002974","Kai Bergstrom (partner11.example.com)","kai.bergstrom_partner11.example.com#EXT#@example.onmicrosoft.com","kai.bergstrom@partner11.example.com","Guest","True","2026-04-01T15:50:35Z","","","","","",""
"2026-07-01","db5625e8-f6c3-fff4-398a-df5cb54e80dd","Umi Xiong (partner12.example.com)","umi.xiong_partner12.example.com#EXT#@example.onmicrosoft.com","umi.xiong@partner12.example.com","Guest","True","2026-01-29T09:55:08Z","","","","","",""
"2026-07-01","2e37ffce-ce9f-c07b-5161-2ff713d54290","Logan Nakamura (partner1.example.com)","logan.nakamura_partner1.example.com#EXT#@example.onmicrosoft.com","logan.nakamura@partner1.example.com","Guest","True","2026-02-21T18:50:11Z","","","","","",""
"2026-07-01","9145356f-c0fc-c57a-28f4-c70beb10e1f5","Kai Ibarra (partner2.example.com)","kai.ibarra_partner2.example.com#EXT#@example.onmicrosoft.com","kai.ibarra@partner2.example.com","Guest","True","2026-01-19T13:07:53Z","","","","","",""
"2026-07-01","5f6e7e00-1588-dc5b-5e45-7bbf646e7d4e","Reese Quintero (partner3.example.com)","reese.quintero_partner3.example.com#EXT#@example.onmicrosoft.com","reese.quintero@partner3.example.com","Guest","True","2026-03-11T15:44:49Z","","","","","",""
"2026-07-01","7bd7d595-d37c-2fec-a19c-da461494bef2","Reese Rasmussen (partner5.example.com)","reese.rasmussen_partner5.example.com#EXT#@example.onmicrosoft.com","reese.rasmussen@partner5.example.com","Guest","True","2026-06-21T18:53:54Z","","","","","",""
"2026-07-01","09112870-33be-d278-c340-367500baca5e","Finley Lindqvist (partner9.example.com)","finley.lindqvist_partner9.example.com#EXT#@example.onmicrosoft.com","finley.lindqvist@partner9.example.com","Guest","True","2026-06-22T08:44:50Z","","","","","",""
"2026-07-01","865863f7-f3d7-cc9b-6679-0308e76f598e","Finley Chaudhry (partner10.example.com)","finley.chaudhry_partner10.example.com#EXT#@example.onmicrosoft.com","finley.chaudhry@partner10.example.com","Guest","True","2026-05-12T18:58:21Z","","","","","",""
"2026-07-01","06bf4364-168b-79d7-006b-15e31f8a9f0c","Zephyr Bergstrom (partner12.example.com)","zephyr.bergstrom_partner12.example.com#EXT#@example.onmicrosoft.com","zephyr.bergstrom@partner12.example.com","Guest","True","2026-04-30T09:12:52Z","","","","","",""
"2026-08-01","d01fa0f0-8491-6aec-ff4e-305b600a5d77","Harper Jovanovic","harper.jovanovic@example.com","harper.jovanovic@example.com","Member","True","2025-07-06T00:00:00Z","Operations","Chief Executive","Austin","US",,
"2026-08-01","01e26f3d-33e5-1b75-67e6-dc93d37f23ec","Quinn Kowalski","quinn.kowalski@example.com","quinn.kowalski@example.com","Member","True","2022-03-24T00:00:00Z","Engineering","Director, Engineering","Toronto","CA","d01fa0f0-8491-6aec-ff4e-305b600a5d77","harper.jovanovic@example.com"
"2026-08-01","7a5172e6-1e09-fb9d-0174-040e1f69f280","Blair Zawadzki","blair.zawadzki@example.com","blair.zawadzki@example.com","Member","True","2024-11-24T00:00:00Z","Sales","Director, Sales","Toronto","CA","d01fa0f0-8491-6aec-ff4e-305b600a5d77","harper.jovanovic@example.com"
"2026-08-01","1902d00f-9d72-e088-e671-a3c33c8c48ca","Tatum Chaudhry","tatum.chaudhry@example.com","tatum.chaudhry@example.com","Member","True","2024-04-29T00:00:00Z","Marketing","Director, Marketing","Toronto","CA","d01fa0f0-8491-6aec-ff4e-305b600a5d77","harper.jovanovic@example.com"
"2026-08-01","f31a7995-cde1-6973-8ca2-2fb689567c15","Sage Delacroix","sage.delacroix@example.com","sage.delacroix@example.com","Member","True","2024-11-04T00:00:00Z","Finance","Director, Finance","Dublin","IE","d01fa0f0-8491-6aec-ff4e-305b600a5d77","harper.jovanovic@example.com"
"2026-08-01","8f14bc96-41d1-93d1-2028-62542524c795","Zephyr Bergstrom","zephyr.bergstrom@example.com","zephyr.bergstrom@example.com","Member","True","2025-10-16T00:00:00Z","Operations","Director, Operations","Toronto","CA","d01fa0f0-8491-6aec-ff4e-305b600a5d77","harper.jovanovic@example.com"
"2026-08-01","44541f2a-ed42-e639-0f32-5ae6608c30d8","Oakley Moreau","oakley.moreau@example.com","oakley.moreau@example.com","Member","True","2022-09-02T00:00:00Z","Legal","Director, Legal","Austin","US","d01fa0f0-8491-6aec-ff4e-305b600a5d77","harper.jovanovic@example.com"
"2026-08-01","6348e0fb-da40-6590-8ee7-5f6000634176","Noor Gallagher","noor.gallagher@example.com","noor.gallagher@example.com","Member","True","2023-06-20T00:00:00Z","Engineering","Engineering Manager","Toronto","CA","01e26f3d-33e5-1b75-67e6-dc93d37f23ec","quinn.kowalski@example.com"
"2026-08-01","ed83eb08-7cce-99f3-f4ee-302aee96a84a","Vale Takahashi","vale.takahashi@example.com","vale.takahashi@example.com","Member","True","2023-11-29T00:00:00Z","Sales","Sales Manager","Toronto","CA","7a5172e6-1e09-fb9d-0174-040e1f69f280","blair.zawadzki@example.com"
"2026-08-01","2857d35c-f9d2-fce5-4bb9-70953e3c9810","Marlowe Gallagher","marlowe.gallagher@example.com","marlowe.gallagher@example.com","Member","True","2024-03-03T00:00:00Z","Marketing","Marketing Manager","Seattle","US","1902d00f-9d72-e088-e671-a3c33c8c48ca","tatum.chaudhry@example.com"
"2026-08-01","9f71f7e6-35b7-6972-bbf6-a078cbe48834","Wren Petrov","wren.petrov@example.com","wren.petrov@example.com","Member","True","2023-10-13T00:00:00Z","Finance","Finance Manager","Seattle","US","f31a7995-cde1-6973-8ca2-2fb689567c15","sage.delacroix@example.com"
"2026-08-01","3a4ef796-9a7e-b1eb-fe97-ee7b5a408165","Avery Xiong","avery.xiong@example.com","avery.xiong@example.com","Member","True","2024-02-14T00:00:00Z","Operations","Operations Manager","Sydney","AU","8f14bc96-41d1-93d1-2028-62542524c795","zephyr.bergstrom@example.com"
"2026-08-01","54417c87-f819-5aca-b463-7c013fc02def","Jordan Kowalski","jordan.kowalski@example.com","jordan.kowalski@example.com","Member","True","2025-04-20T00:00:00Z","Legal","Legal Manager","Dublin","IE","44541f2a-ed42-e639-0f32-5ae6608c30d8","oakley.moreau@example.com"
"2026-08-01","236bc049-2408-8b1d-6323-d2dbe97d4d19","Parker Chaudhry","parker.chaudhry@example.com","parker.chaudhry@example.com","Member","True","2023-05-26T00:00:00Z","Engineering","Engineering Manager","Seattle","US","01e26f3d-33e5-1b75-67e6-dc93d37f23ec","quinn.kowalski@example.com"
"2026-08-01","9afd91cf-ec1b-9a3b-1291-bb2b975453c6","Sage Moreau","sage.moreau@example.com","sage.moreau@example.com","Member","True","2021-12-17T00:00:00Z","Sales","Sales Manager","Austin","US","7a5172e6-1e09-fb9d-0174-040e1f69f280","blair.zawadzki@example.com"
"2026-08-01","90f63fda-a191-c217-7214-3aaf159a4db8","Vale Vasquez","vale.vasquez@example.com","vale.vasquez@example.com","Member","True","2025-11-21T00:00:00Z","Marketing","Marketing Manager","Austin","US","1902d00f-9d72-e088-e671-a3c33c8c48ca","tatum.chaudhry@example.com"
"2026-08-01","d17983e9-a667-9543-2987-0897ad2dab90","Yael Nakamura","yael.nakamura@example.com","yael.nakamura@example.com","Member","True","2023-05-04T00:00:00Z","Finance","Finance Manager","Sydney","AU","f31a7995-cde1-6973-8ca2-2fb689567c15","sage.delacroix@example.com"
"2026-08-01","fe2779d4-0c57-fc16-069b-0340152f0b57","Quinn Kowalski","quinn.kowalski2@example.com","quinn.kowalski2@example.com","Member","True","2021-12-13T00:00:00Z","Operations","Operations Manager","Austin","US","8f14bc96-41d1-93d1-2028-62542524c795","zephyr.bergstrom@example.com"
"2026-08-01","eb98825d-a20b-e701-efbc-1d56c88f4770","Noor Vasquez","noor.vasquez@example.com","noor.vasquez@example.com","Member","True","2025-11-25T00:00:00Z","Legal","Legal Manager","Toronto","CA","44541f2a-ed42-e639-0f32-5ae6608c30d8","oakley.moreau@example.com"
"2026-08-01","8e8e478f-c884-7d82-2153-ca75421c1b52","Sage Quintero","sage.quintero@example.com","sage.quintero@example.com","Member","True","2025-04-14T00:00:00Z","Engineering","Engineering Manager","Toronto","CA","01e26f3d-33e5-1b75-67e6-dc93d37f23ec","quinn.kowalski@example.com"
"2026-08-01","490d2e0b-ac7e-8677-e89b-fb4babcf5c16","Quinn Eriksen","quinn.eriksen@example.com","quinn.eriksen@example.com","Member","True","2025-08-22T00:00:00Z","Sales","Sales Manager","Dublin","IE","7a5172e6-1e09-fb9d-0174-040e1f69f280","blair.zawadzki@example.com"
"2026-08-01","9bc6831f-a8f2-ab13-73f4-8f2087c44f60","Vale Kowalski","vale.kowalski@example.com","vale.kowalski@example.com","Member","True","2024-06-06T00:00:00Z","Marketing","Marketing Manager","Austin","US","1902d00f-9d72-e088-e671-a3c33c8c48ca","tatum.chaudhry@example.com"
"2026-08-01","8695fc51-7f57-73c9-c005-5ed5d4b09587","Noor Zawadzki","noor.zawadzki@example.com","noor.zawadzki@example.com","Member","True","2023-05-22T00:00:00Z","Finance","Finance Manager","Seattle","US","f31a7995-cde1-6973-8ca2-2fb689567c15","sage.delacroix@example.com"
"2026-08-01","f412cb99-db0b-e7c3-7ffb-dcaffa90f123","Blair Rasmussen","blair.rasmussen@example.com","blair.rasmussen@example.com","Member","True","2023-10-01T00:00:00Z","Operations","Operations Manager","Toronto","CA","8f14bc96-41d1-93d1-2028-62542524c795","zephyr.bergstrom@example.com"
"2026-08-01","6eeb9fdf-ba96-d64c-2ec8-f7c9ec3a3d85","Oakley Fontaine","oakley.fontaine@example.com","oakley.fontaine@example.com","Member","True","2025-10-03T00:00:00Z","Legal","Legal Manager","Sydney","AU","44541f2a-ed42-e639-0f32-5ae6608c30d8","oakley.moreau@example.com"
"2026-08-01","c4f3e1bb-ae28-43da-bf72-98292ce4f6f9","Wren Gallagher","wren.gallagher@example.com","wren.gallagher@example.com","Member","True","2022-02-14T00:00:00Z","Sales","Sales Specialist","Austin","US","9afd91cf-ec1b-9a3b-1291-bb2b975453c6","sage.moreau@example.com"
"2026-08-01","b7b9ed8f-1203-c0c2-526b-394dc4c7b7fd","Sage Silva","sage.silva@example.com","sage.silva@example.com","Member","True","2025-09-08T00:00:00Z","Marketing","Marketing Specialist","Toronto","CA","2857d35c-f9d2-fce5-4bb9-70953e3c9810","marlowe.gallagher@example.com"
"2026-08-01","bb1608e0-ce2f-089c-4344-a546432aedce","Emery Silva","emery.silva@example.com","emery.silva@example.com","Member","True","2022-12-13T00:00:00Z","Finance","Finance Specialist","Toronto","CA","d17983e9-a667-9543-2987-0897ad2dab90","yael.nakamura@example.com"
"2026-08-01","54f119eb-4b39-6464-2df8-4db85e757087","Kai Silva","kai.silva@example.com","kai.silva@example.com","Member","True","2025-03-03T00:00:00Z","Operations","Operations Specialist","Seattle","US","fe2779d4-0c57-fc16-069b-0340152f0b57","quinn.kowalski2@example.com"
"2026-08-01","0e7cba76-f2c5-990a-dae8-d56f662ffbc6","Gray Haddad","gray.haddad@example.com","gray.haddad@example.com","Member","True","2025-11-30T00:00:00Z","Legal","Legal Specialist","Sydney","AU","54417c87-f819-5aca-b463-7c013fc02def","jordan.kowalski@example.com"
"2026-08-01","4ada376a-ecf6-cde8-b965-f829b48b9f31","Indigo Xiong","indigo.xiong@example.com","indigo.xiong@example.com","Member","True","2021-12-31T00:00:00Z","Engineering","Engineering Specialist","Seattle","US","6348e0fb-da40-6590-8ee7-5f6000634176","noor.gallagher@example.com"
"2026-08-01","448aca40-dd22-2e52-7aaa-70137ca4ca3e","Wren Zawadzki","wren.zawadzki@example.com","wren.zawadzki@example.com","Member","True","2025-11-02T00:00:00Z","Sales","Sales Specialist","Toronto","CA","9afd91cf-ec1b-9a3b-1291-bb2b975453c6","sage.moreau@example.com"
"2026-08-01","74df3d0a-acf0-dabb-8fca-2934333ba39f","Blair Nakamura","blair.nakamura@example.com","blair.nakamura@example.com","Member","True","2024-04-14T00:00:00Z","Marketing","Marketing Specialist","Dublin","IE","9bc6831f-a8f2-ab13-73f4-8f2087c44f60","vale.kowalski@example.com"
"2026-08-01","0f52b99a-e4f5-0fad-c160-516acbb63c03","Xan Whitfield","xan.whitfield@example.com","xan.whitfield@example.com","Member","True","2022-01-27T00:00:00Z","Finance","Finance Specialist","Seattle","US","d17983e9-a667-9543-2987-0897ad2dab90","yael.nakamura@example.com"
"2026-08-01","af9e7722-3b81-41e0-002b-914a0afe3d50","Emery Jovanovic","emery.jovanovic@example.com","emery.jovanovic@example.com","Member","True","2024-05-07T00:00:00Z","Operations","Operations Specialist","Dublin","IE","fe2779d4-0c57-fc16-069b-0340152f0b57","quinn.kowalski2@example.com"
"2026-08-01","2e19abff-be79-7c68-ffa0-b49841b1f723","Oakley Xiong","oakley.xiong@example.com","oakley.xiong@example.com","Member","True","2025-04-21T00:00:00Z","Legal","Legal Specialist","Sydney","AU","54417c87-f819-5aca-b463-7c013fc02def","jordan.kowalski@example.com"
"2026-08-01","950e6b04-07cf-cc60-78eb-181a96487776","Gray Haddad","gray.haddad2@example.com","gray.haddad2@example.com","Member","True","2025-11-02T00:00:00Z","Engineering","Engineering Specialist","Seattle","US","6348e0fb-da40-6590-8ee7-5f6000634176","noor.gallagher@example.com"
"2026-08-01","604163d3-f977-5808-071a-354742c40793","Xan Quintero","xan.quintero@example.com","xan.quintero@example.com","Member","True","2022-07-08T00:00:00Z","Sales","Sales Specialist","Toronto","CA","9afd91cf-ec1b-9a3b-1291-bb2b975453c6","sage.moreau@example.com"
"2026-08-01","13049b5d-9987-f801-3a80-c5ab6ccbe7a0","Casey Ibarra","casey.ibarra@example.com","casey.ibarra@example.com","Member","True","2021-12-04T00:00:00Z","Marketing","Marketing Specialist","Sydney","AU","90f63fda-a191-c217-7214-3aaf159a4db8","vale.vasquez@example.com"
"2026-08-01","5dc507fe-d1b5-d1d8-40e3-d9d910c46537","Blair Eriksen","blair.eriksen@example.com","blair.eriksen@example.com","Member","True","2025-08-10T00:00:00Z","Finance","Finance Specialist","Austin","US","9f71f7e6-35b7-6972-bbf6-a078cbe48834","wren.petrov@example.com"
"2026-08-01","861e0ff7-8a55-76da-dd67-69ee65897355","Harper Quintero","harper.quintero@example.com","harper.quintero@example.com","Member","True","2024-11-11T00:00:00Z","Operations","Operations Specialist","Dublin","IE","3a4ef796-9a7e-b1eb-fe97-ee7b5a408165","avery.xiong@example.com"
"2026-08-01","56b830c1-eba7-a79a-66af-41fbd440deee","Reese Ueda","reese.ueda@example.com","reese.ueda@example.com","Member","True","2023-12-23T00:00:00Z","Legal","Legal Specialist","Dublin","IE","54417c87-f819-5aca-b463-7c013fc02def","jordan.kowalski@example.com"
"2026-08-01","d9f361f7-ea7a-8774-510f-60b8d0241bc6","Vale Bergstrom","vale.bergstrom@example.com","vale.bergstrom@example.com","Member","True","2023-11-20T00:00:00Z","Engineering","Engineering Specialist","Toronto","CA","6348e0fb-da40-6590-8ee7-5f6000634176","noor.gallagher@example.com"
"2026-08-01","2d1032ef-6d25-251a-aa84-6c979e32be60","Vale Ueda","vale.ueda@example.com","vale.ueda@example.com","Member","True","2022-11-29T00:00:00Z","Sales","Sales Specialist","Dublin","IE","490d2e0b-ac7e-8677-e89b-fb4babcf5c16","quinn.eriksen@example.com"
"2026-08-01","57561377-894e-b02b-2418-97215f9d3cc4","Sage Haddad","sage.haddad@example.com","sage.haddad@example.com","Member","True","2025-10-05T00:00:00Z","Marketing","Marketing Specialist","Austin","US","90f63fda-a191-c217-7214-3aaf159a4db8","vale.vasquez@example.com"
"2026-08-01","ccdd4ed0-c9a3-9e19-65bb-8a78eb23f3dc","Wren Petrov","wren.petrov2@example.com","wren.petrov2@example.com","Member","True","2024-11-03T00:00:00Z","Finance","Finance Specialist","Toronto","CA","d17983e9-a667-9543-2987-0897ad2dab90","yael.nakamura@example.com"
"2026-08-01","92006a42-4aed-0138-f6f9-0f762bcfeb28","Emery Xiong","emery.xiong@example.com","emery.xiong@example.com","Member","True","2022-02-18T00:00:00Z","Operations","Operations Specialist","Sydney","AU","f412cb99-db0b-e7c3-7ffb-dcaffa90f123","blair.rasmussen@example.com"
"2026-08-01","694a8c6f-1e8e-3b36-aa5f-e897e616ca66","Noor Bergstrom","noor.bergstrom@example.com","noor.bergstrom@example.com","Member","True","2024-03-14T00:00:00Z","Legal","Legal Specialist","Dublin","IE","eb98825d-a20b-e701-efbc-1d56c88f4770","noor.vasquez@example.com"
"2026-08-01","6ba81891-13ab-1b4d-37cb-a65205592db5","Harper Ueda","harper.ueda@example.com","harper.ueda@example.com","Member","True","2022-11-26T00:00:00Z","Engineering","Engineering Specialist","Dublin","IE","6348e0fb-da40-6590-8ee7-5f6000634176","noor.gallagher@example.com"
"2026-08-01","9657fc14-7711-148f-0585-d9eaa95bf456","Umi Xiong","umi.xiong@example.com","umi.xiong@example.com","Member","True","2022-12-28T00:00:00Z","Sales","Sales Specialist","Dublin","IE","490d2e0b-ac7e-8677-e89b-fb4babcf5c16","quinn.eriksen@example.com"
"2026-08-01","de031ad0-95b9-8d92-e914-46b747114494","Logan Okonkwo","logan.okonkwo@example.com","logan.okonkwo@example.com","Member","True","2023-09-08T00:00:00Z","Marketing","Marketing Specialist","Sydney","AU","9bc6831f-a8f2-ab13-73f4-8f2087c44f60","vale.kowalski@example.com"
"2026-08-01","b2163983-bbf1-a9a8-64d6-d041d988fdfa","Tatum Gallagher","tatum.gallagher@example.com","tatum.gallagher@example.com","Member","True","2025-03-16T00:00:00Z","Finance","Finance Specialist","Dublin","IE","8695fc51-7f57-73c9-c005-5ed5d4b09587","noor.zawadzki@example.com"
"2026-08-01","f02b02e4-223f-98a3-1760-95d28489f797","Finley Delacroix","finley.delacroix@example.com","finley.delacroix@example.com","Member","True","2022-01-21T00:00:00Z","Operations","Operations Specialist","Austin","US","fe2779d4-0c57-fc16-069b-0340152f0b57","quinn.kowalski2@example.com"
"2026-08-01","1228e9ec-0543-bede-1349-9a4934de4f80","Tatum Rasmussen","tatum.rasmussen@example.com","tatum.rasmussen@example.com","Member","True","2025-06-10T00:00:00Z","Legal","Legal Specialist","Dublin","IE","54417c87-f819-5aca-b463-7c013fc02def","jordan.kowalski@example.com"
"2026-08-01","04921018-fd41-50bd-9166-f6a78adf8ffb","Logan Whitfield","logan.whitfield@example.com","logan.whitfield@example.com","Member","True","2022-12-29T00:00:00Z","Engineering","Engineering Specialist","Sydney","AU","8e8e478f-c884-7d82-2153-ca75421c1b52","sage.quintero@example.com"
"2026-08-01","cd84e443-4bc5-a69e-3976-89dede1ee5db","Avery Delacroix","avery.delacroix@example.com","avery.delacroix@example.com","Member","True","2025-08-04T00:00:00Z","Sales","Sales Specialist","Seattle","US","9afd91cf-ec1b-9a3b-1291-bb2b975453c6","sage.moreau@example.com"
"2026-08-01","ad2d8e48-f353-55be-4e54-a7f578388b33","Blair Gallagher","blair.gallagher@example.com","blair.gallagher@example.com","Member","True","2023-10-26T00:00:00Z","Marketing","Marketing Specialist","Sydney","AU","9bc6831f-a8f2-ab13-73f4-8f2087c44f60","vale.kowalski@example.com"
"2026-08-01","1a16165f-17dc-6bc8-fab3-a4b54867f2b5","Marlowe Bergstrom","marlowe.bergstrom@example.com","marlowe.bergstrom@example.com","Member","True","2022-06-23T00:00:00Z","Finance","Finance Specialist","Austin","US","8695fc51-7f57-73c9-c005-5ed5d4b09587","noor.zawadzki@example.com"
"2026-08-01","e557498c-94cf-a666-93b1-5092e4d9e631","Noor Ueda","noor.ueda@example.com","noor.ueda@example.com","Member","True","2024-01-12T00:00:00Z","Operations","Operations Specialist","Seattle","US","f412cb99-db0b-e7c3-7ffb-dcaffa90f123","blair.rasmussen@example.com"
"2026-08-01","9a5a522a-f1af-11ac-46d5-7bb44a6d6916","Logan Ueda","logan.ueda@example.com","logan.ueda@example.com","Member","True","2021-12-22T00:00:00Z","Legal","Legal Specialist","Seattle","US","6eeb9fdf-ba96-d64c-2ec8-f7c9ec3a3d85","oakley.fontaine@example.com"
"2026-08-01","48d822b1-1163-6ed0-80c0-3ea5063da739","Noor Chaudhry","noor.chaudhry@example.com","noor.chaudhry@example.com","Member","True","2022-12-31T00:00:00Z","Engineering","Engineering Specialist","Austin","US","6348e0fb-da40-6590-8ee7-5f6000634176","noor.gallagher@example.com"
"2026-08-01","be5f55e8-9c35-7747-70d0-7245c7888a08","Quinn Silva","quinn.silva@example.com","quinn.silva@example.com","Member","True","2023-01-28T00:00:00Z","Sales","Sales Specialist","Seattle","US","9afd91cf-ec1b-9a3b-1291-bb2b975453c6","sage.moreau@example.com"
"2026-08-01","85903d20-d697-0dad-c52f-2701fb6d605c","Tatum Yilmaz","tatum.yilmaz@example.com","tatum.yilmaz@example.com","Member","True","2025-02-19T00:00:00Z","Marketing","Marketing Specialist","Toronto","CA","2857d35c-f9d2-fce5-4bb9-70953e3c9810","marlowe.gallagher@example.com"
"2026-08-01","b0fe58ca-f84e-7ede-b39e-bfdc8698bdaa","Gray Zawadzki","gray.zawadzki@example.com","gray.zawadzki@example.com","Member","True","2023-03-10T00:00:00Z","Finance","Finance Specialist","Sydney","AU","d17983e9-a667-9543-2987-0897ad2dab90","yael.nakamura@example.com"
"2026-08-01","41b23aef-70a8-5a4a-282e-4560fe6fd3c8","Noor Petrov","noor.petrov@example.com","noor.petrov@example.com","Member","True","2024-10-27T00:00:00Z","Operations","Operations Specialist","Toronto","CA","f412cb99-db0b-e7c3-7ffb-dcaffa90f123","blair.rasmussen@example.com"
"2026-08-01","27592ff8-4a70-637a-afb5-97e9f3b3d78f","Yael Vasquez","yael.vasquez@example.com","yael.vasquez@example.com","Member","True","2023-05-02T00:00:00Z","Legal","Legal Specialist","Austin","US","eb98825d-a20b-e701-efbc-1d56c88f4770","noor.vasquez@example.com"
"2026-08-01","845683ad-5e59-16de-c4f5-6be4a28767c0","Finley Nakamura","finley.nakamura@example.com","finley.nakamura@example.com","Member","True","2022-04-01T00:00:00Z","Engineering","Engineering Specialist","Austin","US","8e8e478f-c884-7d82-2153-ca75421c1b52","sage.quintero@example.com"
"2026-08-01","72aae6f6-5b96-4b6c-9844-2182d858f174","Yael Quintero","yael.quintero@example.com","yael.quintero@example.com","Member","True","2022-05-22T00:00:00Z","Sales","Sales Specialist","Dublin","IE","9afd91cf-ec1b-9a3b-1291-bb2b975453c6","sage.moreau@example.com"
"2026-08-01","ba9f636c-b34a-6c47-4b17-ae1beca9e8c7","Emery Quintero","emery.quintero@example.com","emery.quintero@example.com","Member","True","2024-02-28T00:00:00Z","Marketing","Marketing Specialist","Toronto","CA","2857d35c-f9d2-fce5-4bb9-70953e3c9810","marlowe.gallagher@example.com"
"2026-08-01","807e92f1-e9d3-4a0c-96f3-e70bbdbef292","Tatum Ibarra","tatum.ibarra@example.com","tatum.ibarra@example.com","Member","True","2024-04-03T00:00:00Z","Finance","Finance Specialist","Sydney","AU","9f71f7e6-35b7-6972-bbf6-a078cbe48834","wren.petrov@example.com"
"2026-08-01","80ff0014-0596-2f95-7029-9af5e6cf1fd9","Oakley Vasquez","oakley.vasquez@example.com","oakley.vasquez@example.com","Member","True","2024-05-06T00:00:00Z","Operations","Operations Specialist","Dublin","IE","fe2779d4-0c57-fc16-069b-0340152f0b57","quinn.kowalski2@example.com"
"2026-08-01","58d6fca6-a230-2d5e-b656-80e9bb0ae9f1","Yael Eriksen","yael.eriksen@example.com","yael.eriksen@example.com","Member","True","2024-07-31T00:00:00Z","Legal","Legal Specialist","Austin","US","6eeb9fdf-ba96-d64c-2ec8-f7c9ec3a3d85","oakley.fontaine@example.com"
"2026-08-01","6cd9dc53-f258-ed24-9f18-ac2808c63c17","Casey Yilmaz","casey.yilmaz@example.com","casey.yilmaz@example.com","Member","True","2024-10-21T00:00:00Z","Engineering","Engineering Specialist","Sydney","AU","8e8e478f-c884-7d82-2153-ca75421c1b52","sage.quintero@example.com"
"2026-08-01","1a7867a7-b1a9-dc39-e62e-46e735190dc9","Quinn Zawadzki","quinn.zawadzki@example.com","quinn.zawadzki@example.com","Member","True","2024-05-20T00:00:00Z","Sales","Sales Specialist","Toronto","CA","ed83eb08-7cce-99f3-f4ee-302aee96a84a","vale.takahashi@example.com"
"2026-08-01","9d8e707d-57a9-f5e1-ced1-c7ecaef626eb","Yael Ueda","yael.ueda@example.com","yael.ueda@example.com","Member","True","2025-04-14T00:00:00Z","Marketing","Marketing Specialist","Austin","US","2857d35c-f9d2-fce5-4bb9-70953e3c9810","marlowe.gallagher@example.com"
"2026-08-01","700748b8-c5d2-eff3-b872-f4c0a5117636","Emery Nakamura","emery.nakamura@example.com","emery.nakamura@example.com","Member","True","2024-11-28T00:00:00Z","Finance","Finance Specialist","Seattle","US","9f71f7e6-35b7-6972-bbf6-a078cbe48834","wren.petrov@example.com"
"2026-08-01","140e43cf-5967-3e39-f221-6564a7598534","Avery Chaudhry","avery.chaudhry@example.com","avery.chaudhry@example.com","Member","True","2025-06-24T00:00:00Z","Operations","Operations Specialist","Seattle","US","f412cb99-db0b-e7c3-7ffb-dcaffa90f123","blair.rasmussen@example.com"
"2026-08-01","5b3cf264-06dd-9c46-80ef-12894e70d775","Xan Takahashi","xan.takahashi@example.com","xan.takahashi@example.com","Member","True","2022-10-11T00:00:00Z","Legal","Legal Specialist","Sydney","AU","6eeb9fdf-ba96-d64c-2ec8-f7c9ec3a3d85","oakley.fontaine@example.com"
"2026-08-01","97fcb48c-8f0d-4c18-8c41-cdbb108deddd","Logan Ibarra","logan.ibarra@example.com","logan.ibarra@example.com","Member","True","2025-02-22T00:00:00Z","Engineering","Engineering Specialist","Toronto","CA","8e8e478f-c884-7d82-2153-ca75421c1b52","sage.quintero@example.com"
"2026-08-01","02be9c12-dc0f-3716-8210-fa75145157af","Zephyr Gallagher","zephyr.gallagher@example.com","zephyr.gallagher@example.com","Member","True","2025-07-02T00:00:00Z","Sales","Sales Specialist","Dublin","IE","9afd91cf-ec1b-9a3b-1291-bb2b975453c6","sage.moreau@example.com"
"2026-08-01","3e10faed-5722-c078-82fa-6d87bda867ef","Noor Rasmussen","noor.rasmussen@example.com","noor.rasmussen@example.com","Member","True","2025-08-23T00:00:00Z","Marketing","Marketing Specialist","Sydney","AU","9bc6831f-a8f2-ab13-73f4-8f2087c44f60","vale.kowalski@example.com"
"2026-08-01","7bc9e179-5747-bfa6-353e-e66165e87217","Kai Xiong","kai.xiong@example.com","kai.xiong@example.com","Member","True","2023-09-30T00:00:00Z","Finance","Finance Specialist","Sydney","AU","d17983e9-a667-9543-2987-0897ad2dab90","yael.nakamura@example.com"
"2026-08-01","87b45563-72a2-6bb8-e968-b9fc1d1cd40c","Quinn Silva","quinn.silva2@example.com","quinn.silva2@example.com","Member","True","2022-01-28T00:00:00Z","Operations","Operations Specialist","Sydney","AU","fe2779d4-0c57-fc16-069b-0340152f0b57","quinn.kowalski2@example.com"
"2026-08-01","438bb9b0-0c13-d422-364f-627618d0cd24","Gray Takahashi","gray.takahashi@example.com","gray.takahashi@example.com","Member","True","2025-05-21T00:00:00Z","Legal","Legal Specialist","Austin","US","eb98825d-a20b-e701-efbc-1d56c88f4770","noor.vasquez@example.com"
"2026-08-01","cdd53b9f-ea85-4844-1466-e6f8871607a9","Zephyr Quintero","zephyr.quintero@example.com","zephyr.quintero@example.com","Member","True","2022-01-29T00:00:00Z","Engineering","Engineering Specialist","Sydney","AU","6348e0fb-da40-6590-8ee7-5f6000634176","noor.gallagher@example.com"
"2026-08-01","9a35e34f-4205-4de4-4faf-deeeba222a75","Vale Lindqvist","vale.lindqvist@example.com","vale.lindqvist@example.com","Member","True","2024-09-07T00:00:00Z","Sales","Sales Specialist","Seattle","US","9afd91cf-ec1b-9a3b-1291-bb2b975453c6","sage.moreau@example.com"
"2026-08-01","cfc0d9c8-6a68-02ee-c823-5abccd4385bb","Vale Ueda","vale.ueda2@example.com","vale.ueda2@example.com","Member","True","2024-06-26T00:00:00Z","Marketing","Marketing Specialist","Seattle","US","9bc6831f-a8f2-ab13-73f4-8f2087c44f60","vale.kowalski@example.com"
"2026-08-01","64f8f606-f787-653d-eb91-c50cb24bcd75","Drew Gallagher","drew.gallagher@example.com","drew.gallagher@example.com","Member","True","2022-04-10T00:00:00Z","Finance","Finance Specialist","Seattle","US","d17983e9-a667-9543-2987-0897ad2dab90","yael.nakamura@example.com"
"2026-08-01","2c85e154-2254-7721-9d6f-70a9f57c22d1","Drew Haddad","drew.haddad@example.com","drew.haddad@example.com","Member","True","2021-12-01T00:00:00Z","Operations","Operations Specialist","Dublin","IE","f412cb99-db0b-e7c3-7ffb-dcaffa90f123","blair.rasmussen@example.com"
"2026-08-01","3616892c-4e5d-820a-750f-989f092ded24","Blair Whitfield","blair.whitfield@example.com","blair.whitfield@example.com","Member","True","2024-05-11T00:00:00Z","Legal","Legal Specialist","Austin","US","54417c87-f819-5aca-b463-7c013fc02def","jordan.kowalski@example.com"
"2026-08-01","7cc7c6d6-1c21-3516-28fb-94c61ec06dca","Parker Takahashi","parker.takahashi@example.com","parker.takahashi@example.com","Member","True","2022-06-10T00:00:00Z","Engineering","Engineering Specialist","Seattle","US","236bc049-2408-8b1d-6323-d2dbe97d4d19","parker.chaudhry@example.com"
"2026-08-01","8e019f18-d0d6-c79f-8ffe-60144ce29b66","Jordan Ueda","jordan.ueda@example.com","jordan.ueda@example.com","Member","True","2025-04-10T00:00:00Z","Sales","Sales Specialist","Austin","US","ed83eb08-7cce-99f3-f4ee-302aee96a84a","vale.takahashi@example.com"
"2026-08-01","7959d438-d27a-4981-c022-5923fd094c36","Marlowe Ueda","marlowe.ueda@example.com","marlowe.ueda@example.com","Member","True","2024-04-04T00:00:00Z","Marketing","Marketing Specialist","Seattle","US","9bc6831f-a8f2-ab13-73f4-8f2087c44f60","vale.kowalski@example.com"
"2026-08-01","2aa64e7d-809b-3b7a-2407-0830398dce43","Wren Fontaine","wren.fontaine@example.com","wren.fontaine@example.com","Member","True","2023-09-17T00:00:00Z","Finance","Finance Specialist","Sydney","AU","d17983e9-a667-9543-2987-0897ad2dab90","yael.nakamura@example.com"
"2026-08-01","6c07554f-3da4-4216-9664-a089f4c3c3e9","Marlowe Chaudhry","marlowe.chaudhry@example.com","marlowe.chaudhry@example.com","Member","True","2023-05-23T00:00:00Z","Operations","Operations Specialist","Seattle","US","3a4ef796-9a7e-b1eb-fe97-ee7b5a408165","avery.xiong@example.com"
"2026-08-01","b8244557-2919-70e9-3b09-f13d24a20127","Quinn Fontaine","quinn.fontaine@example.com","quinn.fontaine@example.com","Member","True","2022-12-29T00:00:00Z","Legal","Legal Specialist","Sydney","AU","6eeb9fdf-ba96-d64c-2ec8-f7c9ec3a3d85","oakley.fontaine@example.com"
"2026-08-01","c0a53769-7f66-753c-c9e4-1415a91aac0a","Xan Kowalski","xan.kowalski@example.com","xan.kowalski@example.com","Member","True","2023-06-19T00:00:00Z","Engineering","Engineering Specialist","Seattle","US","6348e0fb-da40-6590-8ee7-5f6000634176","noor.gallagher@example.com"
"2026-08-01","8c07a653-6272-5264-c29c-a2f4aa80901f","Drew Okonkwo","drew.okonkwo@example.com","drew.okonkwo@example.com","Member","True","2024-07-14T00:00:00Z","Sales","Sales Specialist","Dublin","IE","9afd91cf-ec1b-9a3b-1291-bb2b975453c6","sage.moreau@example.com"
"2026-08-01","56a673ed-dbf4-0a94-f5f6-f7f7e7090ac3","Zephyr Gallagher","zephyr.gallagher2@example.com","zephyr.gallagher2@example.com","Member","True","2022-10-22T00:00:00Z","Marketing","Marketing Specialist","Austin","US","9bc6831f-a8f2-ab13-73f4-8f2087c44f60","vale.kowalski@example.com"
"2026-08-01","2db3ea1a-2042-296b-8a8c-69ccfcb88ee0","Kai Eriksen","kai.eriksen@example.com","kai.eriksen@example.com","Member","True","2025-06-29T00:00:00Z","Finance","Finance Specialist","Dublin","IE","8695fc51-7f57-73c9-c005-5ed5d4b09587","noor.zawadzki@example.com"
"2026-08-01","cb5c59ce-aba5-a00d-75cc-f087154e7f03","Wren Jovanovic","wren.jovanovic@example.com","wren.jovanovic@example.com","Member","True","2023-04-21T00:00:00Z","Operations","Operations Specialist","Austin","US","fe2779d4-0c57-fc16-069b-0340152f0b57","quinn.kowalski2@example.com"
"2026-08-01","68806b6f-2a8c-2ffa-7b29-c37d80b635c0","Tatum Ueda","tatum.ueda@example.com","tatum.ueda@example.com","Member","True","2024-09-23T00:00:00Z","Legal","Legal Specialist","Dublin","IE","54417c87-f819-5aca-b463-7c013fc02def","jordan.kowalski@example.com"
"2026-08-01","bdb3cb12-e19c-aeb6-388b-1f879ec32762","Finley Moreau","finley.moreau@example.com","finley.moreau@example.com","Member","True","2023-09-21T00:00:00Z","Engineering","Engineering Specialist","Seattle","US","236bc049-2408-8b1d-6323-d2dbe97d4d19","parker.chaudhry@example.com"
"2026-08-01","4c24deb0-7209-5e07-19be-75d9f07cc1a4","Emery Whitfield","emery.whitfield@example.com","emery.whitfield@example.com","Member","True","2025-01-20T00:00:00Z","Sales","Sales Specialist","Toronto","CA","ed83eb08-7cce-99f3-f4ee-302aee96a84a","vale.takahashi@example.com"
"2026-08-01","f0f64c73-3b0a-bcdf-8fd2-e799a80de634","Wren Rasmussen","wren.rasmussen@example.com","wren.rasmussen@example.com","Member","True","2023-03-29T00:00:00Z","Marketing","Marketing Specialist","Seattle","US","90f63fda-a191-c217-7214-3aaf159a4db8","vale.vasquez@example.com"
"2026-08-01","7a9458da-4615-2197-0282-aa1628930763","Finley Haddad","finley.haddad@example.com","finley.haddad@example.com","Member","True","2022-01-11T00:00:00Z","Finance","Finance Specialist","Sydney","AU","9f71f7e6-35b7-6972-bbf6-a078cbe48834","wren.petrov@example.com"
"2026-08-01","46cf4b92-dcd6-e231-958d-fd510ea0d01b","Jordan Whitfield","jordan.whitfield@example.com","jordan.whitfield@example.com","Member","True","2022-06-04T00:00:00Z","Operations","Operations Specialist","Austin","US","f412cb99-db0b-e7c3-7ffb-dcaffa90f123","blair.rasmussen@example.com"
"2026-08-01","0cbabea4-d027-1470-0683-4c7225e6988e","Wren Whitfield","wren.whitfield@example.com","wren.whitfield@example.com","Member","True","2022-11-11T00:00:00Z","Legal","Legal Specialist","Seattle","US","eb98825d-a20b-e701-efbc-1d56c88f4770","noor.vasquez@example.com"
"2026-08-01","748bb415-5985-8708-c2eb-ab6c597d28d3","Vale Lindqvist","vale.lindqvist2@example.com","vale.lindqvist2@example.com","Member","True","2022-11-17T00:00:00Z","Engineering","Engineering Specialist","Sydney","AU","8e8e478f-c884-7d82-2153-ca75421c1b52","sage.quintero@example.com"
"2026-08-01","12db1c6c-8b41-272b-0842-926ad8a2aef0","Sage Yilmaz","sage.yilmaz@example.com","sage.yilmaz@example.com","Member","True","2022-10-04T00:00:00Z","Sales","Sales Specialist","Austin","US","9afd91cf-ec1b-9a3b-1291-bb2b975453c6","sage.moreau@example.com"
"2026-08-01","1b51e8c8-e0d7-a718-bec4-fcc62e9dccf8","Indigo Jovanovic","indigo.jovanovic@example.com","indigo.jovanovic@example.com","Member","True","2022-12-26T00:00:00Z","Marketing","Marketing Specialist","Dublin","IE","9bc6831f-a8f2-ab13-73f4-8f2087c44f60","vale.kowalski@example.com"
"2026-08-01","807fe02d-4158-b793-ce37-a04c3b503d83","Zephyr Rasmussen","zephyr.rasmussen@example.com","zephyr.rasmussen@example.com","Member","True","2025-04-05T00:00:00Z","Finance","Finance Specialist","Toronto","CA","8695fc51-7f57-73c9-c005-5ed5d4b09587","noor.zawadzki@example.com"
"2026-08-01","43698472-cc46-3b3b-d5b6-17b9118da0e8","Parker Kowalski","parker.kowalski@example.com","parker.kowalski@example.com","Member","True","2023-06-03T00:00:00Z","Operations","Operations Specialist","Toronto","CA","f412cb99-db0b-e7c3-7ffb-dcaffa90f123","blair.rasmussen@example.com"
"2026-08-01","86d8614c-b023-de8a-5f49-2d183dd287a9","Gray Moreau","gray.moreau@example.com","gray.moreau@example.com","Member","True","2024-02-19T00:00:00Z","Legal","Legal Specialist","Dublin","IE","54417c87-f819-5aca-b463-7c013fc02def","jordan.kowalski@example.com"
"2026-08-01","18e25806-e720-ad3a-af55-19f9fea51411","Xan Delacroix","xan.delacroix@example.com","xan.delacroix@example.com","Member","True","2024-02-20T00:00:00Z","Engineering","Engineering Specialist","Sydney","AU","6348e0fb-da40-6590-8ee7-5f6000634176","noor.gallagher@example.com"
"2026-08-01","8bdb5c42-ff89-3e7c-06f6-702d97368ef4","Jordan Quintero","jordan.quintero@example.com","jordan.quintero@example.com","Member","True","2025-03-27T00:00:00Z","Sales","Sales Specialist","Seattle","US","9afd91cf-ec1b-9a3b-1291-bb2b975453c6","sage.moreau@example.com"
"2026-08-01","0a2edc75-3330-971a-be75-fe951ca449a9","Marlowe Kowalski","marlowe.kowalski@example.com","marlowe.kowalski@example.com","Member","True","2021-12-02T00:00:00Z","Marketing","Marketing Specialist","Toronto","CA","9bc6831f-a8f2-ab13-73f4-8f2087c44f60","vale.kowalski@example.com"
"2026-08-01","b9a7fc6a-ebe4-c762-171f-92ea7be22065","Sage Vasquez","sage.vasquez@example.com","sage.vasquez@example.com","Member","True","2024-06-11T00:00:00Z","Finance","Finance Specialist","Toronto","CA","d17983e9-a667-9543-2987-0897ad2dab90","yael.nakamura@example.com"
"2026-08-01","907fe4e5-dbf8-f211-ece4-77283145d179","Drew Chaudhry","drew.chaudhry@example.com","drew.chaudhry@example.com","Member","True","2022-12-02T00:00:00Z","Operations","Operations Specialist","Seattle","US","3a4ef796-9a7e-b1eb-fe97-ee7b5a408165","avery.xiong@example.com"
"2026-08-01","9f8052d0-13e3-3919-83e4-7babfb383b86","Gray Ueda","gray.ueda@example.com","gray.ueda@example.com","Member","True","2024-02-12T00:00:00Z","Legal","Legal Specialist","Toronto","CA","eb98825d-a20b-e701-efbc-1d56c88f4770","noor.vasquez@example.com"
"2026-08-01","32db6fda-69a8-36b9-11a7-2fb9ab168593","Marlowe Quintero","marlowe.quintero@example.com","marlowe.quintero@example.com","Member","True","2024-09-06T00:00:00Z","Engineering","Engineering Specialist","Sydney","AU","8e8e478f-c884-7d82-2153-ca75421c1b52","sage.quintero@example.com"
"2026-08-01","076fd8c2-cb69-f82c-0a4b-fc1fb41c6a60","Parker Bergstrom","parker.bergstrom@example.com","parker.bergstrom@example.com","Member","True","2024-12-04T00:00:00Z","Sales","Sales Specialist","Austin","US","ed83eb08-7cce-99f3-f4ee-302aee96a84a","vale.takahashi@example.com"
"2026-08-01","db28e259-c2b5-e500-b3a8-219b69db4602","Zephyr Lindqvist","zephyr.lindqvist@example.com","zephyr.lindqvist@example.com","Member","True","2025-02-19T00:00:00Z","Marketing","Marketing Specialist","Seattle","US","9bc6831f-a8f2-ab13-73f4-8f2087c44f60","vale.kowalski@example.com"
"2026-08-01","c52bc03c-10aa-8e04-ac25-1b16ea338bdf","Marlowe Bergstrom","marlowe.bergstrom2@example.com","marlowe.bergstrom2@example.com","Member","True","2025-10-18T00:00:00Z","Finance","Finance Specialist","Austin","US","9f71f7e6-35b7-6972-bbf6-a078cbe48834","wren.petrov@example.com"
"2026-08-01","624547ca-6029-d9b5-d668-60a384193d99","Wren Bergstrom","wren.bergstrom@example.com","wren.bergstrom@example.com","Member","True","2025-11-23T00:00:00Z","Operations","Operations Specialist","Sydney","AU","f412cb99-db0b-e7c3-7ffb-dcaffa90f123","blair.rasmussen@example.com"
"2026-08-01","8d3972bd-0b8c-36b1-5066-526c812212f5","Harper Whitfield","harper.whitfield@example.com","harper.whitfield@example.com","Member","True","2024-02-03T00:00:00Z","Legal","Legal Specialist","Dublin","IE","54417c87-f819-5aca-b463-7c013fc02def","jordan.kowalski@example.com"
"2026-08-01","43b72b5a-78c4-d191-f5f1-284d62ace958","Indigo Gallagher","indigo.gallagher@example.com","indigo.gallagher@example.com","Member","True","2023-12-16T00:00:00Z","Engineering","Engineering Specialist","Seattle","US","8e8e478f-c884-7d82-2153-ca75421c1b52","sage.quintero@example.com"
"2026-08-01","6f897faf-f416-6222-0648-1fedc6e64b92","Yael Kowalski","yael.kowalski@example.com","yael.kowalski@example.com","Member","True","2025-07-26T00:00:00Z","Sales","Sales Specialist","Sydney","AU","ed83eb08-7cce-99f3-f4ee-302aee96a84a","vale.takahashi@example.com"
"2026-08-01","5e40e07a-043d-d409-39b9-e6c2f27e9ada","Jordan Kowalski","jordan.kowalski2@example.com","jordan.kowalski2@example.com","Member","True","2024-11-17T00:00:00Z","Marketing","Marketing Specialist","Sydney","AU","2857d35c-f9d2-fce5-4bb9-70953e3c9810","marlowe.gallagher@example.com"
"2026-08-01","adca2e55-3bd2-7c87-6156-9e19eec2a3ce","Blair Ueda","blair.ueda@example.com","blair.ueda@example.com","Member","True","2022-11-10T00:00:00Z","Finance","Finance Specialist","Dublin","IE","d17983e9-a667-9543-2987-0897ad2dab90","yael.nakamura@example.com"
"2026-08-01","4c294dea-5c61-47fa-4b70-f072c7f8be4b","Oakley Bergstrom","oakley.bergstrom@example.com","oakley.bergstrom@example.com","Member","True","2024-12-04T00:00:00Z","Operations","Operations Specialist","Toronto","CA","3a4ef796-9a7e-b1eb-fe97-ee7b5a408165","avery.xiong@example.com"
"2026-08-01","e2738d7c-cd1b-30d3-dacc-9c77151ce508","Vale Yilmaz","vale.yilmaz@example.com","vale.yilmaz@example.com","Member","True","2022-02-26T00:00:00Z","Legal","Legal Specialist","Sydney","AU","54417c87-f819-5aca-b463-7c013fc02def","jordan.kowalski@example.com"
"2026-08-01","f0304040-2c66-f551-0457-b8ab9e2f945d","Tatum Jovanovic","tatum.jovanovic@example.com","tatum.jovanovic@example.com","Member","True","2022-06-13T00:00:00Z","Engineering","Engineering Specialist","Sydney","AU","8e8e478f-c884-7d82-2153-ca75421c1b52","sage.quintero@example.com"
"2026-08-01","7f6dca88-78d4-ab5c-13b5-46984615c23c","Xan Nakamura","xan.nakamura@example.com","xan.nakamura@example.com","Member","True","2022-08-07T00:00:00Z","Sales","Sales Specialist","Sydney","AU","490d2e0b-ac7e-8677-e89b-fb4babcf5c16","quinn.eriksen@example.com"
"2026-08-01","822cde7b-f014-e6d9-8788-2ebe4cb8ed75","Quinn Quintero","quinn.quintero@example.com","quinn.quintero@example.com","Member","True","2022-01-02T00:00:00Z","Marketing","Marketing Specialist","Dublin","IE","9bc6831f-a8f2-ab13-73f4-8f2087c44f60","vale.kowalski@example.com"
"2026-08-01","4ee2a6d0-1f11-8865-6c58-0057ca4217aa","Drew Takahashi","drew.takahashi@example.com","drew.takahashi@example.com","Member","True","2024-04-19T00:00:00Z","Finance","Finance Specialist","Dublin","IE","d17983e9-a667-9543-2987-0897ad2dab90","yael.nakamura@example.com"
"2026-08-01","8a24759f-8887-8d4c-284c-69ab658f1ed5","Indigo Takahashi","indigo.takahashi@example.com","indigo.takahashi@example.com","Member","True","2022-03-17T00:00:00Z","Operations","Operations Specialist","Sydney","AU","3a4ef796-9a7e-b1eb-fe97-ee7b5a408165","avery.xiong@example.com"
"2026-08-01","2e7a508a-d787-09f3-a043-d7e846384d5b","Indigo Lindqvist","indigo.lindqvist@example.com","indigo.lindqvist@example.com","Member","True","2022-05-20T00:00:00Z","Legal","Legal Specialist","Sydney","AU","eb98825d-a20b-e701-efbc-1d56c88f4770","noor.vasquez@example.com"
"2026-08-01","1f60d7d3-55ee-3bf1-2442-aec17875594f","Logan Kowalski","logan.kowalski@example.com","logan.kowalski@example.com","Member","True","2024-10-29T00:00:00Z","Engineering","Engineering Specialist","Dublin","IE","6348e0fb-da40-6590-8ee7-5f6000634176","noor.gallagher@example.com"
"2026-08-01","e5ed4294-8175-2d65-41c2-53a415e821b3","Harper Okonkwo","harper.okonkwo@example.com","harper.okonkwo@example.com","Member","True","2024-04-25T00:00:00Z","Sales","Sales Specialist","Sydney","AU","ed83eb08-7cce-99f3-f4ee-302aee96a84a","vale.takahashi@example.com"
"2026-08-01","5ee4b8e5-1694-d06f-dffe-5f8c5317f390","Drew Lindqvist","drew.lindqvist@example.com","drew.lindqvist@example.com","Member","True","2025-10-07T00:00:00Z","Marketing","Marketing Specialist","Austin","US","90f63fda-a191-c217-7214-3aaf159a4db8","vale.vasquez@example.com"
"2026-08-01","61f9c4ef-09ee-8fab-54a5-5ea1b4d1cadc","Logan Quintero","logan.quintero@example.com","logan.quintero@example.com","Member","True","2023-10-05T00:00:00Z","Finance","Finance Specialist","Dublin","IE","d17983e9-a667-9543-2987-0897ad2dab90","yael.nakamura@example.com"
"2026-08-01","424d9411-c762-fe50-f591-c975afd24221","Yael Takahashi","yael.takahashi@example.com","yael.takahashi@example.com","Member","True","2022-09-06T00:00:00Z","Operations","Operations Specialist","Sydney","AU","fe2779d4-0c57-fc16-069b-0340152f0b57","quinn.kowalski2@example.com"
"2026-08-01","397cdf6b-be9f-82d7-4d17-315b294b5c5a","Logan Ibarra","logan.ibarra2@example.com","logan.ibarra2@example.com","Member","True","2023-12-12T00:00:00Z","Legal","Legal Specialist","Sydney","AU","eb98825d-a20b-e701-efbc-1d56c88f4770","noor.vasquez@example.com"
"2026-08-01","c39aacb9-e8dc-e1f1-8ea8-1ddc1ec5f331","Finley Abara","finley.abara@example.com","finley.abara@example.com","Member","True","2022-08-02T00:00:00Z","Engineering","Engineering Specialist","Toronto","CA","6348e0fb-da40-6590-8ee7-5f6000634176","noor.gallagher@example.com"
"2026-08-01","deb1cdef-6e5f-634c-76e7-ab078349d1be","Blair Rasmussen","blair.rasmussen2@example.com","blair.rasmussen2@example.com","Member","True","2025-06-25T00:00:00Z","Sales","Sales Specialist","Seattle","US","9afd91cf-ec1b-9a3b-1291-bb2b975453c6","sage.moreau@example.com"
"2026-08-01","a5f4f5cd-55f9-633c-572a-4162145a37eb","Tatum Zawadzki","tatum.zawadzki@example.com","tatum.zawadzki@example.com","Member","True","2023-04-12T00:00:00Z","Marketing","Marketing Specialist","Seattle","US","2857d35c-f9d2-fce5-4bb9-70953e3c9810","marlowe.gallagher@example.com"
"2026-08-01","a66b8d9c-15fc-d558-f435-ec60b7ebd7f9","Noor Abara","noor.abara@example.com","noor.abara@example.com","Member","True","2023-02-06T00:00:00Z","Finance","Finance Specialist","Dublin","IE","d17983e9-a667-9543-2987-0897ad2dab90","yael.nakamura@example.com"
"2026-08-01","4c0be831-48a5-28f3-12e6-c28854ee1a3f","Tatum Lindqvist","tatum.lindqvist@example.com","tatum.lindqvist@example.com","Member","True","2022-08-06T00:00:00Z","Operations","Operations Specialist","Dublin","IE","fe2779d4-0c57-fc16-069b-0340152f0b57","quinn.kowalski2@example.com"
"2026-08-01","226f67fd-e13e-28ab-833d-11efd85a3cb4","Quinn Kowalski","quinn.kowalski3@example.com","quinn.kowalski3@example.com","Member","True","2022-01-30T00:00:00Z","Legal","Legal Specialist","Toronto","CA","eb98825d-a20b-e701-efbc-1d56c88f4770","noor.vasquez@example.com"
"2026-08-01","0dc23022-6372-c80b-d197-6e8c63000cca","Reese Quintero","reese.quintero@example.com","reese.quintero@example.com","Member","True","2023-04-30T00:00:00Z","Engineering","Engineering Specialist","Sydney","AU","8e8e478f-c884-7d82-2153-ca75421c1b52","sage.quintero@example.com"
"2026-08-01","d5a4ca9d-d2d4-fab0-b166-bd6c4cf4c0cc","Blair Gallagher","blair.gallagher2@example.com","blair.gallagher2@example.com","Member","True","2022-12-24T00:00:00Z","Sales","Sales Specialist","Seattle","US","490d2e0b-ac7e-8677-e89b-fb4babcf5c16","quinn.eriksen@example.com"
"2026-08-01","ec57e2d6-85ce-d78c-4e72-3b98103c1658","Blair Okonkwo","blair.okonkwo@example.com","blair.okonkwo@example.com","Member","True","2024-08-13T00:00:00Z","Marketing","Marketing Specialist","Seattle","US","90f63fda-a191-c217-7214-3aaf159a4db8","vale.vasquez@example.com"
"2026-08-01","6a1611b3-02da-6e3f-3f3f-25163834edba","Quinn Yilmaz","quinn.yilmaz@example.com","quinn.yilmaz@example.com","Member","True","2025-06-10T00:00:00Z","Finance","Finance Specialist","Austin","US","d17983e9-a667-9543-2987-0897ad2dab90","yael.nakamura@example.com"
"2026-08-01","3facd946-242a-105b-dd67-41b7291126c5","Sage Rasmussen","sage.rasmussen@example.com","sage.rasmussen@example.com","Member","True","2025-03-11T00:00:00Z","Operations","Operations Specialist","Austin","US","3a4ef796-9a7e-b1eb-fe97-ee7b5a408165","avery.xiong@example.com"
"2026-08-01","0e971d46-244c-dc60-4f5b-e6d2e6e958da","Harper Rasmussen","harper.rasmussen@example.com","harper.rasmussen@example.com","Member","True","2022-04-15T00:00:00Z","Legal","Legal Specialist","Dublin","IE","eb98825d-a20b-e701-efbc-1d56c88f4770","noor.vasquez@example.com"
"2026-08-01","d8912ea7-6efd-27ed-0d27-ee84a73b0828","Kai Takahashi","kai.takahashi@example.com","kai.takahashi@example.com","Member","True","2022-05-30T00:00:00Z","Engineering","Engineering Specialist","Sydney","AU","236bc049-2408-8b1d-6323-d2dbe97d4d19","parker.chaudhry@example.com"
"2026-08-01","81c17fc4-6f81-3fd0-b84c-60f4ad5b2417","Oakley Jovanovic","oakley.jovanovic@example.com","oakley.jovanovic@example.com","Member","True","2023-05-28T00:00:00Z","Sales","Sales Specialist","Sydney","AU","9afd91cf-ec1b-9a3b-1291-bb2b975453c6","sage.moreau@example.com"
"2026-08-01","27cf3937-616d-ab2b-e030-98c7e539f127","Harper Vasquez","harper.vasquez@example.com","harper.vasquez@example.com","Member","True","2024-02-27T00:00:00Z","Marketing","Marketing Specialist","Dublin","IE","2857d35c-f9d2-fce5-4bb9-70953e3c9810","marlowe.gallagher@example.com"
"2026-08-01","c06eae9e-f9c7-4bd7-16f0-9c828c13ce8a","Casey Whitfield","casey.whitfield@example.com","casey.whitfield@example.com","Member","True","2024-10-21T00:00:00Z","Finance","Finance Specialist","Toronto","CA","9f71f7e6-35b7-6972-bbf6-a078cbe48834","wren.petrov@example.com"
"2026-08-01","885e2443-99b4-730f-69fc-aa7d68824089","Blair Jovanovic","blair.jovanovic@example.com","blair.jovanovic@example.com","Member","True","2024-10-31T00:00:00Z","Operations","Operations Specialist","Austin","US","3a4ef796-9a7e-b1eb-fe97-ee7b5a408165","avery.xiong@example.com"
"2026-08-01","ef95e08a-1594-d13a-6b66-77d3fa374b7a","Reese Vasquez","reese.vasquez@example.com","reese.vasquez@example.com","Member","True","2023-10-02T00:00:00Z","Legal","Legal Specialist","Sydney","AU","6eeb9fdf-ba96-d64c-2ec8-f7c9ec3a3d85","oakley.fontaine@example.com"
"2026-08-01","19e163e9-1e46-0a1a-d345-c0a13aa09463","Parker Zawadzki","parker.zawadzki@example.com","parker.zawadzki@example.com","Member","True","2022-05-08T00:00:00Z","Engineering","Engineering Specialist","Seattle","US","236bc049-2408-8b1d-6323-d2dbe97d4d19","parker.chaudhry@example.com"
"2026-08-01","02083e5e-d685-3082-36c5-39e302318a27","Marlowe Gallagher","marlowe.gallagher2@example.com","marlowe.gallagher2@example.com","Member","True","2023-01-31T00:00:00Z","Sales","Sales Specialist","Sydney","AU","9afd91cf-ec1b-9a3b-1291-bb2b975453c6","sage.moreau@example.com"
"2026-08-01","26fd30fb-d5a6-5a99-a3e7-ebe1f26dcfab","Oakley Kowalski","oakley.kowalski@example.com","oakley.kowalski@example.com","Member","True","2022-06-03T00:00:00Z","Marketing","Marketing Specialist","Dublin","IE","2857d35c-f9d2-fce5-4bb9-70953e3c9810","marlowe.gallagher@example.com"
"2026-08-01","0dd3e99b-dc0b-089e-166d-6413c57ea32e","Noor Haddad","noor.haddad@example.com","noor.haddad@example.com","Member","True","2024-10-16T00:00:00Z","Finance","Finance Specialist","Toronto","CA","d17983e9-a667-9543-2987-0897ad2dab90","yael.nakamura@example.com"
"2026-08-01","4f8d283d-58da-95f1-62de-cc20e739d912","Noor Silva","noor.silva@example.com","noor.silva@example.com","Member","True","2024-06-19T00:00:00Z","Operations","Operations Specialist","Toronto","CA","f412cb99-db0b-e7c3-7ffb-dcaffa90f123","blair.rasmussen@example.com"
"2026-08-01","35449036-d783-731b-c9a0-697881e43173","Oakley Vasquez","oakley.vasquez2@example.com","oakley.vasquez2@example.com","Member","True","2023-06-03T00:00:00Z","Legal","Legal Specialist","Austin","US","6eeb9fdf-ba96-d64c-2ec8-f7c9ec3a3d85","oakley.fontaine@example.com"
"2026-08-01","37a609eb-44a1-8b2c-a591-d251c79378ad","Reese Chaudhry","reese.chaudhry@example.com","reese.chaudhry@example.com","Member","True","2024-11-11T00:00:00Z","Engineering","Engineering Specialist","Dublin","IE","6348e0fb-da40-6590-8ee7-5f6000634176","noor.gallagher@example.com"
"2026-08-01","c1cb7d3c-5374-029e-0766-b6d7bc68dd2d","Casey Takahashi","casey.takahashi@example.com","casey.takahashi@example.com","Member","True","2024-07-23T00:00:00Z","Sales","Sales Specialist","Toronto","CA","9afd91cf-ec1b-9a3b-1291-bb2b975453c6","sage.moreau@example.com"
"2026-08-01","38ce90ab-18ce-eeb0-6b84-8f03b830756d","Umi Petrov","umi.petrov@example.com","umi.petrov@example.com","Member","True","2023-07-28T00:00:00Z","Marketing","Marketing Specialist","Sydney","AU","90f63fda-a191-c217-7214-3aaf159a4db8","vale.vasquez@example.com"
"2026-08-01","3f8329a6-fada-5f95-b54b-c2d7c38c56ac","Drew Jovanovic","drew.jovanovic@example.com","drew.jovanovic@example.com","Member","True","2023-08-06T00:00:00Z","Finance","Finance Specialist","Seattle","US","d17983e9-a667-9543-2987-0897ad2dab90","yael.nakamura@example.com"
"2026-08-01","8396b0a3-b2d7-8c1e-f26f-ef054a479882","Drew Jovanovic","drew.jovanovic2@example.com","drew.jovanovic2@example.com","Member","True","2025-05-16T00:00:00Z","Operations","Operations Specialist","Toronto","CA","3a4ef796-9a7e-b1eb-fe97-ee7b5a408165","avery.xiong@example.com"
"2026-08-01","20385182-b7c1-2c40-d9c9-beaaf265a9f6","Finley Zawadzki","finley.zawadzki@example.com","finley.zawadzki@example.com","Member","True","2024-08-09T00:00:00Z","Legal","Legal Specialist","Austin","US","54417c87-f819-5aca-b463-7c013fc02def","jordan.kowalski@example.com"
"2026-08-01","466c09db-bd5b-7c8d-f4d4-9f20351ed951","Harper Bergstrom","harper.bergstrom@example.com","harper.bergstrom@example.com","Member","True","2023-08-27T00:00:00Z","Engineering","Engineering Specialist","Toronto","CA","6348e0fb-da40-6590-8ee7-5f6000634176","noor.gallagher@example.com"
"2026-08-01","29b2f272-45b1-e412-9da2-f00c2736f879","Parker Fontaine","parker.fontaine@example.com","parker.fontaine@example.com","Member","True","2025-03-01T00:00:00Z","Sales","Sales Specialist","Austin","US","ed83eb08-7cce-99f3-f4ee-302aee96a84a","vale.takahashi@example.com"
"2026-08-01","0537c32a-9d2a-d475-8b58-7e1b3f48b4e8","Indigo Yilmaz","indigo.yilmaz@example.com","indigo.yilmaz@example.com","Member","True","2023-09-28T00:00:00Z","Marketing","Marketing Specialist","Austin","US","90f63fda-a191-c217-7214-3aaf159a4db8","vale.vasquez@example.com"
"2026-08-01","51dea8ab-92e4-fef9-2560-6c85b1bcf4af","Parker Okonkwo","parker.okonkwo@example.com","parker.okonkwo@example.com","Member","True","2022-04-29T00:00:00Z","Finance","Finance Specialist","Sydney","AU","9f71f7e6-35b7-6972-bbf6-a078cbe48834","wren.petrov@example.com"
"2026-08-01","45593dd0-d424-decd-810f-23a25dae5982","Kai Rasmussen","kai.rasmussen@example.com","kai.rasmussen@example.com","Member","True","2023-12-07T00:00:00Z","Operations","Operations Specialist","Toronto","CA","f412cb99-db0b-e7c3-7ffb-dcaffa90f123","blair.rasmussen@example.com"
"2026-08-01","2baf76a4-f9eb-826a-5405-2ea94280456d","Indigo Fontaine","indigo.fontaine@example.com","indigo.fontaine@example.com","Member","True","2021-12-23T00:00:00Z","Legal","Legal Specialist","Toronto","CA","54417c87-f819-5aca-b463-7c013fc02def","jordan.kowalski@example.com"
"2026-08-01","157d1ac4-c93c-0227-6372-c9d48c676f59","Avery Kowalski","avery.kowalski@example.com","avery.kowalski@example.com","Member","True","2024-02-20T00:00:00Z","Engineering","Engineering Specialist","Dublin","IE","8e8e478f-c884-7d82-2153-ca75421c1b52","sage.quintero@example.com"
"2026-08-01","7b8a4b6a-7ae1-dc5f-69eb-334cb811d389","Reese Whitfield","reese.whitfield@example.com","reese.whitfield@example.com","Member","True","2025-01-18T00:00:00Z","Sales","Sales Specialist","Sydney","AU","9afd91cf-ec1b-9a3b-1291-bb2b975453c6","sage.moreau@example.com"
"2026-08-01","e11e67d1-593c-da1c-11ec-de213f02a479","Logan Okonkwo","logan.okonkwo2@example.com","logan.okonkwo2@example.com","Member","True","2023-08-03T00:00:00Z","Marketing","Marketing Specialist","Toronto","CA","90f63fda-a191-c217-7214-3aaf159a4db8","vale.vasquez@example.com"
"2026-08-01","77994a6a-7d3e-7a1b-94e5-60f53f385803","Indigo Ibarra","indigo.ibarra@example.com","indigo.ibarra@example.com","Member","True","2022-07-28T00:00:00Z","Finance","Finance Specialist","Sydney","AU","d17983e9-a667-9543-2987-0897ad2dab90","yael.nakamura@example.com"
"2026-08-01","7dcb845d-120c-b60d-6c5a-f9f7652bb787","Indigo Takahashi","indigo.takahashi2@example.com","indigo.takahashi2@example.com","Member","True","2022-03-25T00:00:00Z","Operations","Operations Specialist","Seattle","US","fe2779d4-0c57-fc16-069b-0340152f0b57","quinn.kowalski2@example.com"
"2026-08-01","2c46a23d-e98b-06e2-a9a1-4ce8c1ac65e5","Xan Haddad","xan.haddad@example.com","xan.haddad@example.com","Member","True","2025-03-26T00:00:00Z","Legal","Legal Specialist","Seattle","US","eb98825d-a20b-e701-efbc-1d56c88f4770","noor.vasquez@example.com"
"2026-08-01","3a0d656f-68ec-138f-80d1-358505804aba","Kai Yilmaz","kai.yilmaz@example.com","kai.yilmaz@example.com","Member","True","2023-06-26T00:00:00Z","Engineering","Engineering Specialist","Dublin","IE","8e8e478f-c884-7d82-2153-ca75421c1b52","sage.quintero@example.com"
"2026-08-01","ca0c062f-100d-b836-c5d1-08b13b764fd8","Avery Lindqvist","avery.lindqvist@example.com","avery.lindqvist@example.com","Member","True","2022-09-16T00:00:00Z","Sales","Sales Specialist","Sydney","AU","9afd91cf-ec1b-9a3b-1291-bb2b975453c6","sage.moreau@example.com"
"2026-08-01","d786ce5a-c66c-41e3-62ab-a6e02a48fc69","Oakley Abara","oakley.abara@example.com","oakley.abara@example.com","Member","True","2023-08-27T00:00:00Z","Marketing","Marketing Specialist","Seattle","US","9bc6831f-a8f2-ab13-73f4-8f2087c44f60","vale.kowalski@example.com"
"2026-08-01","ae4dd732-83c9-8e49-3171-25335ecec861","Umi Petrov","umi.petrov2@example.com","umi.petrov2@example.com","Member","True","2024-10-11T00:00:00Z","Finance","Finance Specialist","Austin","US","d17983e9-a667-9543-2987-0897ad2dab90","yael.nakamura@example.com"
"2026-08-01","1a56f52d-282b-f386-7ae6-7f52de64f082","Tatum Delacroix","tatum.delacroix@example.com","tatum.delacroix@example.com","Member","True","2025-07-14T00:00:00Z","Operations","Operations Specialist","Toronto","CA","f412cb99-db0b-e7c3-7ffb-dcaffa90f123","blair.rasmussen@example.com"
"2026-08-01","f00f547c-7385-5c81-7f9b-e923e4e4ad3c","Drew Quintero","drew.quintero@example.com","drew.quintero@example.com","Member","True","2023-09-07T00:00:00Z","Legal","Legal Specialist","Seattle","US","6eeb9fdf-ba96-d64c-2ec8-f7c9ec3a3d85","oakley.fontaine@example.com"
"2026-08-01","4b1356fd-d3f1-fa54-dd45-e0a92675cbd8","Yael Yilmaz","yael.yilmaz@example.com","yael.yilmaz@example.com","Member","True","2024-01-21T00:00:00Z","Engineering","Engineering Specialist","Austin","US","6348e0fb-da40-6590-8ee7-5f6000634176","noor.gallagher@example.com"
"2026-08-01","df742aa6-5cfc-fa6d-b7b3-024e536dec26","Casey Lindqvist","casey.lindqvist@example.com","casey.lindqvist@example.com","Member","True","2025-09-16T00:00:00Z","Sales","Sales Specialist","Seattle","US","490d2e0b-ac7e-8677-e89b-fb4babcf5c16","quinn.eriksen@example.com"
"2026-08-01","397e861f-3fbb-6ffd-19d4-571a9dccfad3","Sage Vasquez","sage.vasquez2@example.com","sage.vasquez2@example.com","Member","True","2024-03-13T00:00:00Z","Marketing","Marketing Specialist","Dublin","IE","2857d35c-f9d2-fce5-4bb9-70953e3c9810","marlowe.gallagher@example.com"
"2026-08-01","29435a66-9143-b856-89a5-972067e49720","Vale Eriksen","vale.eriksen@example.com","vale.eriksen@example.com","Member","True","2025-03-16T00:00:00Z","Finance","Finance Specialist","Dublin","IE","8695fc51-7f57-73c9-c005-5ed5d4b09587","noor.zawadzki@example.com"
"2026-08-01","e2e0fd5e-e75c-86b0-7219-440c76694ac5","Harper Yilmaz","harper.yilmaz@example.com","harper.yilmaz@example.com","Member","True","2023-11-13T00:00:00Z","Operations","Operations Specialist","Seattle","US","f412cb99-db0b-e7c3-7ffb-dcaffa90f123","blair.rasmussen@example.com"
"2026-08-01","74e644e9-363d-b9b3-35da-27a610913768","Avery Silva","avery.silva@example.com","avery.silva@example.com","Member","True","2024-03-09T00:00:00Z","Legal","Legal Specialist","Seattle","US","54417c87-f819-5aca-b463-7c013fc02def","jordan.kowalski@example.com"
"2026-08-01","7045cfe1-8b60-feaa-99d1-dc5645fad319","Drew Petrov","drew.petrov@example.com","drew.petrov@example.com","Member","True","2024-11-11T00:00:00Z","Engineering","Engineering Specialist","Toronto","CA","6348e0fb-da40-6590-8ee7-5f6000634176","noor.gallagher@example.com"
"2026-08-01","9851f734-9ef1-e5fb-32e2-4ce28799471a","Gray Abara","gray.abara@example.com","gray.abara@example.com","Member","True","2022-03-04T00:00:00Z","Sales","Sales Specialist","Dublin","IE","490d2e0b-ac7e-8677-e89b-fb4babcf5c16","quinn.eriksen@example.com"
"2026-08-01","087bad96-3914-b5ed-41cc-6de10f8cb364","Reese Gallagher (partner1.example.com)","reese.gallagher_partner1.example.com#EXT#@example.onmicrosoft.com","reese.gallagher@partner1.example.com","Guest","True","2026-04-07T19:54:22Z","","","","","",""
"2026-08-01","ae9d2cd6-fd15-636e-28e1-61cbfb0c2a81","Drew Ueda (partner2.example.com)","drew.ueda_partner2.example.com#EXT#@example.onmicrosoft.com","drew.ueda@partner2.example.com","Guest","True","2026-07-18T18:17:16Z","","","","","",""
"2026-08-01","67a9f990-a05b-e84e-3c17-8d9ed64f6b65","Jordan Lindqvist (partner3.example.com)","jordan.lindqvist_partner3.example.com#EXT#@example.onmicrosoft.com","jordan.lindqvist@partner3.example.com","Guest","True","2026-01-11T10:33:18Z","","","","","",""
"2026-08-01","a7904480-073a-9e17-7a77-8a169ba405ad","Gray Silva (partner4.example.com)","gray.silva_partner4.example.com#EXT#@example.onmicrosoft.com","gray.silva@partner4.example.com","Guest","True","2026-03-21T15:45:34Z","","","","","",""
"2026-08-01","da365d3e-4915-f7f8-4f8f-1c047864d6b4","Reese Haddad (partner5.example.com)","reese.haddad_partner5.example.com#EXT#@example.onmicrosoft.com","reese.haddad@partner5.example.com","Guest","True","2026-05-19T12:26:37Z","","","","","",""
"2026-08-01","c7b3bf13-7660-794d-c863-e6350633715f","Avery Abara (partner6.example.com)","avery.abara_partner6.example.com#EXT#@example.onmicrosoft.com","avery.abara@partner6.example.com","Guest","True","2026-02-17T17:14:01Z","","","","","",""
"2026-08-01","a02b96fa-eed6-ce68-6f07-ae284a76274e","Parker Takahashi (partner7.example.com)","parker.takahashi_partner7.example.com#EXT#@example.onmicrosoft.com","parker.takahashi@partner7.example.com","Guest","True","2026-02-17T13:08:46Z","","","","","",""
"2026-08-01","a35d431e-0643-0355-f718-ee18c51c9bbf","Casey Okonkwo (partner8.example.com)","casey.okonkwo_partner8.example.com#EXT#@example.onmicrosoft.com","casey.okonkwo@partner8.example.com","Guest","True","2026-02-26T18:52:10Z","","","","","",""
"2026-08-01","fae8de87-a338-24e4-d950-324077e84233","Vale Petrov (partner9.example.com)","vale.petrov_partner9.example.com#EXT#@example.onmicrosoft.com","vale.petrov@partner9.example.com","Guest","True","2026-07-03T13:10:28Z","","","","","",""
"2026-08-01","0ab03139-29b2-4be1-c6ce-c440bc7fba48","Indigo Rasmussen (partner10.example.com)","indigo.rasmussen_partner10.example.com#EXT#@example.onmicrosoft.com","indigo.rasmussen@partner10.example.com","Guest","True","2026-02-09T16:05:39Z","","","","","",""
"2026-08-01","afb36c7d-8880-f1ce-a5b7-492df0bb428d","Logan Fontaine (partner11.example.com)","logan.fontaine_partner11.example.com#EXT#@example.onmicrosoft.com","logan.fontaine@partner11.example.com","Guest","True","2026-07-10T19:26:37Z","","","","","",""
"2026-08-01","4b9a563d-652c-abff-7498-174e3c71cada","Noor Yilmaz (partner12.example.com)","noor.yilmaz_partner12.example.com#EXT#@example.onmicrosoft.com","noor.yilmaz@partner12.example.com","Guest","False","2026-05-04T09:11:10Z","","","","","",""
"2026-08-01","50f4ba87-b91b-913b-9b0a-6c1dc7f10fcd","Oakley Xiong (partner1.example.com)","oakley.xiong_partner1.example.com#EXT#@example.onmicrosoft.com","oakley.xiong@partner1.example.com","Guest","True","2026-06-27T10:00:48Z","","","","","",""
"2026-08-01","86a4ade9-23ca-78f8-f180-48fb9401e02f","Drew Lindqvist (partner2.example.com)","drew.lindqvist_partner2.example.com#EXT#@example.onmicrosoft.com","drew.lindqvist@partner2.example.com","Guest","False","2026-04-06T13:38:58Z","","","","","",""
"2026-08-01","7fd125a7-29ec-51b4-e4f6-84a2facf791e","Harper Rasmussen (partner3.example.com)","harper.rasmussen_partner3.example.com#EXT#@example.onmicrosoft.com","harper.rasmussen@partner3.example.com","Guest","False","2026-01-19T14:30:04Z","","","","","",""
"2026-08-01","e7eb9634-5fe4-505a-5220-005bd1e0affc","Emery Yilmaz (partner4.example.com)","emery.yilmaz_partner4.example.com#EXT#@example.onmicrosoft.com","emery.yilmaz@partner4.example.com","Guest","True","2026-07-07T11:45:24Z","","","","","",""
"2026-08-01","b7f3c38a-68a2-7f10-bbf9-0f9f42a07f26","Avery Haddad (partner5.example.com)","avery.haddad_partner5.example.com#EXT#@example.onmicrosoft.com","avery.haddad@partner5.example.com","Guest","False","2026-02-20T14:24:25Z","","","","","",""
"2026-08-01","7660dd0f-bbd8-cf76-8d5f-685ef3c160f3","Wren Fontaine (partner6.example.com)","wren.fontaine_partner6.example.com#EXT#@example.onmicrosoft.com","wren.fontaine@partner6.example.com","Guest","False","2026-03-12T11:01:05Z","","","","","",""
"2026-08-01","dafb4783-e9f9-cbba-00a2-5a8236e4ccd1","Harper Gallagher (partner7.example.com)","harper.gallagher_partner7.example.com#EXT#@example.onmicrosoft.com","harper.gallagher@partner7.example.com","Guest","True","2026-02-25T17:33:41Z","","","","","",""
"2026-08-01","573523d0-ac85-4e28-1a38-2ed3b2667fa4","Parker Nakamura (partner8.example.com)","parker.nakamura_partner8.example.com#EXT#@example.onmicrosoft.com","parker.nakamura@partner8.example.com","Guest","True","2026-04-08T13:43:53Z","","","","","",""
"2026-08-01","39a36998-9e60-6007-f628-c684737bf531","Logan Vasquez (partner9.example.com)","logan.vasquez_partner9.example.com#EXT#@example.onmicrosoft.com","logan.vasquez@partner9.example.com","Guest","True","2026-03-12T17:03:40Z","","","","","",""
"2026-08-01","02812435-de63-505c-e3ec-438515b99a26","Umi Ibarra (partner10.example.com)","umi.ibarra_partner10.example.com#EXT#@example.onmicrosoft.com","umi.ibarra@partner10.example.com","Guest","True","2026-01-21T15:16:10Z","","","","","",""
"2026-08-01","461ad64d-5976-8d07-ef2b-7a855e934a69","Logan Xiong (partner11.example.com)","logan.xiong_partner11.example.com#EXT#@example.onmicrosoft.com","logan.xiong@partner11.example.com","Guest","True","2026-04-05T10:01:01Z","","","","","",""
"2026-08-01","5c23838b-802a-b9de-9b16-0741096d923b","Drew Eriksen (partner12.example.com)","drew.eriksen_partner12.example.com#EXT#@example.onmicrosoft.com","drew.eriksen@partner12.example.com","Guest","True","2026-02-02T12:08:17Z","","","","","",""
"2026-08-01","16b624eb-2eba-0873-cfea-d6e431c4aa9b","Casey Kowalski (partner1.example.com)","casey.kowalski_partner1.example.com#EXT#@example.onmicrosoft.com","casey.kowalski@partner1.example.com","Guest","True","2026-03-27T18:10:21Z","","","","","",""
"2026-08-01","f2d3f7b4-77d6-305a-0c3e-5b28a2e1e793","Noor Jovanovic (partner2.example.com)","noor.jovanovic_partner2.example.com#EXT#@example.onmicrosoft.com","noor.jovanovic@partner2.example.com","Guest","True","2026-05-01T12:22:53Z","","","","","",""
"2026-08-01","b1ab51d4-c027-b901-9f06-37a016f8727c","Yael Fontaine (partner3.example.com)","yael.fontaine_partner3.example.com#EXT#@example.onmicrosoft.com","yael.fontaine@partner3.example.com","Guest","True","2026-04-05T18:33:22Z","","","","","",""
"2026-08-01","40a0f0ef-ed1f-f096-6d02-25ae7ee57d59","Yael Bergstrom (partner4.example.com)","yael.bergstrom_partner4.example.com#EXT#@example.onmicrosoft.com","yael.bergstrom@partner4.example.com","Guest","True","2026-04-04T13:59:44Z","","","","","",""
"2026-08-01","94daa1a3-aa11-1570-0237-d061788018a0","Finley Haddad (partner5.example.com)","finley.haddad_partner5.example.com#EXT#@example.onmicrosoft.com","finley.haddad@partner5.example.com","Guest","True","2026-02-17T08:52:35Z","","","","","",""
"2026-08-01","e5072603-ccba-90ae-017b-4cbb5b5c57b4","Blair Kowalski (partner6.example.com)","blair.kowalski_partner6.example.com#EXT#@example.onmicrosoft.com","blair.kowalski@partner6.example.com","Guest","True","2026-01-31T11:21:58Z","","","","","",""
"2026-08-01","72c24b7a-616e-9ed1-0d84-6930486a21d0","Reese Ibarra (partner7.example.com)","reese.ibarra_partner7.example.com#EXT#@example.onmicrosoft.com","reese.ibarra@partner7.example.com","Guest","True","2026-01-14T19:17:52Z","","","","","",""
"2026-08-01","0cfd5c91-45a3-76d6-5263-cd8e0deaeabd","Finley Petrov (partner8.example.com)","finley.petrov_partner8.example.com#EXT#@example.onmicrosoft.com","finley.petrov@partner8.example.com","Guest","True","2026-06-01T15:22:52Z","","","","","",""
"2026-08-01","2eef2af4-2aac-b53d-d074-a100e1235ad1","Yael Silva (partner9.example.com)","yael.silva_partner9.example.com#EXT#@example.onmicrosoft.com","yael.silva@partner9.example.com","Guest","True","2026-03-07T12:16:18Z","","","","","",""
"2026-08-01","4e84cc4d-d6d1-248d-50ab-8724b6a35057","Blair Jovanovic (partner10.example.com)","blair.jovanovic_partner10.example.com#EXT#@example.onmicrosoft.com","blair.jovanovic@partner10.example.com","Guest","True","2026-01-15T14:36:07Z","","","","","",""
"2026-08-01","12869724-5830-e031-dc71-3182a3ca73bc","Blair Eriksen (partner11.example.com)","blair.eriksen_partner11.example.com#EXT#@example.onmicrosoft.com","blair.eriksen@partner11.example.com","Guest","True","2026-01-24T10:38:16Z","","","","","",""
"2026-08-01","c5c53719-e6ff-ad4a-dd82-05b6b3105f9f","Drew Fontaine (partner1.example.com)","drew.fontaine_partner1.example.com#EXT#@example.onmicrosoft.com","drew.fontaine@partner1.example.com","Guest","True","2026-04-15T16:45:13Z","","","","","",""
"2026-08-01","fe2bbf17-9336-462d-6b1a-fcb3ae60e455","Blair Kowalski (partner3.example.com)","blair.kowalski_partner3.example.com#EXT#@example.onmicrosoft.com","blair.kowalski@partner3.example.com","Guest","True","2026-07-22T11:29:12Z","","","","","",""
"2026-08-01","658d8760-7df8-76f1-8d12-320ab4abbfb0","Yael Haddad (partner4.example.com)","yael.haddad_partner4.example.com#EXT#@example.onmicrosoft.com","yael.haddad@partner4.example.com","Guest","True","2026-05-08T09:26:08Z","","","","","",""
"2026-08-01","b1d60cd2-c41e-a635-33a5-b905217ec138","Sage Nakamura (partner5.example.com)","sage.nakamura_partner5.example.com#EXT#@example.onmicrosoft.com","sage.nakamura@partner5.example.com","Guest","True","2026-03-11T18:44:33Z","","","","","",""
"2026-08-01","f0ce2995-b75c-3458-aae5-9fdcf46dd40d","Reese Moreau (partner6.example.com)","reese.moreau_partner6.example.com#EXT#@example.onmicrosoft.com","reese.moreau@partner6.example.com","Guest","True","2026-01-09T18:03:25Z","","","","","",""
"2026-08-01","1d030fb2-009f-5698-2f0b-d8424902aced","Blair Delacroix (partner7.example.com)","blair.delacroix_partner7.example.com#EXT#@example.onmicrosoft.com","blair.delacroix@partner7.example.com","Guest","True","2026-07-06T13:32:48Z","","","","","",""
"2026-08-01","4210d1df-444c-0352-0449-308d469e449d","Sage Xiong (partner8.example.com)","sage.xiong_partner8.example.com#EXT#@example.onmicrosoft.com","sage.xiong@partner8.example.com","Guest","True","2026-05-05T13:07:17Z","","","","","",""
"2026-08-01","fd7aa7f1-51e6-4de0-21c6-46ecbf93f045","Jordan Abara (partner9.example.com)","jordan.abara_partner9.example.com#EXT#@example.onmicrosoft.com","jordan.abara@partner9.example.com","Guest","True","2026-01-28T07:56:30Z","","","","","",""
"2026-08-01","ea81087d-4636-4ac3-53aa-880663dfadf8","Yael Fontaine (partner10.example.com)","yael.fontaine_partner10.example.com#EXT#@example.onmicrosoft.com","yael.fontaine@partner10.example.com","Guest","True","2026-03-18T11:52:43Z","","","","","",""
"2026-08-01","f76b380c-3af5-8586-d3d7-cb368f002974","Kai Bergstrom (partner11.example.com)","kai.bergstrom_partner11.example.com#EXT#@example.onmicrosoft.com","kai.bergstrom@partner11.example.com","Guest","True","2026-04-01T15:50:35Z","","","","","",""
"2026-08-01","db5625e8-f6c3-fff4-398a-df5cb54e80dd","Umi Xiong (partner12.example.com)","umi.xiong_partner12.example.com#EXT#@example.onmicrosoft.com","umi.xiong@partner12.example.com","Guest","True","2026-01-29T09:55:08Z","","","","","",""
"2026-08-01","2e37ffce-ce9f-c07b-5161-2ff713d54290","Logan Nakamura (partner1.example.com)","logan.nakamura_partner1.example.com#EXT#@example.onmicrosoft.com","logan.nakamura@partner1.example.com","Guest","True","2026-02-21T18:50:11Z","","","","","",""
"2026-08-01","9145356f-c0fc-c57a-28f4-c70beb10e1f5","Kai Ibarra (partner2.example.com)","kai.ibarra_partner2.example.com#EXT#@example.onmicrosoft.com","kai.ibarra@partner2.example.com","Guest","True","2026-01-19T13:07:53Z","","","","","",""
"2026-08-01","5f6e7e00-1588-dc5b-5e45-7bbf646e7d4e","Reese Quintero (partner3.example.com)","reese.quintero_partner3.example.com#EXT#@example.onmicrosoft.com","reese.quintero@partner3.example.com","Guest","True","2026-03-11T15:44:49Z","","","","","",""
"2026-08-01","1701bf74-e630-7200-c0fb-57c96cb1af0f","Drew Haddad (partner4.example.com)","drew.haddad_partner4.example.com#EXT#@example.onmicrosoft.com","drew.haddad@partner4.example.com","Guest","True","2026-07-22T19:10:31Z","","","","","",""
"2026-08-01","7bd7d595-d37c-2fec-a19c-da461494bef2","Reese Rasmussen (partner5.example.com)","reese.rasmussen_partner5.example.com#EXT#@example.onmicrosoft.com","reese.rasmussen@partner5.example.com","Guest","True","2026-06-21T18:53:54Z","","","","","",""
"2026-08-01","7ed6c67c-32ca-15a9-b1b7-916d734bd99b","Jordan Eriksen (partner7.example.com)","jordan.eriksen_partner7.example.com#EXT#@example.onmicrosoft.com","jordan.eriksen@partner7.example.com","Guest","True","2026-07-10T16:55:05Z","","","","","",""
"2026-08-01","3cdf686f-d6b7-15a2-11a6-a2d160689b69","Vale Quintero (partner8.example.com)","vale.quintero_partner8.example.com#EXT#@example.onmicrosoft.com","vale.quintero@partner8.example.com","Guest","True","2026-07-26T14:21:53Z","","","","","",""
"2026-08-01","09112870-33be-d278-c340-367500baca5e","Finley Lindqvist (partner9.example.com)","finley.lindqvist_partner9.example.com#EXT#@example.onmicrosoft.com","finley.lindqvist@partner9.example.com","Guest","True","2026-06-22T08:44:50Z","","","","","",""
"2026-08-01","865863f7-f3d7-cc9b-6679-0308e76f598e","Finley Chaudhry (partner10.example.com)","finley.chaudhry_partner10.example.com#EXT#@example.onmicrosoft.com","finley.chaudhry@partner10.example.com","Guest","True","2026-05-12T18:58:21Z","","","","","",""
"2026-08-01","82b72ff3-795a-db69-3b14-7a3d6942da33","Xan Ibarra (partner11.example.com)","xan.ibarra_partner11.example.com#EXT#@example.onmicrosoft.com","xan.ibarra@partner11.example.com","Guest","True","2026-07-31T15:58:30Z","","","","","",""
"2026-08-01","06bf4364-168b-79d7-006b-15e31f8a9f0c","Zephyr Bergstrom (partner12.example.com)","zephyr.bergstrom_partner12.example.com#EXT#@example.onmicrosoft.com","zephyr.bergstrom@partner12.example.com","Guest","True","2026-04-30T09:12:52Z","","","","","",""
"2026-09-01","d01fa0f0-8491-6aec-ff4e-305b600a5d77","Harper Jovanovic","harper.jovanovic@example.com","harper.jovanovic@example.com","Member","True","2025-07-06T00:00:00Z","Operations","Chief Executive","Austin","US",,
"2026-09-01","01e26f3d-33e5-1b75-67e6-dc93d37f23ec","Quinn Kowalski","quinn.kowalski@example.com","quinn.kowalski@example.com","Member","True","2022-03-24T00:00:00Z","Engineering","Director, Engineering","Toronto","CA","d01fa0f0-8491-6aec-ff4e-305b600a5d77","harper.jovanovic@example.com"
"2026-09-01","7a5172e6-1e09-fb9d-0174-040e1f69f280","Blair Zawadzki","blair.zawadzki@example.com","blair.zawadzki@example.com","Member","True","2024-11-24T00:00:00Z","Sales","Director, Sales","Toronto","CA","d01fa0f0-8491-6aec-ff4e-305b600a5d77","harper.jovanovic@example.com"
"2026-09-01","1902d00f-9d72-e088-e671-a3c33c8c48ca","Tatum Chaudhry","tatum.chaudhry@example.com","tatum.chaudhry@example.com","Member","True","2024-04-29T00:00:00Z","Marketing","Director, Marketing","Toronto","CA","d01fa0f0-8491-6aec-ff4e-305b600a5d77","harper.jovanovic@example.com"
"2026-09-01","f31a7995-cde1-6973-8ca2-2fb689567c15","Sage Delacroix","sage.delacroix@example.com","sage.delacroix@example.com","Member","True","2024-11-04T00:00:00Z","Finance","Director, Finance","Dublin","IE","d01fa0f0-8491-6aec-ff4e-305b600a5d77","harper.jovanovic@example.com"
"2026-09-01","8f14bc96-41d1-93d1-2028-62542524c795","Zephyr Bergstrom","zephyr.bergstrom@example.com","zephyr.bergstrom@example.com","Member","True","2025-10-16T00:00:00Z","Operations","Director, Operations","Toronto","CA","d01fa0f0-8491-6aec-ff4e-305b600a5d77","harper.jovanovic@example.com"
"2026-09-01","44541f2a-ed42-e639-0f32-5ae6608c30d8","Oakley Moreau","oakley.moreau@example.com","oakley.moreau@example.com","Member","True","2022-09-02T00:00:00Z","Legal","Director, Legal","Austin","US","d01fa0f0-8491-6aec-ff4e-305b600a5d77","harper.jovanovic@example.com"
"2026-09-01","6348e0fb-da40-6590-8ee7-5f6000634176","Noor Gallagher","noor.gallagher@example.com","noor.gallagher@example.com","Member","True","2023-06-20T00:00:00Z","Engineering","Engineering Manager","Toronto","CA","01e26f3d-33e5-1b75-67e6-dc93d37f23ec","quinn.kowalski@example.com"
"2026-09-01","ed83eb08-7cce-99f3-f4ee-302aee96a84a","Vale Takahashi","vale.takahashi@example.com","vale.takahashi@example.com","Member","True","2023-11-29T00:00:00Z","Sales","Sales Manager","Toronto","CA","7a5172e6-1e09-fb9d-0174-040e1f69f280","blair.zawadzki@example.com"
"2026-09-01","2857d35c-f9d2-fce5-4bb9-70953e3c9810","Marlowe Gallagher","marlowe.gallagher@example.com","marlowe.gallagher@example.com","Member","True","2024-03-03T00:00:00Z","Marketing","Marketing Manager","Seattle","US","1902d00f-9d72-e088-e671-a3c33c8c48ca","tatum.chaudhry@example.com"
"2026-09-01","9f71f7e6-35b7-6972-bbf6-a078cbe48834","Wren Petrov","wren.petrov@example.com","wren.petrov@example.com","Member","True","2023-10-13T00:00:00Z","Finance","Finance Manager","Seattle","US","f31a7995-cde1-6973-8ca2-2fb689567c15","sage.delacroix@example.com"
"2026-09-01","3a4ef796-9a7e-b1eb-fe97-ee7b5a408165","Avery Xiong","avery.xiong@example.com","avery.xiong@example.com","Member","True","2024-02-14T00:00:00Z","Operations","Operations Manager","Sydney","AU","8f14bc96-41d1-93d1-2028-62542524c795","zephyr.bergstrom@example.com"
"2026-09-01","54417c87-f819-5aca-b463-7c013fc02def","Jordan Kowalski","jordan.kowalski@example.com","jordan.kowalski@example.com","Member","True","2025-04-20T00:00:00Z","Legal","Legal Manager","Dublin","IE","44541f2a-ed42-e639-0f32-5ae6608c30d8","oakley.moreau@example.com"
"2026-09-01","236bc049-2408-8b1d-6323-d2dbe97d4d19","Parker Chaudhry","parker.chaudhry@example.com","parker.chaudhry@example.com","Member","True","2023-05-26T00:00:00Z","Engineering","Engineering Manager","Seattle","US","01e26f3d-33e5-1b75-67e6-dc93d37f23ec","quinn.kowalski@example.com"
"2026-09-01","9afd91cf-ec1b-9a3b-1291-bb2b975453c6","Sage Moreau","sage.moreau@example.com","sage.moreau@example.com","Member","True","2021-12-17T00:00:00Z","Sales","Sales Manager","Austin","US","7a5172e6-1e09-fb9d-0174-040e1f69f280","blair.zawadzki@example.com"
"2026-09-01","90f63fda-a191-c217-7214-3aaf159a4db8","Vale Vasquez","vale.vasquez@example.com","vale.vasquez@example.com","Member","True","2025-11-21T00:00:00Z","Marketing","Marketing Manager","Austin","US","1902d00f-9d72-e088-e671-a3c33c8c48ca","tatum.chaudhry@example.com"
"2026-09-01","d17983e9-a667-9543-2987-0897ad2dab90","Yael Nakamura","yael.nakamura@example.com","yael.nakamura@example.com","Member","True","2023-05-04T00:00:00Z","Finance","Finance Manager","Sydney","AU","f31a7995-cde1-6973-8ca2-2fb689567c15","sage.delacroix@example.com"
"2026-09-01","fe2779d4-0c57-fc16-069b-0340152f0b57","Quinn Kowalski","quinn.kowalski2@example.com","quinn.kowalski2@example.com","Member","True","2021-12-13T00:00:00Z","Operations","Operations Manager","Austin","US","8f14bc96-41d1-93d1-2028-62542524c795","zephyr.bergstrom@example.com"
"2026-09-01","eb98825d-a20b-e701-efbc-1d56c88f4770","Noor Vasquez","noor.vasquez@example.com","noor.vasquez@example.com","Member","True","2025-11-25T00:00:00Z","Legal","Legal Manager","Toronto","CA","44541f2a-ed42-e639-0f32-5ae6608c30d8","oakley.moreau@example.com"
"2026-09-01","8e8e478f-c884-7d82-2153-ca75421c1b52","Sage Quintero","sage.quintero@example.com","sage.quintero@example.com","Member","True","2025-04-14T00:00:00Z","Engineering","Engineering Manager","Toronto","CA","01e26f3d-33e5-1b75-67e6-dc93d37f23ec","quinn.kowalski@example.com"
"2026-09-01","490d2e0b-ac7e-8677-e89b-fb4babcf5c16","Quinn Eriksen","quinn.eriksen@example.com","quinn.eriksen@example.com","Member","True","2025-08-22T00:00:00Z","Sales","Sales Manager","Dublin","IE","7a5172e6-1e09-fb9d-0174-040e1f69f280","blair.zawadzki@example.com"
"2026-09-01","9bc6831f-a8f2-ab13-73f4-8f2087c44f60","Vale Kowalski","vale.kowalski@example.com","vale.kowalski@example.com","Member","True","2024-06-06T00:00:00Z","Marketing","Marketing Manager","Austin","US","1902d00f-9d72-e088-e671-a3c33c8c48ca","tatum.chaudhry@example.com"
"2026-09-01","8695fc51-7f57-73c9-c005-5ed5d4b09587","Noor Zawadzki","noor.zawadzki@example.com","noor.zawadzki@example.com","Member","True","2023-05-22T00:00:00Z","Finance","Finance Manager","Seattle","US","f31a7995-cde1-6973-8ca2-2fb689567c15","sage.delacroix@example.com"
"2026-09-01","f412cb99-db0b-e7c3-7ffb-dcaffa90f123","Blair Rasmussen","blair.rasmussen@example.com","blair.rasmussen@example.com","Member","True","2023-10-01T00:00:00Z","Operations","Operations Manager","Toronto","CA","8f14bc96-41d1-93d1-2028-62542524c795","zephyr.bergstrom@example.com"
"2026-09-01","6eeb9fdf-ba96-d64c-2ec8-f7c9ec3a3d85","Oakley Fontaine","oakley.fontaine@example.com","oakley.fontaine@example.com","Member","True","2025-10-03T00:00:00Z","Legal","Legal Manager","Sydney","AU","44541f2a-ed42-e639-0f32-5ae6608c30d8","oakley.moreau@example.com"
"2026-09-01","c4f3e1bb-ae28-43da-bf72-98292ce4f6f9","Wren Gallagher","wren.gallagher@example.com","wren.gallagher@example.com","Member","True","2022-02-14T00:00:00Z","Sales","Sales Specialist","Austin","US","9afd91cf-ec1b-9a3b-1291-bb2b975453c6","sage.moreau@example.com"
"2026-09-01","b7b9ed8f-1203-c0c2-526b-394dc4c7b7fd","Sage Silva","sage.silva@example.com","sage.silva@example.com","Member","True","2025-09-08T00:00:00Z","Marketing","Marketing Specialist","Toronto","CA","2857d35c-f9d2-fce5-4bb9-70953e3c9810","marlowe.gallagher@example.com"
"2026-09-01","bb1608e0-ce2f-089c-4344-a546432aedce","Emery Silva","emery.silva@example.com","emery.silva@example.com","Member","True","2022-12-13T00:00:00Z","Finance","Finance Specialist","Toronto","CA","d17983e9-a667-9543-2987-0897ad2dab90","yael.nakamura@example.com"
"2026-09-01","54f119eb-4b39-6464-2df8-4db85e757087","Kai Silva","kai.silva@example.com","kai.silva@example.com","Member","True","2025-03-03T00:00:00Z","Operations","Operations Specialist","Seattle","US","fe2779d4-0c57-fc16-069b-0340152f0b57","quinn.kowalski2@example.com"
"2026-09-01","0e7cba76-f2c5-990a-dae8-d56f662ffbc6","Gray Haddad","gray.haddad@example.com","gray.haddad@example.com","Member","True","2025-11-30T00:00:00Z","Legal","Legal Specialist","Sydney","AU","54417c87-f819-5aca-b463-7c013fc02def","jordan.kowalski@example.com"
"2026-09-01","4ada376a-ecf6-cde8-b965-f829b48b9f31","Indigo Xiong","indigo.xiong@example.com","indigo.xiong@example.com","Member","True","2021-12-31T00:00:00Z","Engineering","Engineering Specialist","Seattle","US","6348e0fb-da40-6590-8ee7-5f6000634176","noor.gallagher@example.com"
"2026-09-01","448aca40-dd22-2e52-7aaa-70137ca4ca3e","Wren Zawadzki","wren.zawadzki@example.com","wren.zawadzki@example.com","Member","True","2025-11-02T00:00:00Z","Sales","Sales Specialist","Toronto","CA","9afd91cf-ec1b-9a3b-1291-bb2b975453c6","sage.moreau@example.com"
"2026-09-01","74df3d0a-acf0-dabb-8fca-2934333ba39f","Blair Nakamura","blair.nakamura@example.com","blair.nakamura@example.com","Member","True","2024-04-14T00:00:00Z","Marketing","Marketing Specialist","Dublin","IE","9bc6831f-a8f2-ab13-73f4-8f2087c44f60","vale.kowalski@example.com"
"2026-09-01","0f52b99a-e4f5-0fad-c160-516acbb63c03","Xan Whitfield","xan.whitfield@example.com","xan.whitfield@example.com","Member","True","2022-01-27T00:00:00Z","Finance","Finance Specialist","Seattle","US","d17983e9-a667-9543-2987-0897ad2dab90","yael.nakamura@example.com"
"2026-09-01","af9e7722-3b81-41e0-002b-914a0afe3d50","Emery Jovanovic","emery.jovanovic@example.com","emery.jovanovic@example.com","Member","True","2024-05-07T00:00:00Z","Operations","Operations Specialist","Dublin","IE","fe2779d4-0c57-fc16-069b-0340152f0b57","quinn.kowalski2@example.com"
"2026-09-01","2e19abff-be79-7c68-ffa0-b49841b1f723","Oakley Xiong","oakley.xiong@example.com","oakley.xiong@example.com","Member","True","2025-04-21T00:00:00Z","Legal","Legal Specialist","Sydney","AU","54417c87-f819-5aca-b463-7c013fc02def","jordan.kowalski@example.com"
"2026-09-01","950e6b04-07cf-cc60-78eb-181a96487776","Gray Haddad","gray.haddad2@example.com","gray.haddad2@example.com","Member","True","2025-11-02T00:00:00Z","Engineering","Engineering Specialist","Seattle","US","6348e0fb-da40-6590-8ee7-5f6000634176","noor.gallagher@example.com"
"2026-09-01","604163d3-f977-5808-071a-354742c40793","Xan Quintero","xan.quintero@example.com","xan.quintero@example.com","Member","True","2022-07-08T00:00:00Z","Sales","Sales Specialist","Toronto","CA","9afd91cf-ec1b-9a3b-1291-bb2b975453c6","sage.moreau@example.com"
"2026-09-01","13049b5d-9987-f801-3a80-c5ab6ccbe7a0","Casey Ibarra","casey.ibarra@example.com","casey.ibarra@example.com","Member","True","2021-12-04T00:00:00Z","Marketing","Marketing Specialist","Sydney","AU","90f63fda-a191-c217-7214-3aaf159a4db8","vale.vasquez@example.com"
"2026-09-01","5dc507fe-d1b5-d1d8-40e3-d9d910c46537","Blair Eriksen","blair.eriksen@example.com","blair.eriksen@example.com","Member","True","2025-08-10T00:00:00Z","Finance","Finance Specialist","Austin","US","9f71f7e6-35b7-6972-bbf6-a078cbe48834","wren.petrov@example.com"
"2026-09-01","861e0ff7-8a55-76da-dd67-69ee65897355","Harper Quintero","harper.quintero@example.com","harper.quintero@example.com","Member","True","2024-11-11T00:00:00Z","Operations","Operations Specialist","Dublin","IE","3a4ef796-9a7e-b1eb-fe97-ee7b5a408165","avery.xiong@example.com"
"2026-09-01","56b830c1-eba7-a79a-66af-41fbd440deee","Reese Ueda","reese.ueda@example.com","reese.ueda@example.com","Member","True","2023-12-23T00:00:00Z","Legal","Legal Specialist","Dublin","IE","54417c87-f819-5aca-b463-7c013fc02def","jordan.kowalski@example.com"
"2026-09-01","d9f361f7-ea7a-8774-510f-60b8d0241bc6","Vale Bergstrom","vale.bergstrom@example.com","vale.bergstrom@example.com","Member","True","2023-11-20T00:00:00Z","Engineering","Engineering Specialist","Toronto","CA","6348e0fb-da40-6590-8ee7-5f6000634176","noor.gallagher@example.com"
"2026-09-01","2d1032ef-6d25-251a-aa84-6c979e32be60","Vale Ueda","vale.ueda@example.com","vale.ueda@example.com","Member","True","2022-11-29T00:00:00Z","Sales","Sales Specialist","Dublin","IE","490d2e0b-ac7e-8677-e89b-fb4babcf5c16","quinn.eriksen@example.com"
"2026-09-01","57561377-894e-b02b-2418-97215f9d3cc4","Sage Haddad","sage.haddad@example.com","sage.haddad@example.com","Member","True","2025-10-05T00:00:00Z","Marketing","Marketing Specialist","Austin","US","90f63fda-a191-c217-7214-3aaf159a4db8","vale.vasquez@example.com"
"2026-09-01","ccdd4ed0-c9a3-9e19-65bb-8a78eb23f3dc","Wren Petrov","wren.petrov2@example.com","wren.petrov2@example.com","Member","True","2024-11-03T00:00:00Z","Finance","Finance Specialist","Toronto","CA","d17983e9-a667-9543-2987-0897ad2dab90","yael.nakamura@example.com"
"2026-09-01","92006a42-4aed-0138-f6f9-0f762bcfeb28","Emery Xiong","emery.xiong@example.com","emery.xiong@example.com","Member","True","2022-02-18T00:00:00Z","Operations","Operations Specialist","Sydney","AU","f412cb99-db0b-e7c3-7ffb-dcaffa90f123","blair.rasmussen@example.com"
"2026-09-01","694a8c6f-1e8e-3b36-aa5f-e897e616ca66","Noor Bergstrom","noor.bergstrom@example.com","noor.bergstrom@example.com","Member","True","2024-03-14T00:00:00Z","Legal","Legal Specialist","Dublin","IE","eb98825d-a20b-e701-efbc-1d56c88f4770","noor.vasquez@example.com"
"2026-09-01","6ba81891-13ab-1b4d-37cb-a65205592db5","Harper Ueda","harper.ueda@example.com","harper.ueda@example.com","Member","True","2022-11-26T00:00:00Z","Engineering","Engineering Specialist","Dublin","IE","6348e0fb-da40-6590-8ee7-5f6000634176","noor.gallagher@example.com"
"2026-09-01","9657fc14-7711-148f-0585-d9eaa95bf456","Umi Xiong","umi.xiong@example.com","umi.xiong@example.com","Member","True","2022-12-28T00:00:00Z","Sales","Sales Specialist","Dublin","IE","490d2e0b-ac7e-8677-e89b-fb4babcf5c16","quinn.eriksen@example.com"
"2026-09-01","de031ad0-95b9-8d92-e914-46b747114494","Logan Okonkwo","logan.okonkwo@example.com","logan.okonkwo@example.com","Member","True","2023-09-08T00:00:00Z","Marketing","Marketing Specialist","Sydney","AU","9bc6831f-a8f2-ab13-73f4-8f2087c44f60","vale.kowalski@example.com"
"2026-09-01","b2163983-bbf1-a9a8-64d6-d041d988fdfa","Tatum Gallagher","tatum.gallagher@example.com","tatum.gallagher@example.com","Member","True","2025-03-16T00:00:00Z","Finance","Finance Specialist","Dublin","IE","8695fc51-7f57-73c9-c005-5ed5d4b09587","noor.zawadzki@example.com"
"2026-09-01","f02b02e4-223f-98a3-1760-95d28489f797","Finley Delacroix","finley.delacroix@example.com","finley.delacroix@example.com","Member","True","2022-01-21T00:00:00Z","Operations","Operations Specialist","Austin","US","fe2779d4-0c57-fc16-069b-0340152f0b57","quinn.kowalski2@example.com"
"2026-09-01","1228e9ec-0543-bede-1349-9a4934de4f80","Tatum Rasmussen","tatum.rasmussen@example.com","tatum.rasmussen@example.com","Member","True","2025-06-10T00:00:00Z","Legal","Legal Specialist","Dublin","IE","54417c87-f819-5aca-b463-7c013fc02def","jordan.kowalski@example.com"
"2026-09-01","04921018-fd41-50bd-9166-f6a78adf8ffb","Logan Whitfield","logan.whitfield@example.com","logan.whitfield@example.com","Member","True","2022-12-29T00:00:00Z","Engineering","Engineering Specialist","Sydney","AU","8e8e478f-c884-7d82-2153-ca75421c1b52","sage.quintero@example.com"
"2026-09-01","cd84e443-4bc5-a69e-3976-89dede1ee5db","Avery Delacroix","avery.delacroix@example.com","avery.delacroix@example.com","Member","True","2025-08-04T00:00:00Z","Sales","Sales Specialist","Seattle","US","9afd91cf-ec1b-9a3b-1291-bb2b975453c6","sage.moreau@example.com"
"2026-09-01","ad2d8e48-f353-55be-4e54-a7f578388b33","Blair Gallagher","blair.gallagher@example.com","blair.gallagher@example.com","Member","True","2023-10-26T00:00:00Z","Marketing","Marketing Specialist","Sydney","AU","9bc6831f-a8f2-ab13-73f4-8f2087c44f60","vale.kowalski@example.com"
"2026-09-01","1a16165f-17dc-6bc8-fab3-a4b54867f2b5","Marlowe Bergstrom","marlowe.bergstrom@example.com","marlowe.bergstrom@example.com","Member","True","2022-06-23T00:00:00Z","Finance","Finance Specialist","Austin","US","8695fc51-7f57-73c9-c005-5ed5d4b09587","noor.zawadzki@example.com"
"2026-09-01","e557498c-94cf-a666-93b1-5092e4d9e631","Noor Ueda","noor.ueda@example.com","noor.ueda@example.com","Member","True","2024-01-12T00:00:00Z","Operations","Operations Specialist","Seattle","US","f412cb99-db0b-e7c3-7ffb-dcaffa90f123","blair.rasmussen@example.com"
"2026-09-01","9a5a522a-f1af-11ac-46d5-7bb44a6d6916","Logan Ueda","logan.ueda@example.com","logan.ueda@example.com","Member","True","2021-12-22T00:00:00Z","Legal","Legal Specialist","Seattle","US","6eeb9fdf-ba96-d64c-2ec8-f7c9ec3a3d85","oakley.fontaine@example.com"
"2026-09-01","48d822b1-1163-6ed0-80c0-3ea5063da739","Noor Chaudhry","noor.chaudhry@example.com","noor.chaudhry@example.com","Member","True","2022-12-31T00:00:00Z","Engineering","Engineering Specialist","Austin","US","6348e0fb-da40-6590-8ee7-5f6000634176","noor.gallagher@example.com"
"2026-09-01","be5f55e8-9c35-7747-70d0-7245c7888a08","Quinn Silva","quinn.silva@example.com","quinn.silva@example.com","Member","True","2023-01-28T00:00:00Z","Sales","Sales Specialist","Seattle","US","9afd91cf-ec1b-9a3b-1291-bb2b975453c6","sage.moreau@example.com"
"2026-09-01","85903d20-d697-0dad-c52f-2701fb6d605c","Tatum Yilmaz","tatum.yilmaz@example.com","tatum.yilmaz@example.com","Member","True","2025-02-19T00:00:00Z","Marketing","Marketing Specialist","Toronto","CA","2857d35c-f9d2-fce5-4bb9-70953e3c9810","marlowe.gallagher@example.com"
"2026-09-01","b0fe58ca-f84e-7ede-b39e-bfdc8698bdaa","Gray Zawadzki","gray.zawadzki@example.com","gray.zawadzki@example.com","Member","True","2023-03-10T00:00:00Z","Finance","Finance Specialist","Sydney","AU","d17983e9-a667-9543-2987-0897ad2dab90","yael.nakamura@example.com"
"2026-09-01","41b23aef-70a8-5a4a-282e-4560fe6fd3c8","Noor Petrov","noor.petrov@example.com","noor.petrov@example.com","Member","True","2024-10-27T00:00:00Z","Operations","Operations Specialist","Toronto","CA","f412cb99-db0b-e7c3-7ffb-dcaffa90f123","blair.rasmussen@example.com"
"2026-09-01","27592ff8-4a70-637a-afb5-97e9f3b3d78f","Yael Vasquez","yael.vasquez@example.com","yael.vasquez@example.com","Member","True","2023-05-02T00:00:00Z","Legal","Legal Specialist","Austin","US","eb98825d-a20b-e701-efbc-1d56c88f4770","noor.vasquez@example.com"
"2026-09-01","845683ad-5e59-16de-c4f5-6be4a28767c0","Finley Nakamura","finley.nakamura@example.com","finley.nakamura@example.com","Member","True","2022-04-01T00:00:00Z","Engineering","Engineering Specialist","Austin","US","8e8e478f-c884-7d82-2153-ca75421c1b52","sage.quintero@example.com"
"2026-09-01","72aae6f6-5b96-4b6c-9844-2182d858f174","Yael Quintero","yael.quintero@example.com","yael.quintero@example.com","Member","True","2022-05-22T00:00:00Z","Sales","Sales Specialist","Dublin","IE","9afd91cf-ec1b-9a3b-1291-bb2b975453c6","sage.moreau@example.com"
"2026-09-01","ba9f636c-b34a-6c47-4b17-ae1beca9e8c7","Emery Quintero","emery.quintero@example.com","emery.quintero@example.com","Member","True","2024-02-28T00:00:00Z","Marketing","Marketing Specialist","Toronto","CA","2857d35c-f9d2-fce5-4bb9-70953e3c9810","marlowe.gallagher@example.com"
"2026-09-01","807e92f1-e9d3-4a0c-96f3-e70bbdbef292","Tatum Ibarra","tatum.ibarra@example.com","tatum.ibarra@example.com","Member","True","2024-04-03T00:00:00Z","Finance","Finance Specialist","Sydney","AU","9f71f7e6-35b7-6972-bbf6-a078cbe48834","wren.petrov@example.com"
"2026-09-01","80ff0014-0596-2f95-7029-9af5e6cf1fd9","Oakley Vasquez","oakley.vasquez@example.com","oakley.vasquez@example.com","Member","True","2024-05-06T00:00:00Z","Operations","Operations Specialist","Dublin","IE","fe2779d4-0c57-fc16-069b-0340152f0b57","quinn.kowalski2@example.com"
"2026-09-01","58d6fca6-a230-2d5e-b656-80e9bb0ae9f1","Yael Eriksen","yael.eriksen@example.com","yael.eriksen@example.com","Member","True","2024-07-31T00:00:00Z","Legal","Legal Specialist","Austin","US","6eeb9fdf-ba96-d64c-2ec8-f7c9ec3a3d85","oakley.fontaine@example.com"
"2026-09-01","6cd9dc53-f258-ed24-9f18-ac2808c63c17","Casey Yilmaz","casey.yilmaz@example.com","casey.yilmaz@example.com","Member","True","2024-10-21T00:00:00Z","Engineering","Engineering Specialist","Sydney","AU","8e8e478f-c884-7d82-2153-ca75421c1b52","sage.quintero@example.com"
"2026-09-01","1a7867a7-b1a9-dc39-e62e-46e735190dc9","Quinn Zawadzki","quinn.zawadzki@example.com","quinn.zawadzki@example.com","Member","True","2024-05-20T00:00:00Z","Sales","Sales Specialist","Toronto","CA","ed83eb08-7cce-99f3-f4ee-302aee96a84a","vale.takahashi@example.com"
"2026-09-01","9d8e707d-57a9-f5e1-ced1-c7ecaef626eb","Yael Ueda","yael.ueda@example.com","yael.ueda@example.com","Member","True","2025-04-14T00:00:00Z","Marketing","Marketing Specialist","Austin","US","2857d35c-f9d2-fce5-4bb9-70953e3c9810","marlowe.gallagher@example.com"
"2026-09-01","700748b8-c5d2-eff3-b872-f4c0a5117636","Emery Nakamura","emery.nakamura@example.com","emery.nakamura@example.com","Member","True","2024-11-28T00:00:00Z","Finance","Finance Specialist","Seattle","US","9f71f7e6-35b7-6972-bbf6-a078cbe48834","wren.petrov@example.com"
"2026-09-01","140e43cf-5967-3e39-f221-6564a7598534","Avery Chaudhry","avery.chaudhry@example.com","avery.chaudhry@example.com","Member","True","2025-06-24T00:00:00Z","Operations","Operations Specialist","Seattle","US","f412cb99-db0b-e7c3-7ffb-dcaffa90f123","blair.rasmussen@example.com"
"2026-09-01","5b3cf264-06dd-9c46-80ef-12894e70d775","Xan Takahashi","xan.takahashi@example.com","xan.takahashi@example.com","Member","True","2022-10-11T00:00:00Z","Legal","Legal Specialist","Sydney","AU","6eeb9fdf-ba96-d64c-2ec8-f7c9ec3a3d85","oakley.fontaine@example.com"
"2026-09-01","97fcb48c-8f0d-4c18-8c41-cdbb108deddd","Logan Ibarra","logan.ibarra@example.com","logan.ibarra@example.com","Member","True","2025-02-22T00:00:00Z","Engineering","Engineering Specialist","Toronto","CA","8e8e478f-c884-7d82-2153-ca75421c1b52","sage.quintero@example.com"
"2026-09-01","02be9c12-dc0f-3716-8210-fa75145157af","Zephyr Gallagher","zephyr.gallagher@example.com","zephyr.gallagher@example.com","Member","True","2025-07-02T00:00:00Z","Sales","Sales Specialist","Dublin","IE","9afd91cf-ec1b-9a3b-1291-bb2b975453c6","sage.moreau@example.com"
"2026-09-01","3e10faed-5722-c078-82fa-6d87bda867ef","Noor Rasmussen","noor.rasmussen@example.com","noor.rasmussen@example.com","Member","True","2025-08-23T00:00:00Z","Marketing","Marketing Specialist","Sydney","AU","9bc6831f-a8f2-ab13-73f4-8f2087c44f60","vale.kowalski@example.com"
"2026-09-01","7bc9e179-5747-bfa6-353e-e66165e87217","Kai Xiong","kai.xiong@example.com","kai.xiong@example.com","Member","True","2023-09-30T00:00:00Z","Finance","Finance Specialist","Sydney","AU","d17983e9-a667-9543-2987-0897ad2dab90","yael.nakamura@example.com"
"2026-09-01","87b45563-72a2-6bb8-e968-b9fc1d1cd40c","Quinn Silva","quinn.silva2@example.com","quinn.silva2@example.com","Member","True","2022-01-28T00:00:00Z","Operations","Operations Specialist","Sydney","AU","fe2779d4-0c57-fc16-069b-0340152f0b57","quinn.kowalski2@example.com"
"2026-09-01","438bb9b0-0c13-d422-364f-627618d0cd24","Gray Takahashi","gray.takahashi@example.com","gray.takahashi@example.com","Member","True","2025-05-21T00:00:00Z","Legal","Legal Specialist","Austin","US","eb98825d-a20b-e701-efbc-1d56c88f4770","noor.vasquez@example.com"
"2026-09-01","cdd53b9f-ea85-4844-1466-e6f8871607a9","Zephyr Quintero","zephyr.quintero@example.com","zephyr.quintero@example.com","Member","True","2022-01-29T00:00:00Z","Engineering","Engineering Specialist","Sydney","AU","6348e0fb-da40-6590-8ee7-5f6000634176","noor.gallagher@example.com"
"2026-09-01","9a35e34f-4205-4de4-4faf-deeeba222a75","Vale Lindqvist","vale.lindqvist@example.com","vale.lindqvist@example.com","Member","True","2024-09-07T00:00:00Z","Sales","Sales Specialist","Seattle","US","9afd91cf-ec1b-9a3b-1291-bb2b975453c6","sage.moreau@example.com"
"2026-09-01","cfc0d9c8-6a68-02ee-c823-5abccd4385bb","Vale Ueda","vale.ueda2@example.com","vale.ueda2@example.com","Member","True","2024-06-26T00:00:00Z","Marketing","Marketing Specialist","Seattle","US","9bc6831f-a8f2-ab13-73f4-8f2087c44f60","vale.kowalski@example.com"
"2026-09-01","64f8f606-f787-653d-eb91-c50cb24bcd75","Drew Gallagher","drew.gallagher@example.com","drew.gallagher@example.com","Member","True","2022-04-10T00:00:00Z","Finance","Finance Specialist","Seattle","US","d17983e9-a667-9543-2987-0897ad2dab90","yael.nakamura@example.com"
"2026-09-01","2c85e154-2254-7721-9d6f-70a9f57c22d1","Drew Haddad","drew.haddad@example.com","drew.haddad@example.com","Member","True","2021-12-01T00:00:00Z","Operations","Operations Specialist","Dublin","IE","f412cb99-db0b-e7c3-7ffb-dcaffa90f123","blair.rasmussen@example.com"
"2026-09-01","3616892c-4e5d-820a-750f-989f092ded24","Blair Whitfield","blair.whitfield@example.com","blair.whitfield@example.com","Member","True","2024-05-11T00:00:00Z","Legal","Legal Specialist","Austin","US","54417c87-f819-5aca-b463-7c013fc02def","jordan.kowalski@example.com"
"2026-09-01","7cc7c6d6-1c21-3516-28fb-94c61ec06dca","Parker Takahashi","parker.takahashi@example.com","parker.takahashi@example.com","Member","True","2022-06-10T00:00:00Z","Engineering","Engineering Specialist","Seattle","US","236bc049-2408-8b1d-6323-d2dbe97d4d19","parker.chaudhry@example.com"
"2026-09-01","8e019f18-d0d6-c79f-8ffe-60144ce29b66","Jordan Ueda","jordan.ueda@example.com","jordan.ueda@example.com","Member","True","2025-04-10T00:00:00Z","Sales","Sales Specialist","Austin","US","ed83eb08-7cce-99f3-f4ee-302aee96a84a","vale.takahashi@example.com"
"2026-09-01","7959d438-d27a-4981-c022-5923fd094c36","Marlowe Ueda","marlowe.ueda@example.com","marlowe.ueda@example.com","Member","True","2024-04-04T00:00:00Z","Marketing","Marketing Specialist","Seattle","US","9bc6831f-a8f2-ab13-73f4-8f2087c44f60","vale.kowalski@example.com"
"2026-09-01","2aa64e7d-809b-3b7a-2407-0830398dce43","Wren Fontaine","wren.fontaine@example.com","wren.fontaine@example.com","Member","True","2023-09-17T00:00:00Z","Finance","Finance Specialist","Sydney","AU","d17983e9-a667-9543-2987-0897ad2dab90","yael.nakamura@example.com"
"2026-09-01","6c07554f-3da4-4216-9664-a089f4c3c3e9","Marlowe Chaudhry","marlowe.chaudhry@example.com","marlowe.chaudhry@example.com","Member","True","2023-05-23T00:00:00Z","Operations","Operations Specialist","Seattle","US","3a4ef796-9a7e-b1eb-fe97-ee7b5a408165","avery.xiong@example.com"
"2026-09-01","b8244557-2919-70e9-3b09-f13d24a20127","Quinn Fontaine","quinn.fontaine@example.com","quinn.fontaine@example.com","Member","True","2022-12-29T00:00:00Z","Legal","Legal Specialist","Sydney","AU","6eeb9fdf-ba96-d64c-2ec8-f7c9ec3a3d85","oakley.fontaine@example.com"
"2026-09-01","c0a53769-7f66-753c-c9e4-1415a91aac0a","Xan Kowalski","xan.kowalski@example.com","xan.kowalski@example.com","Member","True","2023-06-19T00:00:00Z","Engineering","Engineering Specialist","Seattle","US","6348e0fb-da40-6590-8ee7-5f6000634176","noor.gallagher@example.com"
"2026-09-01","8c07a653-6272-5264-c29c-a2f4aa80901f","Drew Okonkwo","drew.okonkwo@example.com","drew.okonkwo@example.com","Member","True","2024-07-14T00:00:00Z","Sales","Sales Specialist","Dublin","IE","9afd91cf-ec1b-9a3b-1291-bb2b975453c6","sage.moreau@example.com"
"2026-09-01","56a673ed-dbf4-0a94-f5f6-f7f7e7090ac3","Zephyr Gallagher","zephyr.gallagher2@example.com","zephyr.gallagher2@example.com","Member","True","2022-10-22T00:00:00Z","Marketing","Marketing Specialist","Austin","US","9bc6831f-a8f2-ab13-73f4-8f2087c44f60","vale.kowalski@example.com"
"2026-09-01","2db3ea1a-2042-296b-8a8c-69ccfcb88ee0","Kai Eriksen","kai.eriksen@example.com","kai.eriksen@example.com","Member","True","2025-06-29T00:00:00Z","Finance","Finance Specialist","Dublin","IE","8695fc51-7f57-73c9-c005-5ed5d4b09587","noor.zawadzki@example.com"
"2026-09-01","cb5c59ce-aba5-a00d-75cc-f087154e7f03","Wren Jovanovic","wren.jovanovic@example.com","wren.jovanovic@example.com","Member","True","2023-04-21T00:00:00Z","Operations","Operations Specialist","Austin","US","fe2779d4-0c57-fc16-069b-0340152f0b57","quinn.kowalski2@example.com"
"2026-09-01","68806b6f-2a8c-2ffa-7b29-c37d80b635c0","Tatum Ueda","tatum.ueda@example.com","tatum.ueda@example.com","Member","True","2024-09-23T00:00:00Z","Legal","Legal Specialist","Dublin","IE","54417c87-f819-5aca-b463-7c013fc02def","jordan.kowalski@example.com"
"2026-09-01","bdb3cb12-e19c-aeb6-388b-1f879ec32762","Finley Moreau","finley.moreau@example.com","finley.moreau@example.com","Member","True","2023-09-21T00:00:00Z","Engineering","Engineering Specialist","Seattle","US","236bc049-2408-8b1d-6323-d2dbe97d4d19","parker.chaudhry@example.com"
"2026-09-01","4c24deb0-7209-5e07-19be-75d9f07cc1a4","Emery Whitfield","emery.whitfield@example.com","emery.whitfield@example.com","Member","True","2025-01-20T00:00:00Z","Sales","Sales Specialist","Toronto","CA","ed83eb08-7cce-99f3-f4ee-302aee96a84a","vale.takahashi@example.com"
"2026-09-01","f0f64c73-3b0a-bcdf-8fd2-e799a80de634","Wren Rasmussen","wren.rasmussen@example.com","wren.rasmussen@example.com","Member","True","2023-03-29T00:00:00Z","Marketing","Marketing Specialist","Seattle","US","90f63fda-a191-c217-7214-3aaf159a4db8","vale.vasquez@example.com"
"2026-09-01","7a9458da-4615-2197-0282-aa1628930763","Finley Haddad","finley.haddad@example.com","finley.haddad@example.com","Member","True","2022-01-11T00:00:00Z","Finance","Finance Specialist","Sydney","AU","9f71f7e6-35b7-6972-bbf6-a078cbe48834","wren.petrov@example.com"
"2026-09-01","46cf4b92-dcd6-e231-958d-fd510ea0d01b","Jordan Whitfield","jordan.whitfield@example.com","jordan.whitfield@example.com","Member","True","2022-06-04T00:00:00Z","Operations","Operations Specialist","Austin","US","f412cb99-db0b-e7c3-7ffb-dcaffa90f123","blair.rasmussen@example.com"
"2026-09-01","0cbabea4-d027-1470-0683-4c7225e6988e","Wren Whitfield","wren.whitfield@example.com","wren.whitfield@example.com","Member","True","2022-11-11T00:00:00Z","Legal","Legal Specialist","Seattle","US","eb98825d-a20b-e701-efbc-1d56c88f4770","noor.vasquez@example.com"
"2026-09-01","748bb415-5985-8708-c2eb-ab6c597d28d3","Vale Lindqvist","vale.lindqvist2@example.com","vale.lindqvist2@example.com","Member","True","2022-11-17T00:00:00Z","Engineering","Engineering Specialist","Sydney","AU","8e8e478f-c884-7d82-2153-ca75421c1b52","sage.quintero@example.com"
"2026-09-01","12db1c6c-8b41-272b-0842-926ad8a2aef0","Sage Yilmaz","sage.yilmaz@example.com","sage.yilmaz@example.com","Member","True","2022-10-04T00:00:00Z","Sales","Sales Specialist","Austin","US","9afd91cf-ec1b-9a3b-1291-bb2b975453c6","sage.moreau@example.com"
"2026-09-01","1b51e8c8-e0d7-a718-bec4-fcc62e9dccf8","Indigo Jovanovic","indigo.jovanovic@example.com","indigo.jovanovic@example.com","Member","True","2022-12-26T00:00:00Z","Marketing","Marketing Specialist","Dublin","IE","9bc6831f-a8f2-ab13-73f4-8f2087c44f60","vale.kowalski@example.com"
"2026-09-01","807fe02d-4158-b793-ce37-a04c3b503d83","Zephyr Rasmussen","zephyr.rasmussen@example.com","zephyr.rasmussen@example.com","Member","True","2025-04-05T00:00:00Z","Finance","Finance Specialist","Toronto","CA","8695fc51-7f57-73c9-c005-5ed5d4b09587","noor.zawadzki@example.com"
"2026-09-01","43698472-cc46-3b3b-d5b6-17b9118da0e8","Parker Kowalski","parker.kowalski@example.com","parker.kowalski@example.com","Member","True","2023-06-03T00:00:00Z","Operations","Operations Specialist","Toronto","CA","f412cb99-db0b-e7c3-7ffb-dcaffa90f123","blair.rasmussen@example.com"
"2026-09-01","86d8614c-b023-de8a-5f49-2d183dd287a9","Gray Moreau","gray.moreau@example.com","gray.moreau@example.com","Member","True","2024-02-19T00:00:00Z","Legal","Legal Specialist","Dublin","IE","54417c87-f819-5aca-b463-7c013fc02def","jordan.kowalski@example.com"
"2026-09-01","18e25806-e720-ad3a-af55-19f9fea51411","Xan Delacroix","xan.delacroix@example.com","xan.delacroix@example.com","Member","True","2024-02-20T00:00:00Z","Engineering","Engineering Specialist","Sydney","AU","6348e0fb-da40-6590-8ee7-5f6000634176","noor.gallagher@example.com"
"2026-09-01","8bdb5c42-ff89-3e7c-06f6-702d97368ef4","Jordan Quintero","jordan.quintero@example.com","jordan.quintero@example.com","Member","True","2025-03-27T00:00:00Z","Sales","Sales Specialist","Seattle","US","9afd91cf-ec1b-9a3b-1291-bb2b975453c6","sage.moreau@example.com"
"2026-09-01","0a2edc75-3330-971a-be75-fe951ca449a9","Marlowe Kowalski","marlowe.kowalski@example.com","marlowe.kowalski@example.com","Member","True","2021-12-02T00:00:00Z","Marketing","Marketing Specialist","Toronto","CA","9bc6831f-a8f2-ab13-73f4-8f2087c44f60","vale.kowalski@example.com"
"2026-09-01","b9a7fc6a-ebe4-c762-171f-92ea7be22065","Sage Vasquez","sage.vasquez@example.com","sage.vasquez@example.com","Member","True","2024-06-11T00:00:00Z","Finance","Finance Specialist","Toronto","CA","d17983e9-a667-9543-2987-0897ad2dab90","yael.nakamura@example.com"
"2026-09-01","907fe4e5-dbf8-f211-ece4-77283145d179","Drew Chaudhry","drew.chaudhry@example.com","drew.chaudhry@example.com","Member","True","2022-12-02T00:00:00Z","Operations","Operations Specialist","Seattle","US","3a4ef796-9a7e-b1eb-fe97-ee7b5a408165","avery.xiong@example.com"
"2026-09-01","9f8052d0-13e3-3919-83e4-7babfb383b86","Gray Ueda","gray.ueda@example.com","gray.ueda@example.com","Member","True","2024-02-12T00:00:00Z","Legal","Legal Specialist","Toronto","CA","eb98825d-a20b-e701-efbc-1d56c88f4770","noor.vasquez@example.com"
"2026-09-01","32db6fda-69a8-36b9-11a7-2fb9ab168593","Marlowe Quintero","marlowe.quintero@example.com","marlowe.quintero@example.com","Member","True","2024-09-06T00:00:00Z","Engineering","Engineering Specialist","Sydney","AU","8e8e478f-c884-7d82-2153-ca75421c1b52","sage.quintero@example.com"
"2026-09-01","076fd8c2-cb69-f82c-0a4b-fc1fb41c6a60","Parker Bergstrom","parker.bergstrom@example.com","parker.bergstrom@example.com","Member","True","2024-12-04T00:00:00Z","Sales","Sales Specialist","Austin","US","ed83eb08-7cce-99f3-f4ee-302aee96a84a","vale.takahashi@example.com"
"2026-09-01","db28e259-c2b5-e500-b3a8-219b69db4602","Zephyr Lindqvist","zephyr.lindqvist@example.com","zephyr.lindqvist@example.com","Member","True","2025-02-19T00:00:00Z","Marketing","Marketing Specialist","Seattle","US","9bc6831f-a8f2-ab13-73f4-8f2087c44f60","vale.kowalski@example.com"
"2026-09-01","c52bc03c-10aa-8e04-ac25-1b16ea338bdf","Marlowe Bergstrom","marlowe.bergstrom2@example.com","marlowe.bergstrom2@example.com","Member","True","2025-10-18T00:00:00Z","Finance","Finance Specialist","Austin","US","9f71f7e6-35b7-6972-bbf6-a078cbe48834","wren.petrov@example.com"
"2026-09-01","624547ca-6029-d9b5-d668-60a384193d99","Wren Bergstrom","wren.bergstrom@example.com","wren.bergstrom@example.com","Member","True","2025-11-23T00:00:00Z","Operations","Operations Specialist","Sydney","AU","f412cb99-db0b-e7c3-7ffb-dcaffa90f123","blair.rasmussen@example.com"
"2026-09-01","8d3972bd-0b8c-36b1-5066-526c812212f5","Harper Whitfield","harper.whitfield@example.com","harper.whitfield@example.com","Member","True","2024-02-03T00:00:00Z","Legal","Legal Specialist","Dublin","IE","54417c87-f819-5aca-b463-7c013fc02def","jordan.kowalski@example.com"
"2026-09-01","43b72b5a-78c4-d191-f5f1-284d62ace958","Indigo Gallagher","indigo.gallagher@example.com","indigo.gallagher@example.com","Member","True","2023-12-16T00:00:00Z","Engineering","Engineering Specialist","Seattle","US","8e8e478f-c884-7d82-2153-ca75421c1b52","sage.quintero@example.com"
"2026-09-01","6f897faf-f416-6222-0648-1fedc6e64b92","Yael Kowalski","yael.kowalski@example.com","yael.kowalski@example.com","Member","True","2025-07-26T00:00:00Z","Sales","Sales Specialist","Sydney","AU","ed83eb08-7cce-99f3-f4ee-302aee96a84a","vale.takahashi@example.com"
"2026-09-01","5e40e07a-043d-d409-39b9-e6c2f27e9ada","Jordan Kowalski","jordan.kowalski2@example.com","jordan.kowalski2@example.com","Member","True","2024-11-17T00:00:00Z","Marketing","Marketing Specialist","Sydney","AU","2857d35c-f9d2-fce5-4bb9-70953e3c9810","marlowe.gallagher@example.com"
"2026-09-01","adca2e55-3bd2-7c87-6156-9e19eec2a3ce","Blair Ueda","blair.ueda@example.com","blair.ueda@example.com","Member","True","2022-11-10T00:00:00Z","Finance","Finance Specialist","Dublin","IE","d17983e9-a667-9543-2987-0897ad2dab90","yael.nakamura@example.com"
"2026-09-01","4c294dea-5c61-47fa-4b70-f072c7f8be4b","Oakley Bergstrom","oakley.bergstrom@example.com","oakley.bergstrom@example.com","Member","True","2024-12-04T00:00:00Z","Operations","Operations Specialist","Toronto","CA","3a4ef796-9a7e-b1eb-fe97-ee7b5a408165","avery.xiong@example.com"
"2026-09-01","e2738d7c-cd1b-30d3-dacc-9c77151ce508","Vale Yilmaz","vale.yilmaz@example.com","vale.yilmaz@example.com","Member","True","2022-02-26T00:00:00Z","Legal","Legal Specialist","Sydney","AU","54417c87-f819-5aca-b463-7c013fc02def","jordan.kowalski@example.com"
"2026-09-01","f0304040-2c66-f551-0457-b8ab9e2f945d","Tatum Jovanovic","tatum.jovanovic@example.com","tatum.jovanovic@example.com","Member","True","2022-06-13T00:00:00Z","Engineering","Engineering Specialist","Sydney","AU","8e8e478f-c884-7d82-2153-ca75421c1b52","sage.quintero@example.com"
"2026-09-01","7f6dca88-78d4-ab5c-13b5-46984615c23c","Xan Nakamura","xan.nakamura@example.com","xan.nakamura@example.com","Member","True","2022-08-07T00:00:00Z","Sales","Sales Specialist","Sydney","AU","490d2e0b-ac7e-8677-e89b-fb4babcf5c16","quinn.eriksen@example.com"
"2026-09-01","822cde7b-f014-e6d9-8788-2ebe4cb8ed75","Quinn Quintero","quinn.quintero@example.com","quinn.quintero@example.com","Member","True","2022-01-02T00:00:00Z","Marketing","Marketing Specialist","Dublin","IE","9bc6831f-a8f2-ab13-73f4-8f2087c44f60","vale.kowalski@example.com"
"2026-09-01","4ee2a6d0-1f11-8865-6c58-0057ca4217aa","Drew Takahashi","drew.takahashi@example.com","drew.takahashi@example.com","Member","True","2024-04-19T00:00:00Z","Finance","Finance Specialist","Dublin","IE","d17983e9-a667-9543-2987-0897ad2dab90","yael.nakamura@example.com"
"2026-09-01","8a24759f-8887-8d4c-284c-69ab658f1ed5","Indigo Takahashi","indigo.takahashi@example.com","indigo.takahashi@example.com","Member","True","2022-03-17T00:00:00Z","Operations","Operations Specialist","Sydney","AU","3a4ef796-9a7e-b1eb-fe97-ee7b5a408165","avery.xiong@example.com"
"2026-09-01","2e7a508a-d787-09f3-a043-d7e846384d5b","Indigo Lindqvist","indigo.lindqvist@example.com","indigo.lindqvist@example.com","Member","True","2022-05-20T00:00:00Z","Legal","Legal Specialist","Sydney","AU","eb98825d-a20b-e701-efbc-1d56c88f4770","noor.vasquez@example.com"
"2026-09-01","1f60d7d3-55ee-3bf1-2442-aec17875594f","Logan Kowalski","logan.kowalski@example.com","logan.kowalski@example.com","Member","True","2024-10-29T00:00:00Z","Engineering","Engineering Specialist","Dublin","IE","6348e0fb-da40-6590-8ee7-5f6000634176","noor.gallagher@example.com"
"2026-09-01","e5ed4294-8175-2d65-41c2-53a415e821b3","Harper Okonkwo","harper.okonkwo@example.com","harper.okonkwo@example.com","Member","True","2024-04-25T00:00:00Z","Sales","Sales Specialist","Sydney","AU","ed83eb08-7cce-99f3-f4ee-302aee96a84a","vale.takahashi@example.com"
"2026-09-01","5ee4b8e5-1694-d06f-dffe-5f8c5317f390","Drew Lindqvist","drew.lindqvist@example.com","drew.lindqvist@example.com","Member","True","2025-10-07T00:00:00Z","Marketing","Marketing Specialist","Austin","US","90f63fda-a191-c217-7214-3aaf159a4db8","vale.vasquez@example.com"
"2026-09-01","61f9c4ef-09ee-8fab-54a5-5ea1b4d1cadc","Logan Quintero","logan.quintero@example.com","logan.quintero@example.com","Member","True","2023-10-05T00:00:00Z","Finance","Finance Specialist","Dublin","IE","d17983e9-a667-9543-2987-0897ad2dab90","yael.nakamura@example.com"
"2026-09-01","424d9411-c762-fe50-f591-c975afd24221","Yael Takahashi","yael.takahashi@example.com","yael.takahashi@example.com","Member","True","2022-09-06T00:00:00Z","Operations","Operations Specialist","Sydney","AU","fe2779d4-0c57-fc16-069b-0340152f0b57","quinn.kowalski2@example.com"
"2026-09-01","397cdf6b-be9f-82d7-4d17-315b294b5c5a","Logan Ibarra","logan.ibarra2@example.com","logan.ibarra2@example.com","Member","True","2023-12-12T00:00:00Z","Legal","Legal Specialist","Sydney","AU","eb98825d-a20b-e701-efbc-1d56c88f4770","noor.vasquez@example.com"
"2026-09-01","c39aacb9-e8dc-e1f1-8ea8-1ddc1ec5f331","Finley Abara","finley.abara@example.com","finley.abara@example.com","Member","True","2022-08-02T00:00:00Z","Engineering","Engineering Specialist","Toronto","CA","6348e0fb-da40-6590-8ee7-5f6000634176","noor.gallagher@example.com"
"2026-09-01","deb1cdef-6e5f-634c-76e7-ab078349d1be","Blair Rasmussen","blair.rasmussen2@example.com","blair.rasmussen2@example.com","Member","True","2025-06-25T00:00:00Z","Sales","Sales Specialist","Seattle","US","9afd91cf-ec1b-9a3b-1291-bb2b975453c6","sage.moreau@example.com"
"2026-09-01","a5f4f5cd-55f9-633c-572a-4162145a37eb","Tatum Zawadzki","tatum.zawadzki@example.com","tatum.zawadzki@example.com","Member","True","2023-04-12T00:00:00Z","Marketing","Marketing Specialist","Seattle","US","2857d35c-f9d2-fce5-4bb9-70953e3c9810","marlowe.gallagher@example.com"
"2026-09-01","a66b8d9c-15fc-d558-f435-ec60b7ebd7f9","Noor Abara","noor.abara@example.com","noor.abara@example.com","Member","True","2023-02-06T00:00:00Z","Finance","Finance Specialist","Dublin","IE","d17983e9-a667-9543-2987-0897ad2dab90","yael.nakamura@example.com"
"2026-09-01","4c0be831-48a5-28f3-12e6-c28854ee1a3f","Tatum Lindqvist","tatum.lindqvist@example.com","tatum.lindqvist@example.com","Member","True","2022-08-06T00:00:00Z","Operations","Operations Specialist","Dublin","IE","fe2779d4-0c57-fc16-069b-0340152f0b57","quinn.kowalski2@example.com"
"2026-09-01","226f67fd-e13e-28ab-833d-11efd85a3cb4","Quinn Kowalski","quinn.kowalski3@example.com","quinn.kowalski3@example.com","Member","True","2022-01-30T00:00:00Z","Legal","Legal Specialist","Toronto","CA","eb98825d-a20b-e701-efbc-1d56c88f4770","noor.vasquez@example.com"
"2026-09-01","0dc23022-6372-c80b-d197-6e8c63000cca","Reese Quintero","reese.quintero@example.com","reese.quintero@example.com","Member","True","2023-04-30T00:00:00Z","Engineering","Engineering Specialist","Sydney","AU","8e8e478f-c884-7d82-2153-ca75421c1b52","sage.quintero@example.com"
"2026-09-01","d5a4ca9d-d2d4-fab0-b166-bd6c4cf4c0cc","Blair Gallagher","blair.gallagher2@example.com","blair.gallagher2@example.com","Member","True","2022-12-24T00:00:00Z","Sales","Sales Specialist","Seattle","US","490d2e0b-ac7e-8677-e89b-fb4babcf5c16","quinn.eriksen@example.com"
"2026-09-01","ec57e2d6-85ce-d78c-4e72-3b98103c1658","Blair Okonkwo","blair.okonkwo@example.com","blair.okonkwo@example.com","Member","True","2024-08-13T00:00:00Z","Marketing","Marketing Specialist","Seattle","US","90f63fda-a191-c217-7214-3aaf159a4db8","vale.vasquez@example.com"
"2026-09-01","6a1611b3-02da-6e3f-3f3f-25163834edba","Quinn Yilmaz","quinn.yilmaz@example.com","quinn.yilmaz@example.com","Member","True","2025-06-10T00:00:00Z","Finance","Finance Specialist","Austin","US","d17983e9-a667-9543-2987-0897ad2dab90","yael.nakamura@example.com"
"2026-09-01","3facd946-242a-105b-dd67-41b7291126c5","Sage Rasmussen","sage.rasmussen@example.com","sage.rasmussen@example.com","Member","True","2025-03-11T00:00:00Z","Operations","Operations Specialist","Austin","US","3a4ef796-9a7e-b1eb-fe97-ee7b5a408165","avery.xiong@example.com"
"2026-09-01","0e971d46-244c-dc60-4f5b-e6d2e6e958da","Harper Rasmussen","harper.rasmussen@example.com","harper.rasmussen@example.com","Member","True","2022-04-15T00:00:00Z","Legal","Legal Specialist","Dublin","IE","eb98825d-a20b-e701-efbc-1d56c88f4770","noor.vasquez@example.com"
"2026-09-01","d8912ea7-6efd-27ed-0d27-ee84a73b0828","Kai Takahashi","kai.takahashi@example.com","kai.takahashi@example.com","Member","True","2022-05-30T00:00:00Z","Engineering","Engineering Specialist","Sydney","AU","236bc049-2408-8b1d-6323-d2dbe97d4d19","parker.chaudhry@example.com"
"2026-09-01","81c17fc4-6f81-3fd0-b84c-60f4ad5b2417","Oakley Jovanovic","oakley.jovanovic@example.com","oakley.jovanovic@example.com","Member","True","2023-05-28T00:00:00Z","Sales","Sales Specialist","Sydney","AU","9afd91cf-ec1b-9a3b-1291-bb2b975453c6","sage.moreau@example.com"
"2026-09-01","27cf3937-616d-ab2b-e030-98c7e539f127","Harper Vasquez","harper.vasquez@example.com","harper.vasquez@example.com","Member","True","2024-02-27T00:00:00Z","Marketing","Marketing Specialist","Dublin","IE","2857d35c-f9d2-fce5-4bb9-70953e3c9810","marlowe.gallagher@example.com"
"2026-09-01","c06eae9e-f9c7-4bd7-16f0-9c828c13ce8a","Casey Whitfield","casey.whitfield@example.com","casey.whitfield@example.com","Member","True","2024-10-21T00:00:00Z","Finance","Finance Specialist","Toronto","CA","9f71f7e6-35b7-6972-bbf6-a078cbe48834","wren.petrov@example.com"
"2026-09-01","885e2443-99b4-730f-69fc-aa7d68824089","Blair Jovanovic","blair.jovanovic@example.com","blair.jovanovic@example.com","Member","True","2024-10-31T00:00:00Z","Operations","Operations Specialist","Austin","US","3a4ef796-9a7e-b1eb-fe97-ee7b5a408165","avery.xiong@example.com"
"2026-09-01","ef95e08a-1594-d13a-6b66-77d3fa374b7a","Reese Vasquez","reese.vasquez@example.com","reese.vasquez@example.com","Member","True","2023-10-02T00:00:00Z","Legal","Legal Specialist","Sydney","AU","6eeb9fdf-ba96-d64c-2ec8-f7c9ec3a3d85","oakley.fontaine@example.com"
"2026-09-01","19e163e9-1e46-0a1a-d345-c0a13aa09463","Parker Zawadzki","parker.zawadzki@example.com","parker.zawadzki@example.com","Member","True","2022-05-08T00:00:00Z","Engineering","Engineering Specialist","Seattle","US","236bc049-2408-8b1d-6323-d2dbe97d4d19","parker.chaudhry@example.com"
"2026-09-01","02083e5e-d685-3082-36c5-39e302318a27","Marlowe Gallagher","marlowe.gallagher2@example.com","marlowe.gallagher2@example.com","Member","True","2023-01-31T00:00:00Z","Sales","Sales Specialist","Sydney","AU","9afd91cf-ec1b-9a3b-1291-bb2b975453c6","sage.moreau@example.com"
"2026-09-01","26fd30fb-d5a6-5a99-a3e7-ebe1f26dcfab","Oakley Kowalski","oakley.kowalski@example.com","oakley.kowalski@example.com","Member","True","2022-06-03T00:00:00Z","Marketing","Marketing Specialist","Dublin","IE","2857d35c-f9d2-fce5-4bb9-70953e3c9810","marlowe.gallagher@example.com"
"2026-09-01","0dd3e99b-dc0b-089e-166d-6413c57ea32e","Noor Haddad","noor.haddad@example.com","noor.haddad@example.com","Member","True","2024-10-16T00:00:00Z","Finance","Finance Specialist","Toronto","CA","d17983e9-a667-9543-2987-0897ad2dab90","yael.nakamura@example.com"
"2026-09-01","4f8d283d-58da-95f1-62de-cc20e739d912","Noor Silva","noor.silva@example.com","noor.silva@example.com","Member","True","2024-06-19T00:00:00Z","Operations","Operations Specialist","Toronto","CA","f412cb99-db0b-e7c3-7ffb-dcaffa90f123","blair.rasmussen@example.com"
"2026-09-01","35449036-d783-731b-c9a0-697881e43173","Oakley Vasquez","oakley.vasquez2@example.com","oakley.vasquez2@example.com","Member","True","2023-06-03T00:00:00Z","Legal","Legal Specialist","Austin","US","6eeb9fdf-ba96-d64c-2ec8-f7c9ec3a3d85","oakley.fontaine@example.com"
"2026-09-01","37a609eb-44a1-8b2c-a591-d251c79378ad","Reese Chaudhry","reese.chaudhry@example.com","reese.chaudhry@example.com","Member","True","2024-11-11T00:00:00Z","Engineering","Engineering Specialist","Dublin","IE","6348e0fb-da40-6590-8ee7-5f6000634176","noor.gallagher@example.com"
"2026-09-01","c1cb7d3c-5374-029e-0766-b6d7bc68dd2d","Casey Takahashi","casey.takahashi@example.com","casey.takahashi@example.com","Member","True","2024-07-23T00:00:00Z","Sales","Sales Specialist","Toronto","CA","9afd91cf-ec1b-9a3b-1291-bb2b975453c6","sage.moreau@example.com"
"2026-09-01","38ce90ab-18ce-eeb0-6b84-8f03b830756d","Umi Petrov","umi.petrov@example.com","umi.petrov@example.com","Member","True","2023-07-28T00:00:00Z","Marketing","Marketing Specialist","Sydney","AU","90f63fda-a191-c217-7214-3aaf159a4db8","vale.vasquez@example.com"
"2026-09-01","3f8329a6-fada-5f95-b54b-c2d7c38c56ac","Drew Jovanovic","drew.jovanovic@example.com","drew.jovanovic@example.com","Member","True","2023-08-06T00:00:00Z","Finance","Finance Specialist","Seattle","US","d17983e9-a667-9543-2987-0897ad2dab90","yael.nakamura@example.com"
"2026-09-01","8396b0a3-b2d7-8c1e-f26f-ef054a479882","Drew Jovanovic","drew.jovanovic2@example.com","drew.jovanovic2@example.com","Member","True","2025-05-16T00:00:00Z","Operations","Operations Specialist","Toronto","CA","3a4ef796-9a7e-b1eb-fe97-ee7b5a408165","avery.xiong@example.com"
"2026-09-01","20385182-b7c1-2c40-d9c9-beaaf265a9f6","Finley Zawadzki","finley.zawadzki@example.com","finley.zawadzki@example.com","Member","True","2024-08-09T00:00:00Z","Legal","Legal Specialist","Austin","US","54417c87-f819-5aca-b463-7c013fc02def","jordan.kowalski@example.com"
"2026-09-01","466c09db-bd5b-7c8d-f4d4-9f20351ed951","Harper Bergstrom","harper.bergstrom@example.com","harper.bergstrom@example.com","Member","True","2023-08-27T00:00:00Z","Engineering","Engineering Specialist","Toronto","CA","6348e0fb-da40-6590-8ee7-5f6000634176","noor.gallagher@example.com"
"2026-09-01","29b2f272-45b1-e412-9da2-f00c2736f879","Parker Fontaine","parker.fontaine@example.com","parker.fontaine@example.com","Member","True","2025-03-01T00:00:00Z","Sales","Sales Specialist","Austin","US","ed83eb08-7cce-99f3-f4ee-302aee96a84a","vale.takahashi@example.com"
"2026-09-01","0537c32a-9d2a-d475-8b58-7e1b3f48b4e8","Indigo Yilmaz","indigo.yilmaz@example.com","indigo.yilmaz@example.com","Member","True","2023-09-28T00:00:00Z","Marketing","Marketing Specialist","Austin","US","90f63fda-a191-c217-7214-3aaf159a4db8","vale.vasquez@example.com"
"2026-09-01","51dea8ab-92e4-fef9-2560-6c85b1bcf4af","Parker Okonkwo","parker.okonkwo@example.com","parker.okonkwo@example.com","Member","True","2022-04-29T00:00:00Z","Finance","Finance Specialist","Sydney","AU","9f71f7e6-35b7-6972-bbf6-a078cbe48834","wren.petrov@example.com"
"2026-09-01","45593dd0-d424-decd-810f-23a25dae5982","Kai Rasmussen","kai.rasmussen@example.com","kai.rasmussen@example.com","Member","True","2023-12-07T00:00:00Z","Operations","Operations Specialist","Toronto","CA","f412cb99-db0b-e7c3-7ffb-dcaffa90f123","blair.rasmussen@example.com"
"2026-09-01","2baf76a4-f9eb-826a-5405-2ea94280456d","Indigo Fontaine","indigo.fontaine@example.com","indigo.fontaine@example.com","Member","True","2021-12-23T00:00:00Z","Legal","Legal Specialist","Toronto","CA","54417c87-f819-5aca-b463-7c013fc02def","jordan.kowalski@example.com"
"2026-09-01","157d1ac4-c93c-0227-6372-c9d48c676f59","Avery Kowalski","avery.kowalski@example.com","avery.kowalski@example.com","Member","True","2024-02-20T00:00:00Z","Engineering","Engineering Specialist","Dublin","IE","8e8e478f-c884-7d82-2153-ca75421c1b52","sage.quintero@example.com"
"2026-09-01","7b8a4b6a-7ae1-dc5f-69eb-334cb811d389","Reese Whitfield","reese.whitfield@example.com","reese.whitfield@example.com","Member","True","2025-01-18T00:00:00Z","Sales","Sales Specialist","Sydney","AU","9afd91cf-ec1b-9a3b-1291-bb2b975453c6","sage.moreau@example.com"
"2026-09-01","e11e67d1-593c-da1c-11ec-de213f02a479","Logan Okonkwo","logan.okonkwo2@example.com","logan.okonkwo2@example.com","Member","True","2023-08-03T00:00:00Z","Marketing","Marketing Specialist","Toronto","CA","90f63fda-a191-c217-7214-3aaf159a4db8","vale.vasquez@example.com"
"2026-09-01","77994a6a-7d3e-7a1b-94e5-60f53f385803","Indigo Ibarra","indigo.ibarra@example.com","indigo.ibarra@example.com","Member","True","2022-07-28T00:00:00Z","Finance","Finance Specialist","Sydney","AU","d17983e9-a667-9543-2987-0897ad2dab90","yael.nakamura@example.com"
"2026-09-01","7dcb845d-120c-b60d-6c5a-f9f7652bb787","Indigo Takahashi","indigo.takahashi2@example.com","indigo.takahashi2@example.com","Member","True","2022-03-25T00:00:00Z","Operations","Operations Specialist","Seattle","US","fe2779d4-0c57-fc16-069b-0340152f0b57","quinn.kowalski2@example.com"
"2026-09-01","2c46a23d-e98b-06e2-a9a1-4ce8c1ac65e5","Xan Haddad","xan.haddad@example.com","xan.haddad@example.com","Member","True","2025-03-26T00:00:00Z","Legal","Legal Specialist","Seattle","US","eb98825d-a20b-e701-efbc-1d56c88f4770","noor.vasquez@example.com"
"2026-09-01","3a0d656f-68ec-138f-80d1-358505804aba","Kai Yilmaz","kai.yilmaz@example.com","kai.yilmaz@example.com","Member","True","2023-06-26T00:00:00Z","Engineering","Engineering Specialist","Dublin","IE","8e8e478f-c884-7d82-2153-ca75421c1b52","sage.quintero@example.com"
"2026-09-01","ca0c062f-100d-b836-c5d1-08b13b764fd8","Avery Lindqvist","avery.lindqvist@example.com","avery.lindqvist@example.com","Member","True","2022-09-16T00:00:00Z","Sales","Sales Specialist","Sydney","AU","9afd91cf-ec1b-9a3b-1291-bb2b975453c6","sage.moreau@example.com"
"2026-09-01","d786ce5a-c66c-41e3-62ab-a6e02a48fc69","Oakley Abara","oakley.abara@example.com","oakley.abara@example.com","Member","True","2023-08-27T00:00:00Z","Marketing","Marketing Specialist","Seattle","US","9bc6831f-a8f2-ab13-73f4-8f2087c44f60","vale.kowalski@example.com"
"2026-09-01","ae4dd732-83c9-8e49-3171-25335ecec861","Umi Petrov","umi.petrov2@example.com","umi.petrov2@example.com","Member","True","2024-10-11T00:00:00Z","Finance","Finance Specialist","Austin","US","d17983e9-a667-9543-2987-0897ad2dab90","yael.nakamura@example.com"
"2026-09-01","1a56f52d-282b-f386-7ae6-7f52de64f082","Tatum Delacroix","tatum.delacroix@example.com","tatum.delacroix@example.com","Member","True","2025-07-14T00:00:00Z","Operations","Operations Specialist","Toronto","CA","f412cb99-db0b-e7c3-7ffb-dcaffa90f123","blair.rasmussen@example.com"
"2026-09-01","f00f547c-7385-5c81-7f9b-e923e4e4ad3c","Drew Quintero","drew.quintero@example.com","drew.quintero@example.com","Member","True","2023-09-07T00:00:00Z","Legal","Legal Specialist","Seattle","US","6eeb9fdf-ba96-d64c-2ec8-f7c9ec3a3d85","oakley.fontaine@example.com"
"2026-09-01","4b1356fd-d3f1-fa54-dd45-e0a92675cbd8","Yael Yilmaz","yael.yilmaz@example.com","yael.yilmaz@example.com","Member","True","2024-01-21T00:00:00Z","Engineering","Engineering Specialist","Austin","US","6348e0fb-da40-6590-8ee7-5f6000634176","noor.gallagher@example.com"
"2026-09-01","df742aa6-5cfc-fa6d-b7b3-024e536dec26","Casey Lindqvist","casey.lindqvist@example.com","casey.lindqvist@example.com","Member","True","2025-09-16T00:00:00Z","Sales","Sales Specialist","Seattle","US","490d2e0b-ac7e-8677-e89b-fb4babcf5c16","quinn.eriksen@example.com"
"2026-09-01","397e861f-3fbb-6ffd-19d4-571a9dccfad3","Sage Vasquez","sage.vasquez2@example.com","sage.vasquez2@example.com","Member","True","2024-03-13T00:00:00Z","Marketing","Marketing Specialist","Dublin","IE","2857d35c-f9d2-fce5-4bb9-70953e3c9810","marlowe.gallagher@example.com"
"2026-09-01","29435a66-9143-b856-89a5-972067e49720","Vale Eriksen","vale.eriksen@example.com","vale.eriksen@example.com","Member","True","2025-03-16T00:00:00Z","Finance","Finance Specialist","Dublin","IE","8695fc51-7f57-73c9-c005-5ed5d4b09587","noor.zawadzki@example.com"
"2026-09-01","e2e0fd5e-e75c-86b0-7219-440c76694ac5","Harper Yilmaz","harper.yilmaz@example.com","harper.yilmaz@example.com","Member","True","2023-11-13T00:00:00Z","Operations","Operations Specialist","Seattle","US","f412cb99-db0b-e7c3-7ffb-dcaffa90f123","blair.rasmussen@example.com"
"2026-09-01","74e644e9-363d-b9b3-35da-27a610913768","Avery Silva","avery.silva@example.com","avery.silva@example.com","Member","True","2024-03-09T00:00:00Z","Legal","Legal Specialist","Seattle","US","54417c87-f819-5aca-b463-7c013fc02def","jordan.kowalski@example.com"
"2026-09-01","7045cfe1-8b60-feaa-99d1-dc5645fad319","Drew Petrov","drew.petrov@example.com","drew.petrov@example.com","Member","True","2024-11-11T00:00:00Z","Engineering","Engineering Specialist","Toronto","CA","6348e0fb-da40-6590-8ee7-5f6000634176","noor.gallagher@example.com"
"2026-09-01","9851f734-9ef1-e5fb-32e2-4ce28799471a","Gray Abara","gray.abara@example.com","gray.abara@example.com","Member","True","2022-03-04T00:00:00Z","Sales","Sales Specialist","Dublin","IE","490d2e0b-ac7e-8677-e89b-fb4babcf5c16","quinn.eriksen@example.com"
"2026-09-01","087bad96-3914-b5ed-41cc-6de10f8cb364","Reese Gallagher (partner1.example.com)","reese.gallagher_partner1.example.com#EXT#@example.onmicrosoft.com","reese.gallagher@partner1.example.com","Guest","True","2026-04-07T19:54:22Z","","","","","",""
"2026-09-01","ae9d2cd6-fd15-636e-28e1-61cbfb0c2a81","Drew Ueda (partner2.example.com)","drew.ueda_partner2.example.com#EXT#@example.onmicrosoft.com","drew.ueda@partner2.example.com","Guest","True","2026-07-18T18:17:16Z","","","","","",""
"2026-09-01","67a9f990-a05b-e84e-3c17-8d9ed64f6b65","Jordan Lindqvist (partner3.example.com)","jordan.lindqvist_partner3.example.com#EXT#@example.onmicrosoft.com","jordan.lindqvist@partner3.example.com","Guest","True","2026-01-11T10:33:18Z","","","","","",""
"2026-09-01","a7904480-073a-9e17-7a77-8a169ba405ad","Gray Silva (partner4.example.com)","gray.silva_partner4.example.com#EXT#@example.onmicrosoft.com","gray.silva@partner4.example.com","Guest","True","2026-03-21T15:45:34Z","","","","","",""
"2026-09-01","da365d3e-4915-f7f8-4f8f-1c047864d6b4","Reese Haddad (partner5.example.com)","reese.haddad_partner5.example.com#EXT#@example.onmicrosoft.com","reese.haddad@partner5.example.com","Guest","True","2026-05-19T12:26:37Z","","","","","",""
"2026-09-01","c7b3bf13-7660-794d-c863-e6350633715f","Avery Abara (partner6.example.com)","avery.abara_partner6.example.com#EXT#@example.onmicrosoft.com","avery.abara@partner6.example.com","Guest","True","2026-02-17T17:14:01Z","","","","","",""
"2026-09-01","a02b96fa-eed6-ce68-6f07-ae284a76274e","Parker Takahashi (partner7.example.com)","parker.takahashi_partner7.example.com#EXT#@example.onmicrosoft.com","parker.takahashi@partner7.example.com","Guest","True","2026-02-17T13:08:46Z","","","","","",""
"2026-09-01","a35d431e-0643-0355-f718-ee18c51c9bbf","Casey Okonkwo (partner8.example.com)","casey.okonkwo_partner8.example.com#EXT#@example.onmicrosoft.com","casey.okonkwo@partner8.example.com","Guest","True","2026-02-26T18:52:10Z","","","","","",""
"2026-09-01","fae8de87-a338-24e4-d950-324077e84233","Vale Petrov (partner9.example.com)","vale.petrov_partner9.example.com#EXT#@example.onmicrosoft.com","vale.petrov@partner9.example.com","Guest","True","2026-07-03T13:10:28Z","","","","","",""
"2026-09-01","0ab03139-29b2-4be1-c6ce-c440bc7fba48","Indigo Rasmussen (partner10.example.com)","indigo.rasmussen_partner10.example.com#EXT#@example.onmicrosoft.com","indigo.rasmussen@partner10.example.com","Guest","True","2026-02-09T16:05:39Z","","","","","",""
"2026-09-01","afb36c7d-8880-f1ce-a5b7-492df0bb428d","Logan Fontaine (partner11.example.com)","logan.fontaine_partner11.example.com#EXT#@example.onmicrosoft.com","logan.fontaine@partner11.example.com","Guest","False","2026-07-10T19:26:37Z","","","","","",""
"2026-09-01","4b9a563d-652c-abff-7498-174e3c71cada","Noor Yilmaz (partner12.example.com)","noor.yilmaz_partner12.example.com#EXT#@example.onmicrosoft.com","noor.yilmaz@partner12.example.com","Guest","False","2026-05-04T09:11:10Z","","","","","",""
"2026-09-01","50f4ba87-b91b-913b-9b0a-6c1dc7f10fcd","Oakley Xiong (partner1.example.com)","oakley.xiong_partner1.example.com#EXT#@example.onmicrosoft.com","oakley.xiong@partner1.example.com","Guest","False","2026-06-27T10:00:48Z","","","","","",""
"2026-09-01","86a4ade9-23ca-78f8-f180-48fb9401e02f","Drew Lindqvist (partner2.example.com)","drew.lindqvist_partner2.example.com#EXT#@example.onmicrosoft.com","drew.lindqvist@partner2.example.com","Guest","False","2026-04-06T13:38:58Z","","","","","",""
"2026-09-01","7fd125a7-29ec-51b4-e4f6-84a2facf791e","Harper Rasmussen (partner3.example.com)","harper.rasmussen_partner3.example.com#EXT#@example.onmicrosoft.com","harper.rasmussen@partner3.example.com","Guest","False","2026-01-19T14:30:04Z","","","","","",""
"2026-09-01","e7eb9634-5fe4-505a-5220-005bd1e0affc","Emery Yilmaz (partner4.example.com)","emery.yilmaz_partner4.example.com#EXT#@example.onmicrosoft.com","emery.yilmaz@partner4.example.com","Guest","True","2026-07-07T11:45:24Z","","","","","",""
"2026-09-01","b7f3c38a-68a2-7f10-bbf9-0f9f42a07f26","Avery Haddad (partner5.example.com)","avery.haddad_partner5.example.com#EXT#@example.onmicrosoft.com","avery.haddad@partner5.example.com","Guest","False","2026-02-20T14:24:25Z","","","","","",""
"2026-09-01","7660dd0f-bbd8-cf76-8d5f-685ef3c160f3","Wren Fontaine (partner6.example.com)","wren.fontaine_partner6.example.com#EXT#@example.onmicrosoft.com","wren.fontaine@partner6.example.com","Guest","False","2026-03-12T11:01:05Z","","","","","",""
"2026-09-01","dafb4783-e9f9-cbba-00a2-5a8236e4ccd1","Harper Gallagher (partner7.example.com)","harper.gallagher_partner7.example.com#EXT#@example.onmicrosoft.com","harper.gallagher@partner7.example.com","Guest","True","2026-02-25T17:33:41Z","","","","","",""
"2026-09-01","573523d0-ac85-4e28-1a38-2ed3b2667fa4","Parker Nakamura (partner8.example.com)","parker.nakamura_partner8.example.com#EXT#@example.onmicrosoft.com","parker.nakamura@partner8.example.com","Guest","True","2026-04-08T13:43:53Z","","","","","",""
"2026-09-01","39a36998-9e60-6007-f628-c684737bf531","Logan Vasquez (partner9.example.com)","logan.vasquez_partner9.example.com#EXT#@example.onmicrosoft.com","logan.vasquez@partner9.example.com","Guest","True","2026-03-12T17:03:40Z","","","","","",""
"2026-09-01","02812435-de63-505c-e3ec-438515b99a26","Umi Ibarra (partner10.example.com)","umi.ibarra_partner10.example.com#EXT#@example.onmicrosoft.com","umi.ibarra@partner10.example.com","Guest","True","2026-01-21T15:16:10Z","","","","","",""
"2026-09-01","461ad64d-5976-8d07-ef2b-7a855e934a69","Logan Xiong (partner11.example.com)","logan.xiong_partner11.example.com#EXT#@example.onmicrosoft.com","logan.xiong@partner11.example.com","Guest","True","2026-04-05T10:01:01Z","","","","","",""
"2026-09-01","5c23838b-802a-b9de-9b16-0741096d923b","Drew Eriksen (partner12.example.com)","drew.eriksen_partner12.example.com#EXT#@example.onmicrosoft.com","drew.eriksen@partner12.example.com","Guest","True","2026-02-02T12:08:17Z","","","","","",""
"2026-09-01","16b624eb-2eba-0873-cfea-d6e431c4aa9b","Casey Kowalski (partner1.example.com)","casey.kowalski_partner1.example.com#EXT#@example.onmicrosoft.com","casey.kowalski@partner1.example.com","Guest","True","2026-03-27T18:10:21Z","","","","","",""
"2026-09-01","f2d3f7b4-77d6-305a-0c3e-5b28a2e1e793","Noor Jovanovic (partner2.example.com)","noor.jovanovic_partner2.example.com#EXT#@example.onmicrosoft.com","noor.jovanovic@partner2.example.com","Guest","True","2026-05-01T12:22:53Z","","","","","",""
"2026-09-01","b1ab51d4-c027-b901-9f06-37a016f8727c","Yael Fontaine (partner3.example.com)","yael.fontaine_partner3.example.com#EXT#@example.onmicrosoft.com","yael.fontaine@partner3.example.com","Guest","True","2026-04-05T18:33:22Z","","","","","",""
"2026-09-01","40a0f0ef-ed1f-f096-6d02-25ae7ee57d59","Yael Bergstrom (partner4.example.com)","yael.bergstrom_partner4.example.com#EXT#@example.onmicrosoft.com","yael.bergstrom@partner4.example.com","Guest","True","2026-04-04T13:59:44Z","","","","","",""
"2026-09-01","94daa1a3-aa11-1570-0237-d061788018a0","Finley Haddad (partner5.example.com)","finley.haddad_partner5.example.com#EXT#@example.onmicrosoft.com","finley.haddad@partner5.example.com","Guest","True","2026-02-17T08:52:35Z","","","","","",""
"2026-09-01","e5072603-ccba-90ae-017b-4cbb5b5c57b4","Blair Kowalski (partner6.example.com)","blair.kowalski_partner6.example.com#EXT#@example.onmicrosoft.com","blair.kowalski@partner6.example.com","Guest","True","2026-01-31T11:21:58Z","","","","","",""
"2026-09-01","72c24b7a-616e-9ed1-0d84-6930486a21d0","Reese Ibarra (partner7.example.com)","reese.ibarra_partner7.example.com#EXT#@example.onmicrosoft.com","reese.ibarra@partner7.example.com","Guest","True","2026-01-14T19:17:52Z","","","","","",""
"2026-09-01","0cfd5c91-45a3-76d6-5263-cd8e0deaeabd","Finley Petrov (partner8.example.com)","finley.petrov_partner8.example.com#EXT#@example.onmicrosoft.com","finley.petrov@partner8.example.com","Guest","True","2026-06-01T15:22:52Z","","","","","",""
"2026-09-01","2eef2af4-2aac-b53d-d074-a100e1235ad1","Yael Silva (partner9.example.com)","yael.silva_partner9.example.com#EXT#@example.onmicrosoft.com","yael.silva@partner9.example.com","Guest","True","2026-03-07T12:16:18Z","","","","","",""
"2026-09-01","4e84cc4d-d6d1-248d-50ab-8724b6a35057","Blair Jovanovic (partner10.example.com)","blair.jovanovic_partner10.example.com#EXT#@example.onmicrosoft.com","blair.jovanovic@partner10.example.com","Guest","True","2026-01-15T14:36:07Z","","","","","",""
"2026-09-01","12869724-5830-e031-dc71-3182a3ca73bc","Blair Eriksen (partner11.example.com)","blair.eriksen_partner11.example.com#EXT#@example.onmicrosoft.com","blair.eriksen@partner11.example.com","Guest","True","2026-01-24T10:38:16Z","","","","","",""
"2026-09-01","25daae7b-21bd-0422-b1f6-9e3e7a2ff3d6","Drew Quintero (partner12.example.com)","drew.quintero_partner12.example.com#EXT#@example.onmicrosoft.com","drew.quintero@partner12.example.com","Guest","True","2026-08-12T15:49:08Z","","","","","",""
"2026-09-01","c5c53719-e6ff-ad4a-dd82-05b6b3105f9f","Drew Fontaine (partner1.example.com)","drew.fontaine_partner1.example.com#EXT#@example.onmicrosoft.com","drew.fontaine@partner1.example.com","Guest","True","2026-04-15T16:45:13Z","","","","","",""
"2026-09-01","29b1307b-a5d3-5ed1-08eb-3eecf6b7f3cd","Yael Ibarra (partner2.example.com)","yael.ibarra_partner2.example.com#EXT#@example.onmicrosoft.com","yael.ibarra@partner2.example.com","Guest","True","2026-08-21T18:08:50Z","","","","","",""
"2026-09-01","fe2bbf17-9336-462d-6b1a-fcb3ae60e455","Blair Kowalski (partner3.example.com)","blair.kowalski_partner3.example.com#EXT#@example.onmicrosoft.com","blair.kowalski@partner3.example.com","Guest","True","2026-07-22T11:29:12Z","","","","","",""
"2026-09-01","658d8760-7df8-76f1-8d12-320ab4abbfb0","Yael Haddad (partner4.example.com)","yael.haddad_partner4.example.com#EXT#@example.onmicrosoft.com","yael.haddad@partner4.example.com","Guest","True","2026-05-08T09:26:08Z","","","","","",""
"2026-09-01","b1d60cd2-c41e-a635-33a5-b905217ec138","Sage Nakamura (partner5.example.com)","sage.nakamura_partner5.example.com#EXT#@example.onmicrosoft.com","sage.nakamura@partner5.example.com","Guest","True","2026-03-11T18:44:33Z","","","","","",""
"2026-09-01","f0ce2995-b75c-3458-aae5-9fdcf46dd40d","Reese Moreau (partner6.example.com)","reese.moreau_partner6.example.com#EXT#@example.onmicrosoft.com","reese.moreau@partner6.example.com","Guest","True","2026-01-09T18:03:25Z","","","","","",""
"2026-09-01","1d030fb2-009f-5698-2f0b-d8424902aced","Blair Delacroix (partner7.example.com)","blair.delacroix_partner7.example.com#EXT#@example.onmicrosoft.com","blair.delacroix@partner7.example.com","Guest","True","2026-07-06T13:32:48Z","","","","","",""
"2026-09-01","4210d1df-444c-0352-0449-308d469e449d","Sage Xiong (partner8.example.com)","sage.xiong_partner8.example.com#EXT#@example.onmicrosoft.com","sage.xiong@partner8.example.com","Guest","True","2026-05-05T13:07:17Z","","","","","",""
"2026-09-01","fd7aa7f1-51e6-4de0-21c6-46ecbf93f045","Jordan Abara (partner9.example.com)","jordan.abara_partner9.example.com#EXT#@example.onmicrosoft.com","jordan.abara@partner9.example.com","Guest","True","2026-01-28T07:56:30Z","","","","","",""
"2026-09-01","ea81087d-4636-4ac3-53aa-880663dfadf8","Yael Fontaine (partner10.example.com)","yael.fontaine_partner10.example.com#EXT#@example.onmicrosoft.com","yael.fontaine@partner10.example.com","Guest","True","2026-03-18T11:52:43Z","","","","","",""
"2026-09-01","f76b380c-3af5-8586-d3d7-cb368f002974","Kai Bergstrom (partner11.example.com)","kai.bergstrom_partner11.example.com#EXT#@example.onmicrosoft.com","kai.bergstrom@partner11.example.com","Guest","True","2026-04-01T15:50:35Z","","","","","",""
"2026-09-01","db5625e8-f6c3-fff4-398a-df5cb54e80dd","Umi Xiong (partner12.example.com)","umi.xiong_partner12.example.com#EXT#@example.onmicrosoft.com","umi.xiong@partner12.example.com","Guest","True","2026-01-29T09:55:08Z","","","","","",""
"2026-09-01","2e37ffce-ce9f-c07b-5161-2ff713d54290","Logan Nakamura (partner1.example.com)","logan.nakamura_partner1.example.com#EXT#@example.onmicrosoft.com","logan.nakamura@partner1.example.com","Guest","True","2026-02-21T18:50:11Z","","","","","",""
"2026-09-01","9145356f-c0fc-c57a-28f4-c70beb10e1f5","Kai Ibarra (partner2.example.com)","kai.ibarra_partner2.example.com#EXT#@example.onmicrosoft.com","kai.ibarra@partner2.example.com","Guest","True","2026-01-19T13:07:53Z","","","","","",""
"2026-09-01","5f6e7e00-1588-dc5b-5e45-7bbf646e7d4e","Reese Quintero (partner3.example.com)","reese.quintero_partner3.example.com#EXT#@example.onmicrosoft.com","reese.quintero@partner3.example.com","Guest","True","2026-03-11T15:44:49Z","","","","","",""
"2026-09-01","1701bf74-e630-7200-c0fb-57c96cb1af0f","Drew Haddad (partner4.example.com)","drew.haddad_partner4.example.com#EXT#@example.onmicrosoft.com","drew.haddad@partner4.example.com","Guest","True","2026-07-22T19:10:31Z","","","","","",""
"2026-09-01","7bd7d595-d37c-2fec-a19c-da461494bef2","Reese Rasmussen (partner5.example.com)","reese.rasmussen_partner5.example.com#EXT#@example.onmicrosoft.com","reese.rasmussen@partner5.example.com","Guest","True","2026-06-21T18:53:54Z","","","","","",""
"2026-09-01","349e3521-8e29-796d-502b-9b447f84dc3c","Zephyr Zawadzki (partner6.example.com)","zephyr.zawadzki_partner6.example.com#EXT#@example.onmicrosoft.com","zephyr.zawadzki@partner6.example.com","Guest","True","2026-08-14T07:36:05Z","","","","","",""
"2026-09-01","7ed6c67c-32ca-15a9-b1b7-916d734bd99b","Jordan Eriksen (partner7.example.com)","jordan.eriksen_partner7.example.com#EXT#@example.onmicrosoft.com","jordan.eriksen@partner7.example.com","Guest","True","2026-07-10T16:55:05Z","","","","","",""
"2026-09-01","3cdf686f-d6b7-15a2-11a6-a2d160689b69","Vale Quintero (partner8.example.com)","vale.quintero_partner8.example.com#EXT#@example.onmicrosoft.com","vale.quintero@partner8.example.com","Guest","True","2026-07-26T14:21:53Z","","","","","",""
"2026-09-01","09112870-33be-d278-c340-367500baca5e","Finley Lindqvist (partner9.example.com)","finley.lindqvist_partner9.example.com#EXT#@example.onmicrosoft.com","finley.lindqvist@partner9.example.com","Guest","True","2026-06-22T08:44:50Z","","","","","",""
"2026-09-01","865863f7-f3d7-cc9b-6679-0308e76f598e","Finley Chaudhry (partner10.example.com)","finley.chaudhry_partner10.example.com#EXT#@example.onmicrosoft.com","finley.chaudhry@partner10.example.com","Guest","True","2026-05-12T18:58:21Z","","","","","",""
"2026-09-01","82b72ff3-795a-db69-3b14-7a3d6942da33","Xan Ibarra (partner11.example.com)","xan.ibarra_partner11.example.com#EXT#@example.onmicrosoft.com","xan.ibarra@partner11.example.com","Guest","True","2026-07-31T15:58:30Z","","","","","",""
"2026-09-01","06bf4364-168b-79d7-006b-15e31f8a9f0c","Zephyr Bergstrom (partner12.example.com)","zephyr.bergstrom_partner12.example.com#EXT#@example.onmicrosoft.com","zephyr.bergstrom@partner12.example.com","Guest","True","2026-04-30T09:12:52Z","","","","","",""
